2026-05-04 01:03:09.467 WARNING (SyncWorker_0) [homeassistant.loader] We found a custom integration recording_climate which has not been tested by Home Assistant. This component might cause stability problems, be sure to disable it if you experience issues with Home Assistant
2026-05-04 01:03:09.472 WARNING (SyncWorker_0) [homeassistant.loader] We found a custom integration multisplit_zone_controller which has not been tested by Home Assistant. This component might cause stability problems, be sure to disable it if you experience issues with Home Assistant
2026-05-04 01:03:09.699 INFO (MainThread) [homeassistant.setup] Setting up system_log
2026-05-04 01:03:09.726 INFO (MainThread) [homeassistant.setup] Setup of domain logger took 0.03 seconds
2026-05-04 01:03:09.726 INFO (MainThread) [homeassistant.setup] Setup of domain system_log took 0.03 seconds
2026-05-04 01:03:09.727 INFO (MainThread) [homeassistant.setup] Setup of domain http took 0.03 seconds
2026-05-04 01:03:09.727 INFO (MainThread) [homeassistant.setup] Setting up websocket_api
2026-05-04 01:03:09.727 INFO (MainThread) [homeassistant.setup] Setup of domain websocket_api took 0.00 seconds
2026-05-04 01:03:09.728 INFO (MainThread) [homeassistant.setup] Setting up network
2026-05-04 01:03:09.729 INFO (MainThread) [homeassistant.setup] Setup of domain network took 0.00 seconds
2026-05-04 01:03:09.729 INFO (MainThread) [homeassistant.bootstrap] Setting up stage labs: {'labs'}; already set up: {}
Dependencies: {}; already set up: {}
2026-05-04 01:03:09.729 INFO (MainThread) [homeassistant.setup] Setting up labs
2026-05-04 01:03:09.729 INFO (MainThread) [homeassistant.setup] Setup of domain labs took 0.00 seconds
2026-05-04 01:03:09.729 INFO (MainThread) [homeassistant.bootstrap] Setting up stage frontend: {'frontend'}; already set up: {}
Dependencies: {'config', 'search', 'auth', 'onboarding', 'lovelace', 'diagnostics', 'device_automation', 'repairs', 'api', 'file_upload'}; already set up: {'websocket_api', 'http', 'system_log'}
2026-05-04 01:03:09.729 INFO (MainThread) [homeassistant.setup] Setting up config
2026-05-04 01:03:09.730 INFO (MainThread) [homeassistant.setup] Setup of domain config took 0.00 seconds
2026-05-04 01:03:09.730 INFO (MainThread) [homeassistant.setup] Setting up search
2026-05-04 01:03:09.730 INFO (MainThread) [homeassistant.setup] Setup of domain search took 0.00 seconds
2026-05-04 01:03:09.730 INFO (MainThread) [homeassistant.setup] Setting up auth
2026-05-04 01:03:09.731 INFO (MainThread) [homeassistant.setup] Setup of domain auth took 0.00 seconds
2026-05-04 01:03:09.731 INFO (MainThread) [homeassistant.setup] Setting up onboarding
2026-05-04 01:03:09.731 INFO (MainThread) [homeassistant.setup] Setup of domain onboarding took 0.00 seconds
2026-05-04 01:03:09.731 INFO (MainThread) [homeassistant.setup] Setting up lovelace
2026-05-04 01:03:09.731 INFO (MainThread) [homeassistant.setup] Setting up api
2026-05-04 01:03:09.731 INFO (MainThread) [homeassistant.setup] Setup of domain api took 0.00 seconds
2026-05-04 01:03:09.731 INFO (MainThread) [homeassistant.setup] Setting up device_automation
2026-05-04 01:03:09.731 INFO (MainThread) [homeassistant.setup] Setup of domain device_automation took 0.00 seconds
2026-05-04 01:03:09.731 INFO (MainThread) [homeassistant.setup] Setting up diagnostics
2026-05-04 01:03:09.732 INFO (MainThread) [homeassistant.setup] Setup of domain diagnostics took 0.00 seconds
2026-05-04 01:03:09.732 INFO (MainThread) [homeassistant.setup] Setting up file_upload
2026-05-04 01:03:09.732 INFO (MainThread) [homeassistant.setup] Setup of domain file_upload took 0.00 seconds
2026-05-04 01:03:09.732 INFO (MainThread) [homeassistant.setup] Setting up repairs
2026-05-04 01:03:09.732 INFO (MainThread) [homeassistant.setup] Setup of domain repairs took 0.00 seconds
2026-05-04 01:03:09.733 INFO (MainThread) [homeassistant.setup] Setup of domain lovelace took 0.00 seconds
2026-05-04 01:03:09.739 INFO (MainThread) [homeassistant.setup] Setting up frontend
2026-05-04 01:03:09.773 INFO (MainThread) [homeassistant.setup] Setup of domain frontend took 0.03 seconds
2026-05-04 01:03:09.774 INFO (MainThread) [homeassistant.bootstrap] Setting up stage recorder: {'recorder'}; already set up: {}
Dependencies: {}; already set up: {}
2026-05-04 01:03:09.841 INFO (MainThread) [homeassistant.components.http] Now listening on port 8123
2026-05-04 01:03:09.842 INFO (MainThread) [homeassistant.setup] Setup of domain http took 0.07 seconds
2026-05-04 01:03:10.037 INFO (MainThread) [homeassistant.setup] Setting up recorder
2026-05-04 01:03:10.075 INFO (MainThread) [homeassistant.setup] Setup of domain recorder took 0.04 seconds
2026-05-04 01:03:10.075 INFO (MainThread) [homeassistant.bootstrap] Nothing to set up in stage debugger: {'debugpy'}
2026-05-04 01:03:10.075 INFO (MainThread) [homeassistant.bootstrap] Setting up stage zeroconf: {'zeroconf'}; already set up: {}
Dependencies: {}; already set up: {'websocket_api', 'http', 'network', 'api'}
2026-05-04 01:03:10.075 INFO (MainThread) [homeassistant.setup] Setting up zeroconf
2026-05-04 01:03:10.079 INFO (MainThread) [homeassistant.components.zeroconf] Starting Zeroconf broadcast
2026-05-04 01:03:10.079 INFO (MainThread) [homeassistant.setup] Setup of domain zeroconf took 0.00 seconds
2026-05-04 01:03:10.079 INFO (MainThread) [homeassistant.bootstrap] Setting up stage 1: {'ssdp', 'usb', 'dhcp', 'cloud', 'bluetooth'}; already set up: {}
Dependencies: {'wake_word', 'conversation', 'stt', 'tts', 'backup', 'ffmpeg', 'webhook', 'web_rtc', 'assist_pipeline', 'intent', 'media_player'}; already set up: {'auth', 'websocket_api', 'http', 'repairs', 'network'}
2026-05-04 01:03:10.079 INFO (MainThread) [homeassistant.setup] Setting up media_player
2026-05-04 01:03:10.081 INFO (MainThread) [homeassistant.setup] Setup of domain media_player took 0.00 seconds
2026-05-04 01:03:10.081 INFO (MainThread) [homeassistant.setup] Setting up webhook
2026-05-04 01:03:10.081 INFO (MainThread) [homeassistant.setup] Setup of domain webhook took 0.00 seconds
2026-05-04 01:03:10.081 INFO (MainThread) [homeassistant.setup] Setting up backup
2026-05-04 01:03:10.083 INFO (MainThread) [homeassistant.setup] Setup of domain backup took 0.00 seconds
2026-05-04 01:03:10.085 INFO (MainThread) [homeassistant.setup] Setting up wake_word
2026-05-04 01:03:10.085 INFO (MainThread) [homeassistant.setup] Setup of domain wake_word took 0.00 seconds
2026-05-04 01:03:10.088 INFO (MainThread) [homeassistant.setup] Setting up stt
2026-05-04 01:03:10.088 INFO (MainThread) [homeassistant.setup] Setup of domain stt took 0.00 seconds
2026-05-04 01:03:10.091 INFO (MainThread) [homeassistant.setup] Setting up ffmpeg
2026-05-04 01:03:10.091 INFO (MainThread) [homeassistant.setup] Setup of domain ffmpeg took 0.00 seconds
2026-05-04 01:03:10.103 INFO (MainThread) [homeassistant.setup] Setting up intent
2026-05-04 01:03:10.103 INFO (MainThread) [homeassistant.setup] Setup of domain intent took 0.00 seconds
2026-05-04 01:03:10.289 INFO (MainThread) [homeassistant.setup] Setting up ssdp
2026-05-04 01:03:10.294 INFO (MainThread) [homeassistant.setup] Setup of domain ssdp took 0.00 seconds
2026-05-04 01:03:10.302 INFO (MainThread) [homeassistant.setup] Setting up usb
2026-05-04 01:03:10.302 INFO (MainThread) [homeassistant.setup] Setup of domain usb took 0.00 seconds
2026-05-04 01:03:10.323 INFO (MainThread) [homeassistant.setup] Setting up dhcp
2026-05-04 01:03:10.324 INFO (MainThread) [homeassistant.setup] Setup of domain dhcp took 0.00 seconds
2026-05-04 01:03:10.325 INFO (MainThread) [homeassistant.setup] Setting up web_rtc
2026-05-04 01:03:10.325 INFO (MainThread) [homeassistant.setup] Setup of domain web_rtc took 0.00 seconds
2026-05-04 01:03:10.340 INFO (MainThread) [homeassistant.setup] Setting up tts
2026-05-04 01:03:10.344 INFO (MainThread) [homeassistant.setup] Setup of domain tts took 0.00 seconds
2026-05-04 01:03:10.396 INFO (MainThread) [homeassistant.setup] Setting up conversation
2026-05-04 01:03:10.397 INFO (MainThread) [homeassistant.setup] Setup of domain conversation took 0.00 seconds
2026-05-04 01:03:10.406 INFO (MainThread) [homeassistant.setup] Setting up bluetooth
2026-05-04 01:03:10.412 INFO (MainThread) [homeassistant.setup] Setting up event
2026-05-04 01:03:10.413 INFO (MainThread) [homeassistant.setup] Setup of domain event took 0.00 seconds
2026-05-04 01:03:10.414 INFO (MainThread) [homeassistant.components.event] Setting up backup.event
2026-05-04 01:03:10.417 INFO (MainThread) [homeassistant.setup] Setting up sensor
2026-05-04 01:03:10.417 INFO (MainThread) [homeassistant.setup] Setup of domain sensor took 0.00 seconds
2026-05-04 01:03:10.417 INFO (MainThread) [homeassistant.components.sensor] Setting up backup.sensor
2026-05-04 01:03:10.449 INFO (MainThread) [homeassistant.setup] Setup of domain bluetooth took 0.04 seconds
2026-05-04 01:03:10.449 INFO (MainThread) [homeassistant.setup] Setting up assist_pipeline
2026-05-04 01:03:10.450 INFO (MainThread) [homeassistant.setup] Setup of domain assist_pipeline took 0.00 seconds
2026-05-04 01:03:10.573 INFO (MainThread) [homeassistant.setup] Setting up cloud
2026-05-04 01:03:10.576 INFO (MainThread) [homeassistant.setup] Setup of domain cloud took 0.00 seconds
2026-05-04 01:03:10.579 INFO (MainThread) [homeassistant.bootstrap] Setting up stage 2: {'shopping_list', 'go2rtc', 'update', 'humidity', 'assist_satellite', 'input_number', 'switch', 'template', 'input_select', 'default_config', 'garage_door', 'camera', 'input_datetime', 'script', 'lock', 'motion', 'battery', 'door', 'hardware', 'window', 'button', 'analytics', 'binary_sensor', 'occupancy', 'input_button', 'datetime', 'vacuum', 'timer', 'water_heater', 'tag', 'infrared', 'sun', 'image_processing', 'power', 'fan', 'input_boolean', 'image', 'notify', 'temperature', 'geo_location', 'date', 'moisture', 'ai_task', 'counter', 'alarm_control_panel', 'siren', 'text', 'input_text', 'remote', 'system_health', 'automation', 'valve', 'device_tracker', 'radio_browser', 'time', 'person', 'climate', 'application_credentials', 'humidifier', 'scene', 'zone', 'lawn_mower', 'light', 'weather', 'illuminance', 'select', 'gate', 'brands', 'multisplit_zone_controller', 'air_quality', 'cover', 'google_translate', 'schedule', 'number'}; already set up: {'conversation', 'wake_word', 'logger', 'stt', 'event', 'backup', 'tts', 'homeassistant', 'frontend', 'labs', 'network', 'sensor', 'media_player'}
Dependencies: {'mobile_app', 'blueprint', 'homeassistant_alerts', 'history', 'image_upload', 'usage_prediction', 'trace', 'energy', 'media_source', 'stream', 'logbook', 'my', 'file'}; already set up: {'config', 'stt', 'recorder', 'cloud', 'sensor', 'backup', 'web_rtc', 'frontend', 'http', 'network', 'media_player', 'wake_word', 'ssdp', 'usb', 'tts', 'dhcp', 'ffmpeg', 'webhook', 'assist_pipeline', 'diagnostics', 'intent', 'api', 'file_upload', 'conversation', 'search', 'auth', 'onboarding', 'zeroconf', 'lovelace', 'websocket_api', 'device_automation', 'system_log', 'repairs', 'bluetooth'}
2026-05-04 01:03:10.579 INFO (MainThread) [homeassistant.setup] Setting up lock
2026-05-04 01:03:10.579 INFO (MainThread) [homeassistant.setup] Setup of domain lock took 0.00 seconds
2026-05-04 01:03:10.580 INFO (MainThread) [homeassistant.setup] Setting up binary_sensor
2026-05-04 01:03:10.580 INFO (MainThread) [homeassistant.setup] Setup of domain binary_sensor took 0.00 seconds
2026-05-04 01:03:10.580 INFO (MainThread) [homeassistant.setup] Setting up fan
2026-05-04 01:03:10.582 INFO (MainThread) [homeassistant.setup] Setup of domain fan took 0.00 seconds
2026-05-04 01:03:10.583 INFO (MainThread) [homeassistant.setup] Setting up alarm_control_panel
2026-05-04 01:03:10.583 INFO (MainThread) [homeassistant.setup] Setup of domain alarm_control_panel took 0.00 seconds
2026-05-04 01:03:10.583 INFO (MainThread) [homeassistant.setup] Setting up valve
2026-05-04 01:03:10.584 INFO (MainThread) [homeassistant.setup] Setup of domain valve took 0.00 seconds
2026-05-04 01:03:10.584 INFO (MainThread) [homeassistant.setup] Setting up scene
2026-05-04 01:03:10.584 INFO (MainThread) [homeassistant.components.scene] Setting up homeassistant.scene
2026-05-04 01:03:10.585 INFO (MainThread) [homeassistant.setup] Setup of domain scene took 0.00 seconds
2026-05-04 01:03:10.585 INFO (MainThread) [homeassistant.setup] Setting up select
2026-05-04 01:03:10.586 INFO (MainThread) [homeassistant.setup] Setup of domain select took 0.00 seconds
2026-05-04 01:03:10.586 INFO (MainThread) [homeassistant.setup] Setting up image
2026-05-04 01:03:10.587 INFO (MainThread) [homeassistant.setup] Setup of domain image took 0.00 seconds
2026-05-04 01:03:10.587 INFO (MainThread) [homeassistant.setup] Setting up number
2026-05-04 01:03:10.588 INFO (MainThread) [homeassistant.setup] Setup of domain number took 0.00 seconds
2026-05-04 01:03:10.588 INFO (MainThread) [homeassistant.setup] Setting up update
2026-05-04 01:03:10.588 INFO (MainThread) [homeassistant.setup] Setup of domain update took 0.00 seconds
2026-05-04 01:03:10.596 INFO (MainThread) [homeassistant.setup] Setting up switch
2026-05-04 01:03:10.596 INFO (MainThread) [homeassistant.setup] Setting up blueprint
2026-05-04 01:03:10.596 INFO (MainThread) [homeassistant.setup] Setup of domain blueprint took 0.00 seconds
2026-05-04 01:03:10.598 INFO (MainThread) [homeassistant.setup] Setting up template
2026-05-04 01:03:10.598 INFO (MainThread) [homeassistant.setup] Setup of domain template took 0.00 seconds
2026-05-04 01:03:10.598 INFO (MainThread) [homeassistant.components.switch] Setting up template.switch
2026-05-04 01:03:10.601 INFO (MainThread) [homeassistant.setup] Setup of domain switch took 0.01 seconds
2026-05-04 01:03:10.601 INFO (MainThread) [homeassistant.setup] Setting up camera
2026-05-04 01:03:10.602 INFO (MainThread) [homeassistant.setup] Setup of domain camera took 0.00 seconds
2026-05-04 01:03:10.602 INFO (MainThread) [homeassistant.setup] Setting up button
2026-05-04 01:03:10.602 INFO (MainThread) [homeassistant.setup] Setup of domain button took 0.00 seconds
2026-05-04 01:03:10.602 INFO (MainThread) [homeassistant.setup] Setting up vacuum
2026-05-04 01:03:10.603 INFO (MainThread) [homeassistant.setup] Setup of domain vacuum took 0.00 seconds
2026-05-04 01:03:10.603 INFO (MainThread) [homeassistant.setup] Setting up water_heater
2026-05-04 01:03:10.603 INFO (MainThread) [homeassistant.setup] Setup of domain water_heater took 0.00 seconds
2026-05-04 01:03:10.603 INFO (MainThread) [homeassistant.setup] Setting up image_processing
2026-05-04 01:03:10.603 INFO (MainThread) [homeassistant.setup] Setup of domain image_processing took 0.00 seconds
2026-05-04 01:03:10.604 INFO (MainThread) [homeassistant.setup] Setting up notify
2026-05-04 01:03:10.604 INFO (MainThread) [homeassistant.setup] Setup of domain notify took 0.00 seconds
2026-05-04 01:03:10.604 INFO (MainThread) [homeassistant.setup] Setting up media_source
2026-05-04 01:03:10.604 INFO (MainThread) [homeassistant.setup] Setup of domain media_source took 0.00 seconds
2026-05-04 01:03:10.604 INFO (MainThread) [homeassistant.setup] Setting up zone
2026-05-04 01:03:10.605 INFO (MainThread) [homeassistant.setup] Setup of domain zone took 0.00 seconds
2026-05-04 01:03:10.605 INFO (MainThread) [homeassistant.setup] Setting up device_tracker
2026-05-04 01:03:10.606 INFO (MainThread) [homeassistant.setup] Setup of domain device_tracker took 0.00 seconds
2026-05-04 01:03:10.606 INFO (MainThread) [homeassistant.setup] Setting up humidifier
2026-05-04 01:03:10.606 INFO (MainThread) [homeassistant.setup] Setup of domain humidifier took 0.00 seconds
2026-05-04 01:03:10.606 INFO (MainThread) [homeassistant.setup] Setting up lawn_mower
2026-05-04 01:03:10.606 INFO (MainThread) [homeassistant.setup] Setup of domain lawn_mower took 0.00 seconds
2026-05-04 01:03:10.606 INFO (MainThread) [homeassistant.setup] Setting up light
2026-05-04 01:03:10.608 INFO (MainThread) [homeassistant.setup] Setup of domain light took 0.00 seconds
2026-05-04 01:03:10.608 INFO (MainThread) [homeassistant.setup] Setting up weather
2026-05-04 01:03:10.608 INFO (MainThread) [homeassistant.setup] Setup of domain weather took 0.00 seconds
2026-05-04 01:03:10.608 INFO (MainThread) [homeassistant.setup] Setting up remote
2026-05-04 01:03:10.609 INFO (MainThread) [homeassistant.setup] Setup of domain remote took 0.00 seconds
2026-05-04 01:03:10.609 INFO (MainThread) [homeassistant.setup] Setting up cover
2026-05-04 01:03:10.609 INFO (MainThread) [homeassistant.setup] Setup of domain cover took 0.00 seconds
2026-05-04 01:03:10.610 INFO (MainThread) [homeassistant.setup] Setting up input_select
2026-05-04 01:03:10.610 INFO (MainThread) [homeassistant.setup] Setting up trace
2026-05-04 01:03:10.610 INFO (MainThread) [homeassistant.setup] Setup of domain trace took 0.00 seconds
2026-05-04 01:03:10.610 INFO (MainThread) [homeassistant.setup] Setting up script
2026-05-04 01:03:10.610 INFO (MainThread) [homeassistant.setup] Setup of domain script took 0.00 seconds
2026-05-04 01:03:10.610 INFO (MainThread) [homeassistant.setup] Setting up image_upload
2026-05-04 01:03:10.611 INFO (MainThread) [homeassistant.setup] Setup of domain image_upload took 0.00 seconds
2026-05-04 01:03:10.611 INFO (MainThread) [homeassistant.setup] Setting up person
2026-05-04 01:03:10.611 INFO (MainThread) [homeassistant.setup] Setting up history
2026-05-04 01:03:10.611 INFO (MainThread) [homeassistant.setup] Setup of domain history took 0.00 seconds
2026-05-04 01:03:10.612 INFO (MainThread) [homeassistant.setup] Setting up input_boolean
2026-05-04 01:03:10.612 INFO (MainThread) [homeassistant.setup] Setting up system_health
2026-05-04 01:03:10.612 INFO (MainThread) [homeassistant.setup] Setup of domain system_health took 0.00 seconds
2026-05-04 01:03:10.612 INFO (MainThread) [homeassistant.setup] Setting up logbook
2026-05-04 01:03:10.612 INFO (MainThread) [homeassistant.setup] Setup of domain logbook took 0.00 seconds
2026-05-04 01:03:10.613 INFO (MainThread) [homeassistant.setup] Setting up input_number
2026-05-04 01:03:10.613 INFO (MainThread) [homeassistant.setup] Setting up stream
2026-05-04 01:03:10.614 INFO (MainThread) [homeassistant.setup] Setting up input_button
2026-05-04 01:03:10.614 INFO (MainThread) [homeassistant.setup] Setup of domain input_button took 0.00 seconds
2026-05-04 01:03:10.615 INFO (MainThread) [homeassistant.setup] Setting up timer
2026-05-04 01:03:10.615 INFO (MainThread) [homeassistant.setup] Setup of domain timer took 0.00 seconds
2026-05-04 01:03:10.615 INFO (MainThread) [homeassistant.setup] Setting up automation
2026-05-04 01:03:10.615 INFO (MainThread) [homeassistant.setup] Setup of domain automation took 0.00 seconds
2026-05-04 01:03:10.615 INFO (MainThread) [homeassistant.components.sensor] Setting up template.sensor
2026-05-04 01:03:10.617 INFO (MainThread) [homeassistant.setup] Setup of domain input_select took 0.01 seconds
2026-05-04 01:03:10.617 INFO (MainThread) [homeassistant.setup] Setup of domain person took 0.01 seconds
2026-05-04 01:03:10.617 INFO (MainThread) [homeassistant.setup] Setup of domain input_boolean took 0.01 seconds
2026-05-04 01:03:10.618 INFO (MainThread) [homeassistant.setup] Setup of domain input_number took 0.00 seconds
2026-05-04 01:03:10.621 INFO (MainThread) [homeassistant.setup] Setting up assist_satellite
2026-05-04 01:03:10.622 INFO (MainThread) [homeassistant.setup] Setup of domain assist_satellite took 0.00 seconds
2026-05-04 01:03:10.660 INFO (MainThread) [homeassistant.setup] Setting up geo_location
2026-05-04 01:03:10.660 INFO (MainThread) [homeassistant.setup] Setup of domain geo_location took 0.00 seconds
2026-05-04 01:03:10.663 INFO (MainThread) [homeassistant.setup] Setting up date
2026-05-04 01:03:10.663 INFO (MainThread) [homeassistant.setup] Setup of domain date took 0.00 seconds
2026-05-04 01:03:10.700 INFO (MainThread) [homeassistant.setup] Setup of domain stream took 0.09 seconds
2026-05-04 01:03:10.700 INFO (MainThread) [homeassistant.setup] Setting up text
2026-05-04 01:03:10.700 INFO (MainThread) [homeassistant.setup] Setup of domain text took 0.00 seconds
2026-05-04 01:03:10.702 INFO (MainThread) [homeassistant.setup] Setting up time
2026-05-04 01:03:10.702 INFO (MainThread) [homeassistant.setup] Setup of domain time took 0.00 seconds
2026-05-04 01:03:10.736 INFO (MainThread) [homeassistant.setup] Setting up climate
2026-05-04 01:03:10.736 INFO (MainThread) [homeassistant.components.climate] Setting up recording_climate.climate
2026-05-04 01:03:10.736 INFO (MainThread) [homeassistant.components.climate] Setting up recording_climate.climate
2026-05-04 01:03:10.736 INFO (MainThread) [homeassistant.components.climate] Setting up recording_climate.climate
2026-05-04 01:03:10.737 INFO (MainThread) [homeassistant.setup] Setup of domain climate took 0.00 seconds
2026-05-04 01:03:10.741 INFO (MainThread) [homeassistant.setup] Setting up air_quality
2026-05-04 01:03:10.741 INFO (MainThread) [homeassistant.setup] Setup of domain air_quality took 0.00 seconds
2026-05-04 01:03:10.744 INFO (MainThread) [homeassistant.setup] Setting up datetime
2026-05-04 01:03:10.744 INFO (MainThread) [homeassistant.setup] Setup of domain datetime took 0.00 seconds
2026-05-04 01:03:10.749 INFO (MainThread) [homeassistant.setup] Setting up infrared
2026-05-04 01:03:10.749 INFO (MainThread) [homeassistant.setup] Setup of domain infrared took 0.00 seconds
2026-05-04 01:03:10.750 INFO (MainThread) [homeassistant.setup] Setting up ai_task
2026-05-04 01:03:10.750 INFO (MainThread) [homeassistant.setup] Setup of domain ai_task took 0.00 seconds
2026-05-04 01:03:10.752 INFO (MainThread) [homeassistant.setup] Setting up siren
2026-05-04 01:03:10.752 INFO (MainThread) [homeassistant.setup] Setup of domain siren took 0.00 seconds
2026-05-04 01:03:10.766 INFO (MainThread) [homeassistant.setup] Setting up shopping_list
2026-05-04 01:03:10.766 INFO (MainThread) [homeassistant.setup] Setup of domain shopping_list took 0.00 seconds
2026-05-04 01:03:10.777 INFO (MainThread) [homeassistant.setup] Setting up go2rtc
2026-05-04 01:03:10.781 INFO (MainThread) [homeassistant.setup] Setting up motion
2026-05-04 01:03:10.781 INFO (MainThread) [homeassistant.setup] Setup of domain motion took 0.00 seconds
2026-05-04 01:03:10.784 INFO (MainThread) [homeassistant.setup] Setting up door
2026-05-04 01:03:10.784 INFO (MainThread) [homeassistant.setup] Setup of domain door took 0.00 seconds
2026-05-04 01:03:10.790 INFO (MainThread) [homeassistant.setup] Setting up hardware
2026-05-04 01:03:10.801 INFO (MainThread) [homeassistant.setup] Setting up tag
2026-05-04 01:03:10.802 INFO (MainThread) [homeassistant.setup] Setup of domain tag took 0.00 seconds
2026-05-04 01:03:10.807 INFO (MainThread) [homeassistant.setup] Setting up energy
2026-05-04 01:03:10.808 INFO (MainThread) [homeassistant.setup] Setup of domain energy took 0.00 seconds
2026-05-04 01:03:10.812 INFO (MainThread) [homeassistant.setup] Setting up sun
2026-05-04 01:03:10.812 INFO (MainThread) [homeassistant.setup] Setup of domain sun took 0.00 seconds
2026-05-04 01:03:10.813 INFO (MainThread) [homeassistant.components.binary_sensor] Setting up sun.binary_sensor
2026-05-04 01:03:10.813 INFO (MainThread) [homeassistant.components.sensor] Setting up sun.sensor
2026-05-04 01:03:10.819 INFO (MainThread) [homeassistant.setup] Setting up power
2026-05-04 01:03:10.819 INFO (MainThread) [homeassistant.setup] Setup of domain power took 0.00 seconds
2026-05-04 01:03:10.819 INFO (MainThread) [homeassistant.setup] Setting up moisture
2026-05-04 01:03:10.819 INFO (MainThread) [homeassistant.setup] Setup of domain moisture took 0.00 seconds
2026-05-04 01:03:10.819 INFO (MainThread) [homeassistant.setup] Setting up counter
2026-05-04 01:03:10.820 INFO (MainThread) [homeassistant.setup] Setup of domain counter took 0.00 seconds
2026-05-04 01:03:10.820 INFO (MainThread) [homeassistant.setup] Setup of domain hardware took 0.03 seconds
2026-05-04 01:03:10.820 INFO (MainThread) [homeassistant.setup] Setting up input_text
2026-05-04 01:03:10.820 INFO (MainThread) [homeassistant.setup] Setup of domain input_text took 0.00 seconds
2026-05-04 01:03:10.854 INFO (MainThread) [homeassistant.setup] Setup of domain go2rtc took 0.08 seconds
2026-05-04 01:03:10.857 INFO (MainThread) [homeassistant.setup] Setting up radio_browser
2026-05-04 01:03:10.857 INFO (MainThread) [homeassistant.setup] Setup of domain radio_browser took 0.00 seconds
2026-05-04 01:03:10.859 INFO (MainThread) [homeassistant.setup] Setting up application_credentials
2026-05-04 01:03:10.859 INFO (MainThread) [homeassistant.setup] Setup of domain application_credentials took 0.00 seconds
2026-05-04 01:03:10.860 INFO (MainThread) [homeassistant.setup] Setting up usage_prediction
2026-05-04 01:03:10.860 INFO (MainThread) [homeassistant.setup] Setup of domain usage_prediction took 0.00 seconds
2026-05-04 01:03:10.860 INFO (MainThread) [homeassistant.setup] Setting up gate
2026-05-04 01:03:10.860 INFO (MainThread) [homeassistant.setup] Setup of domain gate took 0.00 seconds
2026-05-04 01:03:10.860 INFO (MainThread) [homeassistant.setup] Setting up brands
2026-05-04 01:03:10.860 INFO (MainThread) [homeassistant.setup] Setup of domain brands took 0.00 seconds
2026-05-04 01:03:10.861 INFO (MainThread) [homeassistant.setup] Setting up google_translate
2026-05-04 01:03:10.861 INFO (MainThread) [homeassistant.setup] Setup of domain google_translate took 0.00 seconds
2026-05-04 01:03:10.864 INFO (MainThread) [homeassistant.setup] Setting up schedule
2026-05-04 01:03:10.865 INFO (MainThread) [homeassistant.setup] Setup of domain schedule took 0.00 seconds
2026-05-04 01:03:10.866 INFO (MainThread) [homeassistant.setup] Setting up file
2026-05-04 01:03:10.866 INFO (MainThread) [homeassistant.setup] Setup of domain file took 0.00 seconds
2026-05-04 01:03:10.866 INFO (MainThread) [homeassistant.setup] Setting up humidity
2026-05-04 01:03:10.866 INFO (MainThread) [homeassistant.setup] Setup of domain humidity took 0.00 seconds
2026-05-04 01:03:11.125 INFO (MainThread) [homeassistant.setup] Setting up homeassistant_alerts
2026-05-04 01:03:11.126 INFO (MainThread) [homeassistant.setup] Setup of domain homeassistant_alerts took 0.00 seconds
2026-05-04 01:03:11.126 INFO (MainThread) [homeassistant.setup] Setting up my
2026-05-04 01:03:11.126 INFO (MainThread) [homeassistant.setup] Setup of domain my took 0.00 seconds
2026-05-04 01:03:11.127 INFO (MainThread) [homeassistant.setup] Setting up garage_door
2026-05-04 01:03:11.127 INFO (MainThread) [homeassistant.setup] Setup of domain garage_door took 0.00 seconds
2026-05-04 01:03:11.128 INFO (MainThread) [homeassistant.setup] Setting up input_datetime
2026-05-04 01:03:11.128 INFO (MainThread) [homeassistant.setup] Setup of domain input_datetime took 0.00 seconds
2026-05-04 01:03:11.129 INFO (MainThread) [homeassistant.setup] Setting up battery
2026-05-04 01:03:11.129 INFO (MainThread) [homeassistant.setup] Setup of domain battery took 0.00 seconds
2026-05-04 01:03:11.130 INFO (MainThread) [homeassistant.setup] Setting up occupancy
2026-05-04 01:03:11.130 INFO (MainThread) [homeassistant.setup] Setup of domain occupancy took 0.00 seconds
2026-05-04 01:03:11.131 INFO (MainThread) [homeassistant.setup] Setting up window
2026-05-04 01:03:11.131 INFO (MainThread) [homeassistant.setup] Setup of domain window took 0.00 seconds
2026-05-04 01:03:11.134 INFO (MainThread) [homeassistant.setup] Setting up temperature
2026-05-04 01:03:11.134 INFO (MainThread) [homeassistant.setup] Setup of domain temperature took 0.00 seconds
2026-05-04 01:03:11.135 INFO (MainThread) [homeassistant.setup] Setting up illuminance
2026-05-04 01:03:11.135 INFO (MainThread) [homeassistant.setup] Setup of domain illuminance took 0.00 seconds
2026-05-04 01:03:11.147 INFO (MainThread) [homeassistant.setup] Setting up multisplit_zone_controller
2026-05-04 01:03:11.160 INFO (MainThread) [homeassistant.setup] Setup of domain multisplit_zone_controller took 0.01 seconds
2026-05-04 01:03:11.161 DEBUG (MainThread) [custom_components.multisplit_zone_controller.dispatch] Dispatched hvac_mode=off to climate.fake_head_living (zone living_room_zone, changed)
2026-05-04 01:03:11.161 DEBUG (MainThread) [custom_components.multisplit_zone_controller.dispatch] Dispatched hvac_mode=off to climate.fake_head_bedroom (zone bed_zone, changed)
2026-05-04 01:03:11.161 DEBUG (MainThread) [custom_components.multisplit_zone_controller.dispatch] Dispatched hvac_mode=off to climate.fake_head_office (zone office, changed)
2026-05-04 01:03:11.162 INFO (MainThread) [homeassistant.helpers.script.fake_living_aux_heater_turn_off] Fake Living Aux Heater turn_off: Running template script
2026-05-04 01:03:11.162 INFO (MainThread) [homeassistant.helpers.script.fake_living_aux_heater_turn_off] Fake Living Aux Heater turn_off: Executing step call service
2026-05-04 01:03:11.162 DEBUG (MainThread) [custom_components.multisplit_zone_controller.aux_heat_dispatch] Aux heat for zone living_room_zone -> OFF (entity switch.fake_head_living_heater)
2026-05-04 01:03:11.162 DEBUG (MainThread) [custom_components.multisplit_zone_controller.coordinator] Finished fetching multisplit_zone_controller[unit_1] data in 0.002 seconds (success: True)
2026-05-04 01:03:11.163 INFO (MainThread) [homeassistant.setup] Setting up todo
2026-05-04 01:03:11.165 INFO (MainThread) [homeassistant.setup] Setup of domain todo took 0.00 seconds
2026-05-04 01:03:11.165 INFO (MainThread) [homeassistant.components.todo] Setting up shopping_list.todo
2026-05-04 01:03:11.165 INFO (MainThread) [homeassistant.setup] Setting up mobile_app
2026-05-04 01:03:11.166 INFO (MainThread) [homeassistant.setup] Setup of domain mobile_app took 0.00 seconds
2026-05-04 01:03:11.166 INFO (MainThread) [homeassistant.components.sensor] Setting up energy.sensor
2026-05-04 01:03:11.166 INFO (MainThread) [homeassistant.setup] Setting up analytics
2026-05-04 01:03:11.166 INFO (MainThread) [homeassistant.setup] Setup of domain analytics took 0.00 seconds
2026-05-04 01:03:11.166 INFO (MainThread) [homeassistant.components.notify] Setting up notify.mobile_app
2026-05-04 01:03:11.166 INFO (MainThread) [homeassistant.setup] Setting up default_config
2026-05-04 01:03:11.166 INFO (MainThread) [homeassistant.setup] Setup of domain default_config took 0.00 seconds
2026-05-04 01:03:11.169 INFO (MainThread) [homeassistant.components.tts] Setting up google_translate.tts
2026-05-04 01:03:11.172 INFO (MainThread) [homeassistant.components.climate] Setting up multisplit_zone_controller.climate
2026-05-04 01:03:11.173 INFO (MainThread) [homeassistant.components.sensor] Setting up multisplit_zone_controller.sensor
2026-05-04 01:03:11.174 INFO (MainThread) [homeassistant.components.binary_sensor] Setting up multisplit_zone_controller.binary_sensor
2026-05-04 01:03:11.174 INFO (MainThread) [custom_components.multisplit_zone_controller] multisplit_zone_controller loaded UI group unit_1 from entry 01KQRM9SC3FWX0CN1CBFFNPRPS
2026-05-04 01:03:12.026 INFO (MainThread) [homeassistant.bootstrap] Home Assistant initialized in 2.40s
2026-05-04 01:03:12.029 INFO (MainThread) [homeassistant.core] Starting Home Assistant 2026.4.4
2026-05-04 01:03:40.969 DEBUG (MainThread) [custom_components.multisplit_zone_controller.units] Unknown temperature unit '%'; treating value 45.0 as Celsius
2026-05-04 01:03:40.970 DEBUG (MainThread) [custom_components.multisplit_zone_controller.units] Unknown temperature unit '%'; treating value 45.0 as Celsius
2026-05-04 01:03:40.979 DEBUG (MainThread) [custom_components.multisplit_zone_controller.dispatch] Dispatched hvac_mode=off to climate.fake_head_living (zone living_room_zone, re-asserted)
2026-05-04 01:03:40.980 DEBUG (MainThread) [custom_components.multisplit_zone_controller.dispatch] Dispatched hvac_mode=off to climate.fake_head_bedroom (zone bed_zone, re-asserted)
2026-05-04 01:03:40.981 INFO (MainThread) [homeassistant.helpers.script.fake_living_aux_heater_turn_off] Fake Living Aux Heater turn_off: Running template script
2026-05-04 01:03:40.982 INFO (MainThread) [homeassistant.helpers.script.fake_living_aux_heater_turn_off] Fake Living Aux Heater turn_off: Executing step call service
2026-05-04 01:03:40.982 DEBUG (MainThread) [custom_components.multisplit_zone_controller.aux_heat_dispatch] Aux heat for zone living_room_zone -> OFF (entity switch.fake_head_living_heater)
2026-05-04 01:03:40.982 DEBUG (MainThread) [custom_components.multisplit_zone_controller.coordinator] Finished fetching multisplit_zone_controller[unit_1] data in 0.014 seconds (success: True)
2026-05-04 01:04:10.972 DEBUG (MainThread) [custom_components.multisplit_zone_controller.units] Unknown temperature unit '%'; treating value 45.0 as Celsius
2026-05-04 01:04:10.974 DEBUG (MainThread) [custom_components.multisplit_zone_controller.units] Unknown temperature unit '%'; treating value 45.0 as Celsius
2026-05-04 01:04:10.988 DEBUG (MainThread) [custom_components.multisplit_zone_controller.dispatch] Dispatched hvac_mode=off to climate.fake_head_living (zone living_room_zone, re-asserted)
2026-05-04 01:04:10.990 DEBUG (MainThread) [custom_components.multisplit_zone_controller.dispatch] Dispatched hvac_mode=off to climate.fake_head_bedroom (zone bed_zone, re-asserted)
2026-05-04 01:04:10.997 INFO (MainThread) [homeassistant.helpers.script.fake_living_aux_heater_turn_off] Fake Living Aux Heater turn_off: Running template script
2026-05-04 01:04:10.999 INFO (MainThread) [homeassistant.helpers.script.fake_living_aux_heater_turn_off] Fake Living Aux Heater turn_off: Executing step call service
2026-05-04 01:04:11.011 DEBUG (MainThread) [custom_components.multisplit_zone_controller.aux_heat_dispatch] Aux heat for zone living_room_zone -> OFF (entity switch.fake_head_living_heater)
2026-05-04 01:04:11.011 DEBUG (MainThread) [custom_components.multisplit_zone_controller.coordinator] Finished fetching multisplit_zone_controller[unit_1] data in 0.041 seconds (success: True)
2026-05-04 01:04:40.971 DEBUG (MainThread) [custom_components.multisplit_zone_controller.units] Unknown temperature unit '%'; treating value 45.0 as Celsius
2026-05-04 01:04:40.973 DEBUG (MainThread) [custom_components.multisplit_zone_controller.units] Unknown temperature unit '%'; treating value 45.0 as Celsius
2026-05-04 01:04:40.980 DEBUG (MainThread) [custom_components.multisplit_zone_controller.dispatch] Dispatched hvac_mode=off to climate.fake_head_living (zone living_room_zone, re-asserted)
2026-05-04 01:04:40.981 DEBUG (MainThread) [custom_components.multisplit_zone_controller.dispatch] Dispatched hvac_mode=off to climate.fake_head_bedroom (zone bed_zone, re-asserted)
2026-05-04 01:04:40.983 INFO (MainThread) [homeassistant.helpers.script.fake_living_aux_heater_turn_off] Fake Living Aux Heater turn_off: Running template script
2026-05-04 01:04:40.983 INFO (MainThread) [homeassistant.helpers.script.fake_living_aux_heater_turn_off] Fake Living Aux Heater turn_off: Executing step call service
2026-05-04 01:04:40.984 DEBUG (MainThread) [custom_components.multisplit_zone_controller.aux_heat_dispatch] Aux heat for zone living_room_zone -> OFF (entity switch.fake_head_living_heater)
2026-05-04 01:04:40.984 DEBUG (MainThread) [custom_components.multisplit_zone_controller.coordinator] Finished fetching multisplit_zone_controller[unit_1] data in 0.015 seconds (success: True)
2026-05-04 01:05:10.970 DEBUG (MainThread) [custom_components.multisplit_zone_controller.units] Unknown temperature unit '%'; treating value 45.0 as Celsius
2026-05-04 01:05:10.974 DEBUG (MainThread) [custom_components.multisplit_zone_controller.units] Unknown temperature unit '%'; treating value 45.0 as Celsius
2026-05-04 01:05:10.982 DEBUG (MainThread) [custom_components.multisplit_zone_controller.dispatch] Dispatched hvac_mode=off to climate.fake_head_living (zone living_room_zone, re-asserted)
2026-05-04 01:05:10.983 DEBUG (MainThread) [custom_components.multisplit_zone_controller.dispatch] Dispatched hvac_mode=off to climate.fake_head_bedroom (zone bed_zone, re-asserted)
2026-05-04 01:05:10.985 INFO (MainThread) [homeassistant.helpers.script.fake_living_aux_heater_turn_off] Fake Living Aux Heater turn_off: Running template script
2026-05-04 01:05:10.985 INFO (MainThread) [homeassistant.helpers.script.fake_living_aux_heater_turn_off] Fake Living Aux Heater turn_off: Executing step call service
2026-05-04 01:05:10.987 DEBUG (MainThread) [custom_components.multisplit_zone_controller.aux_heat_dispatch] Aux heat for zone living_room_zone -> OFF (entity switch.fake_head_living_heater)
2026-05-04 01:05:10.987 DEBUG (MainThread) [custom_components.multisplit_zone_controller.coordinator] Finished fetching multisplit_zone_controller[unit_1] data in 0.018 seconds (success: True)
2026-05-04 01:05:40.972 DEBUG (MainThread) [custom_components.multisplit_zone_controller.units] Unknown temperature unit '%'; treating value 45.0 as Celsius
2026-05-04 01:05:40.974 DEBUG (MainThread) [custom_components.multisplit_zone_controller.units] Unknown temperature unit '%'; treating value 45.0 as Celsius
2026-05-04 01:05:40.987 DEBUG (MainThread) [custom_components.multisplit_zone_controller.dispatch] Dispatched hvac_mode=off to climate.fake_head_living (zone living_room_zone, re-asserted)
2026-05-04 01:05:40.988 DEBUG (MainThread) [custom_components.multisplit_zone_controller.dispatch] Dispatched hvac_mode=off to climate.fake_head_bedroom (zone bed_zone, re-asserted)
2026-05-04 01:05:40.990 INFO (MainThread) [homeassistant.helpers.script.fake_living_aux_heater_turn_off] Fake Living Aux Heater turn_off: Running template script
2026-05-04 01:05:40.996 INFO (MainThread) [homeassistant.helpers.script.fake_living_aux_heater_turn_off] Fake Living Aux Heater turn_off: Executing step call service
2026-05-04 01:05:40.997 DEBUG (MainThread) [custom_components.multisplit_zone_controller.aux_heat_dispatch] Aux heat for zone living_room_zone -> OFF (entity switch.fake_head_living_heater)
2026-05-04 01:05:40.997 DEBUG (MainThread) [custom_components.multisplit_zone_controller.coordinator] Finished fetching multisplit_zone_controller[unit_1] data in 0.027 seconds (success: True)
2026-05-04 01:06:10.971 DEBUG (MainThread) [custom_components.multisplit_zone_controller.units] Unknown temperature unit '%'; treating value 45.0 as Celsius
2026-05-04 01:06:10.973 DEBUG (MainThread) [custom_components.multisplit_zone_controller.units] Unknown temperature unit '%'; treating value 45.0 as Celsius
2026-05-04 01:06:10.984 DEBUG (MainThread) [custom_components.multisplit_zone_controller.dispatch] Dispatched hvac_mode=off to climate.fake_head_living (zone living_room_zone, re-asserted)
2026-05-04 01:06:10.985 DEBUG (MainThread) [custom_components.multisplit_zone_controller.dispatch] Dispatched hvac_mode=off to climate.fake_head_bedroom (zone bed_zone, re-asserted)
2026-05-04 01:06:10.986 INFO (MainThread) [homeassistant.helpers.script.fake_living_aux_heater_turn_off] Fake Living Aux Heater turn_off: Running template script
2026-05-04 01:06:10.986 INFO (MainThread) [homeassistant.helpers.script.fake_living_aux_heater_turn_off] Fake Living Aux Heater turn_off: Executing step call service
2026-05-04 01:06:10.992 DEBUG (MainThread) [custom_components.multisplit_zone_controller.aux_heat_dispatch] Aux heat for zone living_room_zone -> OFF (entity switch.fake_head_living_heater)
2026-05-04 01:06:10.992 DEBUG (MainThread) [custom_components.multisplit_zone_controller.coordinator] Finished fetching multisplit_zone_controller[unit_1] data in 0.022 seconds (success: True)
2026-05-04 01:06:40.972 DEBUG (MainThread) [custom_components.multisplit_zone_controller.units] Unknown temperature unit '%'; treating value 45.0 as Celsius
2026-05-04 01:06:40.974 DEBUG (MainThread) [custom_components.multisplit_zone_controller.units] Unknown temperature unit '%'; treating value 45.0 as Celsius
2026-05-04 01:06:40.986 DEBUG (MainThread) [custom_components.multisplit_zone_controller.dispatch] Dispatched hvac_mode=off to climate.fake_head_living (zone living_room_zone, re-asserted)
2026-05-04 01:06:40.987 DEBUG (MainThread) [custom_components.multisplit_zone_controller.dispatch] Dispatched hvac_mode=off to climate.fake_head_bedroom (zone bed_zone, re-asserted)
2026-05-04 01:06:40.989 INFO (MainThread) [homeassistant.helpers.script.fake_living_aux_heater_turn_off] Fake Living Aux Heater turn_off: Running template script
2026-05-04 01:06:40.996 INFO (MainThread) [homeassistant.helpers.script.fake_living_aux_heater_turn_off] Fake Living Aux Heater turn_off: Executing step call service
2026-05-04 01:06:40.998 DEBUG (MainThread) [custom_components.multisplit_zone_controller.aux_heat_dispatch] Aux heat for zone living_room_zone -> OFF (entity switch.fake_head_living_heater)
2026-05-04 01:06:40.998 DEBUG (MainThread) [custom_components.multisplit_zone_controller.coordinator] Finished fetching multisplit_zone_controller[unit_1] data in 0.028 seconds (success: True)
2026-05-04 01:07:10.982 DEBUG (MainThread) [custom_components.multisplit_zone_controller.units] Unknown temperature unit '%'; treating value 45.0 as Celsius
2026-05-04 01:07:10.984 DEBUG (MainThread) [custom_components.multisplit_zone_controller.units] Unknown temperature unit '%'; treating value 45.0 as Celsius
2026-05-04 01:07:11.025 DEBUG (MainThread) [custom_components.multisplit_zone_controller.dispatch] Dispatched hvac_mode=off to climate.fake_head_living (zone living_room_zone, re-asserted)
2026-05-04 01:07:11.026 DEBUG (MainThread) [custom_components.multisplit_zone_controller.dispatch] Dispatched hvac_mode=off to climate.fake_head_bedroom (zone bed_zone, re-asserted)
2026-05-04 01:07:11.027 INFO (MainThread) [homeassistant.helpers.script.fake_living_aux_heater_turn_off] Fake Living Aux Heater turn_off: Running template script
2026-05-04 01:07:11.049 INFO (MainThread) [homeassistant.helpers.script.fake_living_aux_heater_turn_off] Fake Living Aux Heater turn_off: Executing step call service
2026-05-04 01:07:11.052 DEBUG (MainThread) [custom_components.multisplit_zone_controller.aux_heat_dispatch] Aux heat for zone living_room_zone -> OFF (entity switch.fake_head_living_heater)
2026-05-04 01:07:11.052 DEBUG (MainThread) [custom_components.multisplit_zone_controller.coordinator] Finished fetching multisplit_zone_controller[unit_1] data in 0.075 seconds (success: True)
2026-05-04 01:07:40.972 DEBUG (MainThread) [custom_components.multisplit_zone_controller.units] Unknown temperature unit '%'; treating value 45.0 as Celsius
2026-05-04 01:07:40.974 DEBUG (MainThread) [custom_components.multisplit_zone_controller.units] Unknown temperature unit '%'; treating value 45.0 as Celsius
2026-05-04 01:07:40.983 DEBUG (MainThread) [custom_components.multisplit_zone_controller.dispatch] Dispatched hvac_mode=off to climate.fake_head_living (zone living_room_zone, re-asserted)
2026-05-04 01:07:40.984 DEBUG (MainThread) [custom_components.multisplit_zone_controller.dispatch] Dispatched hvac_mode=off to climate.fake_head_bedroom (zone bed_zone, re-asserted)
2026-05-04 01:07:40.991 INFO (MainThread) [homeassistant.helpers.script.fake_living_aux_heater_turn_off] Fake Living Aux Heater turn_off: Running template script
2026-05-04 01:07:40.992 INFO (MainThread) [homeassistant.helpers.script.fake_living_aux_heater_turn_off] Fake Living Aux Heater turn_off: Executing step call service
2026-05-04 01:07:40.994 DEBUG (MainThread) [custom_components.multisplit_zone_controller.aux_heat_dispatch] Aux heat for zone living_room_zone -> OFF (entity switch.fake_head_living_heater)
2026-05-04 01:07:40.994 DEBUG (MainThread) [custom_components.multisplit_zone_controller.coordinator] Finished fetching multisplit_zone_controller[unit_1] data in 0.024 seconds (success: True)
2026-05-04 01:08:10.974 DEBUG (MainThread) [custom_components.multisplit_zone_controller.units] Unknown temperature unit '%'; treating value 45.0 as Celsius
2026-05-04 01:08:10.977 DEBUG (MainThread) [custom_components.multisplit_zone_controller.units] Unknown temperature unit '%'; treating value 45.0 as Celsius
2026-05-04 01:08:10.996 DEBUG (MainThread) [custom_components.multisplit_zone_controller.dispatch] Dispatched hvac_mode=off to climate.fake_head_living (zone living_room_zone, re-asserted)
2026-05-04 01:08:10.996 DEBUG (MainThread) [custom_components.multisplit_zone_controller.dispatch] Dispatched hvac_mode=off to climate.fake_head_bedroom (zone bed_zone, re-asserted)
2026-05-04 01:08:10.998 INFO (MainThread) [homeassistant.helpers.script.fake_living_aux_heater_turn_off] Fake Living Aux Heater turn_off: Running template script
2026-05-04 01:08:10.999 INFO (MainThread) [homeassistant.helpers.script.fake_living_aux_heater_turn_off] Fake Living Aux Heater turn_off: Executing step call service
2026-05-04 01:08:11.007 DEBUG (MainThread) [custom_components.multisplit_zone_controller.aux_heat_dispatch] Aux heat for zone living_room_zone -> OFF (entity switch.fake_head_living_heater)
2026-05-04 01:08:11.007 DEBUG (MainThread) [custom_components.multisplit_zone_controller.coordinator] Finished fetching multisplit_zone_controller[unit_1] data in 0.036 seconds (success: True)
2026-05-04 01:08:40.971 DEBUG (MainThread) [custom_components.multisplit_zone_controller.units] Unknown temperature unit '%'; treating value 45.0 as Celsius
2026-05-04 01:08:40.973 DEBUG (MainThread) [custom_components.multisplit_zone_controller.units] Unknown temperature unit '%'; treating value 45.0 as Celsius
2026-05-04 01:08:40.986 DEBUG (MainThread) [custom_components.multisplit_zone_controller.dispatch] Dispatched hvac_mode=off to climate.fake_head_living (zone living_room_zone, re-asserted)
2026-05-04 01:08:40.986 DEBUG (MainThread) [custom_components.multisplit_zone_controller.dispatch] Dispatched hvac_mode=off to climate.fake_head_bedroom (zone bed_zone, re-asserted)
2026-05-04 01:08:40.995 INFO (MainThread) [homeassistant.helpers.script.fake_living_aux_heater_turn_off] Fake Living Aux Heater turn_off: Running template script
2026-05-04 01:08:40.996 INFO (MainThread) [homeassistant.helpers.script.fake_living_aux_heater_turn_off] Fake Living Aux Heater turn_off: Executing step call service
2026-05-04 01:08:40.998 DEBUG (MainThread) [custom_components.multisplit_zone_controller.aux_heat_dispatch] Aux heat for zone living_room_zone -> OFF (entity switch.fake_head_living_heater)
2026-05-04 01:08:40.998 DEBUG (MainThread) [custom_components.multisplit_zone_controller.coordinator] Finished fetching multisplit_zone_controller[unit_1] data in 0.028 seconds (success: True)
2026-05-04 01:09:10.972 DEBUG (MainThread) [custom_components.multisplit_zone_controller.units] Unknown temperature unit '%'; treating value 45.0 as Celsius
2026-05-04 01:09:10.973 DEBUG (MainThread) [custom_components.multisplit_zone_controller.units] Unknown temperature unit '%'; treating value 45.0 as Celsius
2026-05-04 01:09:10.992 DEBUG (MainThread) [custom_components.multisplit_zone_controller.dispatch] Dispatched hvac_mode=off to climate.fake_head_living (zone living_room_zone, re-asserted)
2026-05-04 01:09:10.993 DEBUG (MainThread) [custom_components.multisplit_zone_controller.dispatch] Dispatched hvac_mode=off to climate.fake_head_bedroom (zone bed_zone, re-asserted)
2026-05-04 01:09:11.004 INFO (MainThread) [homeassistant.helpers.script.fake_living_aux_heater_turn_off] Fake Living Aux Heater turn_off: Running template script
2026-05-04 01:09:11.005 INFO (MainThread) [homeassistant.helpers.script.fake_living_aux_heater_turn_off] Fake Living Aux Heater turn_off: Executing step call service
2026-05-04 01:09:11.005 DEBUG (MainThread) [custom_components.multisplit_zone_controller.aux_heat_dispatch] Aux heat for zone living_room_zone -> OFF (entity switch.fake_head_living_heater)
2026-05-04 01:09:11.005 DEBUG (MainThread) [custom_components.multisplit_zone_controller.coordinator] Finished fetching multisplit_zone_controller[unit_1] data in 0.035 seconds (success: True)
2026-05-04 01:09:40.971 DEBUG (MainThread) [custom_components.multisplit_zone_controller.units] Unknown temperature unit '%'; treating value 45.0 as Celsius
2026-05-04 01:09:40.973 DEBUG (MainThread) [custom_components.multisplit_zone_controller.units] Unknown temperature unit '%'; treating value 45.0 as Celsius
2026-05-04 01:09:40.988 DEBUG (MainThread) [custom_components.multisplit_zone_controller.dispatch] Dispatched hvac_mode=off to climate.fake_head_living (zone living_room_zone, re-asserted)
2026-05-04 01:09:40.989 DEBUG (MainThread) [custom_components.multisplit_zone_controller.dispatch] Dispatched hvac_mode=off to climate.fake_head_bedroom (zone bed_zone, re-asserted)
2026-05-04 01:09:40.990 INFO (MainThread) [homeassistant.helpers.script.fake_living_aux_heater_turn_off] Fake Living Aux Heater turn_off: Running template script
2026-05-04 01:09:40.991 INFO (MainThread) [homeassistant.helpers.script.fake_living_aux_heater_turn_off] Fake Living Aux Heater turn_off: Executing step call service
2026-05-04 01:09:40.993 DEBUG (MainThread) [custom_components.multisplit_zone_controller.aux_heat_dispatch] Aux heat for zone living_room_zone -> OFF (entity switch.fake_head_living_heater)
2026-05-04 01:09:40.993 DEBUG (MainThread) [custom_components.multisplit_zone_controller.coordinator] Finished fetching multisplit_zone_controller[unit_1] data in 0.024 seconds (success: True)
2026-05-04 01:10:10.970 DEBUG (MainThread) [custom_components.multisplit_zone_controller.units] Unknown temperature unit '%'; treating value 45.0 as Celsius
2026-05-04 01:10:10.971 DEBUG (MainThread) [custom_components.multisplit_zone_controller.units] Unknown temperature unit '%'; treating value 45.0 as Celsius
2026-05-04 01:10:10.976 DEBUG (MainThread) [custom_components.multisplit_zone_controller.dispatch] Dispatched hvac_mode=off to climate.fake_head_living (zone living_room_zone, re-asserted)
2026-05-04 01:10:10.979 DEBUG (MainThread) [custom_components.multisplit_zone_controller.dispatch] Dispatched hvac_mode=off to climate.fake_head_bedroom (zone bed_zone, re-asserted)
2026-05-04 01:10:10.980 INFO (MainThread) [homeassistant.helpers.script.fake_living_aux_heater_turn_off] Fake Living Aux Heater turn_off: Running template script
2026-05-04 01:10:10.981 INFO (MainThread) [homeassistant.helpers.script.fake_living_aux_heater_turn_off] Fake Living Aux Heater turn_off: Executing step call service
2026-05-04 01:10:10.982 DEBUG (MainThread) [custom_components.multisplit_zone_controller.aux_heat_dispatch] Aux heat for zone living_room_zone -> OFF (entity switch.fake_head_living_heater)
2026-05-04 01:10:10.982 DEBUG (MainThread) [custom_components.multisplit_zone_controller.coordinator] Finished fetching multisplit_zone_controller[unit_1] data in 0.013 seconds (success: True)
2026-05-04 01:10:40.972 DEBUG (MainThread) [custom_components.multisplit_zone_controller.units] Unknown temperature unit '%'; treating value 45.0 as Celsius
2026-05-04 01:10:40.973 DEBUG (MainThread) [custom_components.multisplit_zone_controller.units] Unknown temperature unit '%'; treating value 45.0 as Celsius
2026-05-04 01:10:40.977 DEBUG (MainThread) [custom_components.multisplit_zone_controller.dispatch] Dispatched hvac_mode=off to climate.fake_head_living (zone living_room_zone, re-asserted)
2026-05-04 01:10:40.978 DEBUG (MainThread) [custom_components.multisplit_zone_controller.dispatch] Dispatched hvac_mode=off to climate.fake_head_bedroom (zone bed_zone, re-asserted)
2026-05-04 01:10:40.987 INFO (MainThread) [homeassistant.helpers.script.fake_living_aux_heater_turn_off] Fake Living Aux Heater turn_off: Running template script
2026-05-04 01:10:40.988 INFO (MainThread) [homeassistant.helpers.script.fake_living_aux_heater_turn_off] Fake Living Aux Heater turn_off: Executing step call service
2026-05-04 01:10:40.997 DEBUG (MainThread) [custom_components.multisplit_zone_controller.aux_heat_dispatch] Aux heat for zone living_room_zone -> OFF (entity switch.fake_head_living_heater)
2026-05-04 01:10:40.997 DEBUG (MainThread) [custom_components.multisplit_zone_controller.coordinator] Finished fetching multisplit_zone_controller[unit_1] data in 0.026 seconds (success: True)
2026-05-04 01:11:10.968 DEBUG (MainThread) [custom_components.multisplit_zone_controller.units] Unknown temperature unit '%'; treating value 45.0 as Celsius
2026-05-04 01:11:10.968 DEBUG (MainThread) [custom_components.multisplit_zone_controller.units] Unknown temperature unit '%'; treating value 45.0 as Celsius
2026-05-04 01:11:10.969 DEBUG (MainThread) [custom_components.multisplit_zone_controller.dispatch] Dispatched hvac_mode=off to climate.fake_head_living (zone living_room_zone, re-asserted)
2026-05-04 01:11:10.969 DEBUG (MainThread) [custom_components.multisplit_zone_controller.dispatch] Dispatched hvac_mode=off to climate.fake_head_bedroom (zone bed_zone, re-asserted)
2026-05-04 01:11:10.969 INFO (MainThread) [homeassistant.helpers.script.fake_living_aux_heater_turn_off] Fake Living Aux Heater turn_off: Running template script
2026-05-04 01:11:10.969 INFO (MainThread) [homeassistant.helpers.script.fake_living_aux_heater_turn_off] Fake Living Aux Heater turn_off: Executing step call service
2026-05-04 01:11:10.969 DEBUG (MainThread) [custom_components.multisplit_zone_controller.aux_heat_dispatch] Aux heat for zone living_room_zone -> OFF (entity switch.fake_head_living_heater)
2026-05-04 01:11:10.969 DEBUG (MainThread) [custom_components.multisplit_zone_controller.coordinator] Finished fetching multisplit_zone_controller[unit_1] data in 0.002 seconds (success: True)
2026-05-04 01:11:40.971 DEBUG (MainThread) [custom_components.multisplit_zone_controller.units] Unknown temperature unit '%'; treating value 45.0 as Celsius
2026-05-04 01:11:40.973 DEBUG (MainThread) [custom_components.multisplit_zone_controller.units] Unknown temperature unit '%'; treating value 45.0 as Celsius
2026-05-04 01:11:40.987 DEBUG (MainThread) [custom_components.multisplit_zone_controller.dispatch] Dispatched hvac_mode=off to climate.fake_head_living (zone living_room_zone, re-asserted)
2026-05-04 01:11:40.987 DEBUG (MainThread) [custom_components.multisplit_zone_controller.dispatch] Dispatched hvac_mode=off to climate.fake_head_bedroom (zone bed_zone, re-asserted)
2026-05-04 01:11:40.993 INFO (MainThread) [homeassistant.helpers.script.fake_living_aux_heater_turn_off] Fake Living Aux Heater turn_off: Running template script
2026-05-04 01:11:40.993 INFO (MainThread) [homeassistant.helpers.script.fake_living_aux_heater_turn_off] Fake Living Aux Heater turn_off: Executing step call service
2026-05-04 01:11:40.994 DEBUG (MainThread) [custom_components.multisplit_zone_controller.aux_heat_dispatch] Aux heat for zone living_room_zone -> OFF (entity switch.fake_head_living_heater)
2026-05-04 01:11:40.994 DEBUG (MainThread) [custom_components.multisplit_zone_controller.coordinator] Finished fetching multisplit_zone_controller[unit_1] data in 0.025 seconds (success: True)
2026-05-04 01:12:10.975 DEBUG (MainThread) [custom_components.multisplit_zone_controller.units] Unknown temperature unit '%'; treating value 45.0 as Celsius
2026-05-04 01:12:10.977 DEBUG (MainThread) [custom_components.multisplit_zone_controller.units] Unknown temperature unit '%'; treating value 45.0 as Celsius
2026-05-04 01:12:11.037 DEBUG (MainThread) [custom_components.multisplit_zone_controller.dispatch] Dispatched hvac_mode=off to climate.fake_head_living (zone living_room_zone, re-asserted)
2026-05-04 01:12:11.052 DEBUG (MainThread) [custom_components.multisplit_zone_controller.dispatch] Dispatched hvac_mode=off to climate.fake_head_bedroom (zone bed_zone, re-asserted)
2026-05-04 01:12:11.062 INFO (MainThread) [homeassistant.helpers.script.fake_living_aux_heater_turn_off] Fake Living Aux Heater turn_off: Running template script
2026-05-04 01:12:11.063 INFO (MainThread) [homeassistant.helpers.script.fake_living_aux_heater_turn_off] Fake Living Aux Heater turn_off: Executing step call service
2026-05-04 01:12:11.065 DEBUG (MainThread) [custom_components.multisplit_zone_controller.aux_heat_dispatch] Aux heat for zone living_room_zone -> OFF (entity switch.fake_head_living_heater)
2026-05-04 01:12:11.065 DEBUG (MainThread) [custom_components.multisplit_zone_controller.coordinator] Finished fetching multisplit_zone_controller[unit_1] data in 0.092 seconds (success: True)
2026-05-04 01:12:40.971 DEBUG (MainThread) [custom_components.multisplit_zone_controller.units] Unknown temperature unit '%'; treating value 45.0 as Celsius
2026-05-04 01:12:40.973 DEBUG (MainThread) [custom_components.multisplit_zone_controller.units] Unknown temperature unit '%'; treating value 45.0 as Celsius
2026-05-04 01:12:40.985 DEBUG (MainThread) [custom_components.multisplit_zone_controller.dispatch] Dispatched hvac_mode=off to climate.fake_head_living (zone living_room_zone, re-asserted)
2026-05-04 01:12:40.986 DEBUG (MainThread) [custom_components.multisplit_zone_controller.dispatch] Dispatched hvac_mode=off to climate.fake_head_bedroom (zone bed_zone, re-asserted)
2026-05-04 01:12:40.994 INFO (MainThread) [homeassistant.helpers.script.fake_living_aux_heater_turn_off] Fake Living Aux Heater turn_off: Running template script
2026-05-04 01:12:40.995 INFO (MainThread) [homeassistant.helpers.script.fake_living_aux_heater_turn_off] Fake Living Aux Heater turn_off: Executing step call service
2026-05-04 01:12:40.996 DEBUG (MainThread) [custom_components.multisplit_zone_controller.aux_heat_dispatch] Aux heat for zone living_room_zone -> OFF (entity switch.fake_head_living_heater)
2026-05-04 01:12:40.997 DEBUG (MainThread) [custom_components.multisplit_zone_controller.coordinator] Finished fetching multisplit_zone_controller[unit_1] data in 0.027 seconds (success: True)
2026-05-04 01:13:10.976 DEBUG (MainThread) [custom_components.multisplit_zone_controller.units] Unknown temperature unit '%'; treating value 45.0 as Celsius
2026-05-04 01:13:10.986 DEBUG (MainThread) [custom_components.multisplit_zone_controller.units] Unknown temperature unit '%'; treating value 45.0 as Celsius
2026-05-04 01:13:11.003 DEBUG (MainThread) [custom_components.multisplit_zone_controller.dispatch] Dispatched hvac_mode=off to climate.fake_head_living (zone living_room_zone, re-asserted)
2026-05-04 01:13:11.004 DEBUG (MainThread) [custom_components.multisplit_zone_controller.dispatch] Dispatched hvac_mode=off to climate.fake_head_bedroom (zone bed_zone, re-asserted)
2026-05-04 01:13:11.005 INFO (MainThread) [homeassistant.helpers.script.fake_living_aux_heater_turn_off] Fake Living Aux Heater turn_off: Running template script
2026-05-04 01:13:11.005 INFO (MainThread) [homeassistant.helpers.script.fake_living_aux_heater_turn_off] Fake Living Aux Heater turn_off: Executing step call service
2026-05-04 01:13:11.006 DEBUG (MainThread) [custom_components.multisplit_zone_controller.aux_heat_dispatch] Aux heat for zone living_room_zone -> OFF (entity switch.fake_head_living_heater)
2026-05-04 01:13:11.006 DEBUG (MainThread) [custom_components.multisplit_zone_controller.coordinator] Finished fetching multisplit_zone_controller[unit_1] data in 0.035 seconds (success: True)
2026-05-04 01:13:40.972 DEBUG (MainThread) [custom_components.multisplit_zone_controller.units] Unknown temperature unit '%'; treating value 45.0 as Celsius
2026-05-04 01:13:40.975 DEBUG (MainThread) [custom_components.multisplit_zone_controller.units] Unknown temperature unit '%'; treating value 45.0 as Celsius
2026-05-04 01:13:41.001 DEBUG (MainThread) [custom_components.multisplit_zone_controller.dispatch] Dispatched hvac_mode=off to climate.fake_head_living (zone living_room_zone, re-asserted)
2026-05-04 01:13:41.003 DEBUG (MainThread) [custom_components.multisplit_zone_controller.dispatch] Dispatched hvac_mode=off to climate.fake_head_bedroom (zone bed_zone, re-asserted)
2026-05-04 01:13:41.009 INFO (MainThread) [homeassistant.helpers.script.fake_living_aux_heater_turn_off] Fake Living Aux Heater turn_off: Running template script
2026-05-04 01:13:41.011 INFO (MainThread) [homeassistant.helpers.script.fake_living_aux_heater_turn_off] Fake Living Aux Heater turn_off: Executing step call service
2026-05-04 01:13:41.013 DEBUG (MainThread) [custom_components.multisplit_zone_controller.aux_heat_dispatch] Aux heat for zone living_room_zone -> OFF (entity switch.fake_head_living_heater)
2026-05-04 01:13:41.018 DEBUG (MainThread) [custom_components.multisplit_zone_controller.coordinator] Finished fetching multisplit_zone_controller[unit_1] data in 0.042 seconds (success: True)
2026-05-04 01:14:10.972 DEBUG (MainThread) [custom_components.multisplit_zone_controller.units] Unknown temperature unit '%'; treating value 45.0 as Celsius
2026-05-04 01:14:10.974 DEBUG (MainThread) [custom_components.multisplit_zone_controller.units] Unknown temperature unit '%'; treating value 45.0 as Celsius
2026-05-04 01:14:10.985 DEBUG (MainThread) [custom_components.multisplit_zone_controller.dispatch] Dispatched hvac_mode=off to climate.fake_head_living (zone living_room_zone, re-asserted)
2026-05-04 01:14:10.986 DEBUG (MainThread) [custom_components.multisplit_zone_controller.dispatch] Dispatched hvac_mode=off to climate.fake_head_bedroom (zone bed_zone, re-asserted)
2026-05-04 01:14:10.987 INFO (MainThread) [homeassistant.helpers.script.fake_living_aux_heater_turn_off] Fake Living Aux Heater turn_off: Running template script
2026-05-04 01:14:10.988 INFO (MainThread) [homeassistant.helpers.script.fake_living_aux_heater_turn_off] Fake Living Aux Heater turn_off: Executing step call service
2026-05-04 01:14:10.990 DEBUG (MainThread) [custom_components.multisplit_zone_controller.aux_heat_dispatch] Aux heat for zone living_room_zone -> OFF (entity switch.fake_head_living_heater)
2026-05-04 01:14:10.990 DEBUG (MainThread) [custom_components.multisplit_zone_controller.coordinator] Finished fetching multisplit_zone_controller[unit_1] data in 0.020 seconds (success: True)
2026-05-04 01:14:40.971 DEBUG (MainThread) [custom_components.multisplit_zone_controller.units] Unknown temperature unit '%'; treating value 45.0 as Celsius
2026-05-04 01:14:40.973 DEBUG (MainThread) [custom_components.multisplit_zone_controller.units] Unknown temperature unit '%'; treating value 45.0 as Celsius
2026-05-04 01:14:40.986 DEBUG (MainThread) [custom_components.multisplit_zone_controller.dispatch] Dispatched hvac_mode=off to climate.fake_head_living (zone living_room_zone, re-asserted)
2026-05-04 01:14:40.987 DEBUG (MainThread) [custom_components.multisplit_zone_controller.dispatch] Dispatched hvac_mode=off to climate.fake_head_bedroom (zone bed_zone, re-asserted)
2026-05-04 01:14:40.988 INFO (MainThread) [homeassistant.helpers.script.fake_living_aux_heater_turn_off] Fake Living Aux Heater turn_off: Running template script
2026-05-04 01:14:40.989 INFO (MainThread) [homeassistant.helpers.script.fake_living_aux_heater_turn_off] Fake Living Aux Heater turn_off: Executing step call service
2026-05-04 01:14:40.990 DEBUG (MainThread) [custom_components.multisplit_zone_controller.aux_heat_dispatch] Aux heat for zone living_room_zone -> OFF (entity switch.fake_head_living_heater)
2026-05-04 01:14:40.990 DEBUG (MainThread) [custom_components.multisplit_zone_controller.coordinator] Finished fetching multisplit_zone_controller[unit_1] data in 0.020 seconds (success: True)
2026-05-04 01:15:10.970 DEBUG (MainThread) [custom_components.multisplit_zone_controller.units] Unknown temperature unit '%'; treating value 45.0 as Celsius
2026-05-04 01:15:10.972 DEBUG (MainThread) [custom_components.multisplit_zone_controller.units] Unknown temperature unit '%'; treating value 45.0 as Celsius
2026-05-04 01:15:10.982 DEBUG (MainThread) [custom_components.multisplit_zone_controller.dispatch] Dispatched hvac_mode=off to climate.fake_head_living (zone living_room_zone, re-asserted)
2026-05-04 01:15:10.983 DEBUG (MainThread) [custom_components.multisplit_zone_controller.dispatch] Dispatched hvac_mode=off to climate.fake_head_bedroom (zone bed_zone, re-asserted)
2026-05-04 01:15:10.989 INFO (MainThread) [homeassistant.helpers.script.fake_living_aux_heater_turn_off] Fake Living Aux Heater turn_off: Running template script
2026-05-04 01:15:10.991 INFO (MainThread) [homeassistant.helpers.script.fake_living_aux_heater_turn_off] Fake Living Aux Heater turn_off: Executing step call service
2026-05-04 01:15:10.993 DEBUG (MainThread) [custom_components.multisplit_zone_controller.aux_heat_dispatch] Aux heat for zone living_room_zone -> OFF (entity switch.fake_head_living_heater)
2026-05-04 01:15:10.994 DEBUG (MainThread) [custom_components.multisplit_zone_controller.coordinator] Finished fetching multisplit_zone_controller[unit_1] data in 0.024 seconds (success: True)
2026-05-04 01:15:40.972 DEBUG (MainThread) [custom_components.multisplit_zone_controller.units] Unknown temperature unit '%'; treating value 45.0 as Celsius
2026-05-04 01:15:40.974 DEBUG (MainThread) [custom_components.multisplit_zone_controller.units] Unknown temperature unit '%'; treating value 45.0 as Celsius
2026-05-04 01:15:40.991 DEBUG (MainThread) [custom_components.multisplit_zone_controller.dispatch] Dispatched hvac_mode=off to climate.fake_head_living (zone living_room_zone, re-asserted)
2026-05-04 01:15:40.993 DEBUG (MainThread) [custom_components.multisplit_zone_controller.dispatch] Dispatched hvac_mode=off to climate.fake_head_bedroom (zone bed_zone, re-asserted)
2026-05-04 01:15:41.002 INFO (MainThread) [homeassistant.helpers.script.fake_living_aux_heater_turn_off] Fake Living Aux Heater turn_off: Running template script
2026-05-04 01:15:41.003 INFO (MainThread) [homeassistant.helpers.script.fake_living_aux_heater_turn_off] Fake Living Aux Heater turn_off: Executing step call service
2026-05-04 01:15:41.004 DEBUG (MainThread) [custom_components.multisplit_zone_controller.aux_heat_dispatch] Aux heat for zone living_room_zone -> OFF (entity switch.fake_head_living_heater)
2026-05-04 01:15:41.004 DEBUG (MainThread) [custom_components.multisplit_zone_controller.coordinator] Finished fetching multisplit_zone_controller[unit_1] data in 0.034 seconds (success: True)
2026-05-04 01:16:10.970 DEBUG (MainThread) [custom_components.multisplit_zone_controller.units] Unknown temperature unit '%'; treating value 45.0 as Celsius
2026-05-04 01:16:10.972 DEBUG (MainThread) [custom_components.multisplit_zone_controller.units] Unknown temperature unit '%'; treating value 45.0 as Celsius
2026-05-04 01:16:10.992 DEBUG (MainThread) [custom_components.multisplit_zone_controller.dispatch] Dispatched hvac_mode=off to climate.fake_head_living (zone living_room_zone, re-asserted)
2026-05-04 01:16:10.993 DEBUG (MainThread) [custom_components.multisplit_zone_controller.dispatch] Dispatched hvac_mode=off to climate.fake_head_bedroom (zone bed_zone, re-asserted)
2026-05-04 01:16:10.994 INFO (MainThread) [homeassistant.helpers.script.fake_living_aux_heater_turn_off] Fake Living Aux Heater turn_off: Running template script
2026-05-04 01:16:10.995 INFO (MainThread) [homeassistant.helpers.script.fake_living_aux_heater_turn_off] Fake Living Aux Heater turn_off: Executing step call service
2026-05-04 01:16:10.995 DEBUG (MainThread) [custom_components.multisplit_zone_controller.aux_heat_dispatch] Aux heat for zone living_room_zone -> OFF (entity switch.fake_head_living_heater)
2026-05-04 01:16:10.996 DEBUG (MainThread) [custom_components.multisplit_zone_controller.coordinator] Finished fetching multisplit_zone_controller[unit_1] data in 0.027 seconds (success: True)
2026-05-04 01:16:40.972 DEBUG (MainThread) [custom_components.multisplit_zone_controller.units] Unknown temperature unit '%'; treating value 45.0 as Celsius
2026-05-04 01:16:40.975 DEBUG (MainThread) [custom_components.multisplit_zone_controller.units] Unknown temperature unit '%'; treating value 45.0 as Celsius
2026-05-04 01:16:40.985 DEBUG (MainThread) [custom_components.multisplit_zone_controller.dispatch] Dispatched hvac_mode=off to climate.fake_head_living (zone living_room_zone, re-asserted)
2026-05-04 01:16:40.986 DEBUG (MainThread) [custom_components.multisplit_zone_controller.dispatch] Dispatched hvac_mode=off to climate.fake_head_bedroom (zone bed_zone, re-asserted)
2026-05-04 01:16:40.987 INFO (MainThread) [homeassistant.helpers.script.fake_living_aux_heater_turn_off] Fake Living Aux Heater turn_off: Running template script
2026-05-04 01:16:40.988 INFO (MainThread) [homeassistant.helpers.script.fake_living_aux_heater_turn_off] Fake Living Aux Heater turn_off: Executing step call service
2026-05-04 01:16:40.989 DEBUG (MainThread) [custom_components.multisplit_zone_controller.aux_heat_dispatch] Aux heat for zone living_room_zone -> OFF (entity switch.fake_head_living_heater)
2026-05-04 01:16:40.989 DEBUG (MainThread) [custom_components.multisplit_zone_controller.coordinator] Finished fetching multisplit_zone_controller[unit_1] data in 0.018 seconds (success: True)
2026-05-04 01:17:10.969 DEBUG (MainThread) [custom_components.multisplit_zone_controller.units] Unknown temperature unit '%'; treating value 45.0 as Celsius
2026-05-04 01:17:10.971 DEBUG (MainThread) [custom_components.multisplit_zone_controller.units] Unknown temperature unit '%'; treating value 45.0 as Celsius
2026-05-04 01:17:10.975 DEBUG (MainThread) [custom_components.multisplit_zone_controller.dispatch] Dispatched hvac_mode=off to climate.fake_head_living (zone living_room_zone, re-asserted)
2026-05-04 01:17:10.975 DEBUG (MainThread) [custom_components.multisplit_zone_controller.dispatch] Dispatched hvac_mode=off to climate.fake_head_bedroom (zone bed_zone, re-asserted)
2026-05-04 01:17:10.981 INFO (MainThread) [homeassistant.helpers.script.fake_living_aux_heater_turn_off] Fake Living Aux Heater turn_off: Running template script
2026-05-04 01:17:10.982 INFO (MainThread) [homeassistant.helpers.script.fake_living_aux_heater_turn_off] Fake Living Aux Heater turn_off: Executing step call service
2026-05-04 01:17:10.984 DEBUG (MainThread) [custom_components.multisplit_zone_controller.aux_heat_dispatch] Aux heat for zone living_room_zone -> OFF (entity switch.fake_head_living_heater)
2026-05-04 01:17:10.984 DEBUG (MainThread) [custom_components.multisplit_zone_controller.coordinator] Finished fetching multisplit_zone_controller[unit_1] data in 0.015 seconds (success: True)
2026-05-04 01:17:40.972 DEBUG (MainThread) [custom_components.multisplit_zone_controller.units] Unknown temperature unit '%'; treating value 45.0 as Celsius
2026-05-04 01:17:40.974 DEBUG (MainThread) [custom_components.multisplit_zone_controller.units] Unknown temperature unit '%'; treating value 45.0 as Celsius
2026-05-04 01:17:40.985 DEBUG (MainThread) [custom_components.multisplit_zone_controller.dispatch] Dispatched hvac_mode=off to climate.fake_head_living (zone living_room_zone, re-asserted)
2026-05-04 01:17:40.992 DEBUG (MainThread) [custom_components.multisplit_zone_controller.dispatch] Dispatched hvac_mode=off to climate.fake_head_bedroom (zone bed_zone, re-asserted)
2026-05-04 01:17:40.994 INFO (MainThread) [homeassistant.helpers.script.fake_living_aux_heater_turn_off] Fake Living Aux Heater turn_off: Running template script
2026-05-04 01:17:40.994 INFO (MainThread) [homeassistant.helpers.script.fake_living_aux_heater_turn_off] Fake Living Aux Heater turn_off: Executing step call service
2026-05-04 01:17:40.995 DEBUG (MainThread) [custom_components.multisplit_zone_controller.aux_heat_dispatch] Aux heat for zone living_room_zone -> OFF (entity switch.fake_head_living_heater)
2026-05-04 01:17:40.995 DEBUG (MainThread) [custom_components.multisplit_zone_controller.coordinator] Finished fetching multisplit_zone_controller[unit_1] data in 0.026 seconds (success: True)
2026-05-04 01:18:10.976 DEBUG (MainThread) [custom_components.multisplit_zone_controller.units] Unknown temperature unit '%'; treating value 45.0 as Celsius
2026-05-04 01:18:10.978 DEBUG (MainThread) [custom_components.multisplit_zone_controller.units] Unknown temperature unit '%'; treating value 45.0 as Celsius
2026-05-04 01:18:10.991 DEBUG (MainThread) [custom_components.multisplit_zone_controller.dispatch] Dispatched hvac_mode=off to climate.fake_head_living (zone living_room_zone, re-asserted)
2026-05-04 01:18:10.992 DEBUG (MainThread) [custom_components.multisplit_zone_controller.dispatch] Dispatched hvac_mode=off to climate.fake_head_bedroom (zone bed_zone, re-asserted)
2026-05-04 01:18:10.993 INFO (MainThread) [homeassistant.helpers.script.fake_living_aux_heater_turn_off] Fake Living Aux Heater turn_off: Running template script
2026-05-04 01:18:10.993 INFO (MainThread) [homeassistant.helpers.script.fake_living_aux_heater_turn_off] Fake Living Aux Heater turn_off: Executing step call service
2026-05-04 01:18:10.994 DEBUG (MainThread) [custom_components.multisplit_zone_controller.aux_heat_dispatch] Aux heat for zone living_room_zone -> OFF (entity switch.fake_head_living_heater)
2026-05-04 01:18:10.994 DEBUG (MainThread) [custom_components.multisplit_zone_controller.coordinator] Finished fetching multisplit_zone_controller[unit_1] data in 0.020 seconds (success: True)
2026-05-04 01:18:40.971 DEBUG (MainThread) [custom_components.multisplit_zone_controller.units] Unknown temperature unit '%'; treating value 45.0 as Celsius
2026-05-04 01:18:40.973 DEBUG (MainThread) [custom_components.multisplit_zone_controller.units] Unknown temperature unit '%'; treating value 45.0 as Celsius
2026-05-04 01:18:40.986 DEBUG (MainThread) [custom_components.multisplit_zone_controller.dispatch] Dispatched hvac_mode=off to climate.fake_head_living (zone living_room_zone, re-asserted)
2026-05-04 01:18:40.987 DEBUG (MainThread) [custom_components.multisplit_zone_controller.dispatch] Dispatched hvac_mode=off to climate.fake_head_bedroom (zone bed_zone, re-asserted)
2026-05-04 01:18:40.997 INFO (MainThread) [homeassistant.helpers.script.fake_living_aux_heater_turn_off] Fake Living Aux Heater turn_off: Running template script
2026-05-04 01:18:40.997 INFO (MainThread) [homeassistant.helpers.script.fake_living_aux_heater_turn_off] Fake Living Aux Heater turn_off: Executing step call service
2026-05-04 01:18:40.998 DEBUG (MainThread) [custom_components.multisplit_zone_controller.aux_heat_dispatch] Aux heat for zone living_room_zone -> OFF (entity switch.fake_head_living_heater)
2026-05-04 01:18:40.998 DEBUG (MainThread) [custom_components.multisplit_zone_controller.coordinator] Finished fetching multisplit_zone_controller[unit_1] data in 0.029 seconds (success: True)
2026-05-04 01:19:10.971 DEBUG (MainThread) [custom_components.multisplit_zone_controller.units] Unknown temperature unit '%'; treating value 45.0 as Celsius
2026-05-04 01:19:10.974 DEBUG (MainThread) [custom_components.multisplit_zone_controller.units] Unknown temperature unit '%'; treating value 45.0 as Celsius
2026-05-04 01:19:10.983 DEBUG (MainThread) [custom_components.multisplit_zone_controller.dispatch] Dispatched hvac_mode=off to climate.fake_head_living (zone living_room_zone, re-asserted)
2026-05-04 01:19:10.984 DEBUG (MainThread) [custom_components.multisplit_zone_controller.dispatch] Dispatched hvac_mode=off to climate.fake_head_bedroom (zone bed_zone, re-asserted)
2026-05-04 01:19:10.986 INFO (MainThread) [homeassistant.helpers.script.fake_living_aux_heater_turn_off] Fake Living Aux Heater turn_off: Running template script
2026-05-04 01:19:10.994 INFO (MainThread) [homeassistant.helpers.script.fake_living_aux_heater_turn_off] Fake Living Aux Heater turn_off: Executing step call service
2026-05-04 01:19:10.997 DEBUG (MainThread) [custom_components.multisplit_zone_controller.aux_heat_dispatch] Aux heat for zone living_room_zone -> OFF (entity switch.fake_head_living_heater)
2026-05-04 01:19:10.997 DEBUG (MainThread) [custom_components.multisplit_zone_controller.coordinator] Finished fetching multisplit_zone_controller[unit_1] data in 0.027 seconds (success: True)
2026-05-04 01:19:40.971 DEBUG (MainThread) [custom_components.multisplit_zone_controller.units] Unknown temperature unit '%'; treating value 45.0 as Celsius
2026-05-04 01:19:40.973 DEBUG (MainThread) [custom_components.multisplit_zone_controller.units] Unknown temperature unit '%'; treating value 45.0 as Celsius
2026-05-04 01:19:40.987 DEBUG (MainThread) [custom_components.multisplit_zone_controller.dispatch] Dispatched hvac_mode=off to climate.fake_head_living (zone living_room_zone, re-asserted)
2026-05-04 01:19:40.988 DEBUG (MainThread) [custom_components.multisplit_zone_controller.dispatch] Dispatched hvac_mode=off to climate.fake_head_bedroom (zone bed_zone, re-asserted)
2026-05-04 01:19:40.990 INFO (MainThread) [homeassistant.helpers.script.fake_living_aux_heater_turn_off] Fake Living Aux Heater turn_off: Running template script
2026-05-04 01:19:40.997 INFO (MainThread) [homeassistant.helpers.script.fake_living_aux_heater_turn_off] Fake Living Aux Heater turn_off: Executing step call service
2026-05-04 01:19:40.998 DEBUG (MainThread) [custom_components.multisplit_zone_controller.aux_heat_dispatch] Aux heat for zone living_room_zone -> OFF (entity switch.fake_head_living_heater)
2026-05-04 01:19:40.998 DEBUG (MainThread) [custom_components.multisplit_zone_controller.coordinator] Finished fetching multisplit_zone_controller[unit_1] data in 0.028 seconds (success: True)
2026-05-04 01:20:10.970 DEBUG (MainThread) [custom_components.multisplit_zone_controller.units] Unknown temperature unit '%'; treating value 45.0 as Celsius
2026-05-04 01:20:10.971 DEBUG (MainThread) [custom_components.multisplit_zone_controller.units] Unknown temperature unit '%'; treating value 45.0 as Celsius
2026-05-04 01:20:10.975 DEBUG (MainThread) [custom_components.multisplit_zone_controller.dispatch] Dispatched hvac_mode=off to climate.fake_head_living (zone living_room_zone, re-asserted)
2026-05-04 01:20:10.975 DEBUG (MainThread) [custom_components.multisplit_zone_controller.dispatch] Dispatched hvac_mode=off to climate.fake_head_bedroom (zone bed_zone, re-asserted)
2026-05-04 01:20:10.979 INFO (MainThread) [homeassistant.helpers.script.fake_living_aux_heater_turn_off] Fake Living Aux Heater turn_off: Running template script
2026-05-04 01:20:10.980 INFO (MainThread) [homeassistant.helpers.script.fake_living_aux_heater_turn_off] Fake Living Aux Heater turn_off: Executing step call service
2026-05-04 01:20:10.981 DEBUG (MainThread) [custom_components.multisplit_zone_controller.aux_heat_dispatch] Aux heat for zone living_room_zone -> OFF (entity switch.fake_head_living_heater)
2026-05-04 01:20:10.981 DEBUG (MainThread) [custom_components.multisplit_zone_controller.coordinator] Finished fetching multisplit_zone_controller[unit_1] data in 0.012 seconds (success: True)
2026-05-04 01:20:40.971 DEBUG (MainThread) [custom_components.multisplit_zone_controller.units] Unknown temperature unit '%'; treating value 45.0 as Celsius
2026-05-04 01:20:40.973 DEBUG (MainThread) [custom_components.multisplit_zone_controller.units] Unknown temperature unit '%'; treating value 45.0 as Celsius
2026-05-04 01:20:40.987 DEBUG (MainThread) [custom_components.multisplit_zone_controller.dispatch] Dispatched hvac_mode=off to climate.fake_head_living (zone living_room_zone, re-asserted)
2026-05-04 01:20:40.988 DEBUG (MainThread) [custom_components.multisplit_zone_controller.dispatch] Dispatched hvac_mode=off to climate.fake_head_bedroom (zone bed_zone, re-asserted)
2026-05-04 01:20:40.989 INFO (MainThread) [homeassistant.helpers.script.fake_living_aux_heater_turn_off] Fake Living Aux Heater turn_off: Running template script
2026-05-04 01:20:40.990 INFO (MainThread) [homeassistant.helpers.script.fake_living_aux_heater_turn_off] Fake Living Aux Heater turn_off: Executing step call service
2026-05-04 01:20:40.991 DEBUG (MainThread) [custom_components.multisplit_zone_controller.aux_heat_dispatch] Aux heat for zone living_room_zone -> OFF (entity switch.fake_head_living_heater)
2026-05-04 01:20:40.991 DEBUG (MainThread) [custom_components.multisplit_zone_controller.coordinator] Finished fetching multisplit_zone_controller[unit_1] data in 0.021 seconds (success: True)
2026-05-04 01:21:10.973 DEBUG (MainThread) [custom_components.multisplit_zone_controller.units] Unknown temperature unit '%'; treating value 45.0 as Celsius
2026-05-04 01:21:10.976 DEBUG (MainThread) [custom_components.multisplit_zone_controller.units] Unknown temperature unit '%'; treating value 45.0 as Celsius
2026-05-04 01:21:11.006 DEBUG (MainThread) [custom_components.multisplit_zone_controller.dispatch] Dispatched hvac_mode=off to climate.fake_head_living (zone living_room_zone, re-asserted)
2026-05-04 01:21:11.008 DEBUG (MainThread) [custom_components.multisplit_zone_controller.dispatch] Dispatched hvac_mode=off to climate.fake_head_bedroom (zone bed_zone, re-asserted)
2026-05-04 01:21:11.009 INFO (MainThread) [homeassistant.helpers.script.fake_living_aux_heater_turn_off] Fake Living Aux Heater turn_off: Running template script
2026-05-04 01:21:11.010 INFO (MainThread) [homeassistant.helpers.script.fake_living_aux_heater_turn_off] Fake Living Aux Heater turn_off: Executing step call service
2026-05-04 01:21:11.010 DEBUG (MainThread) [custom_components.multisplit_zone_controller.aux_heat_dispatch] Aux heat for zone living_room_zone -> OFF (entity switch.fake_head_living_heater)
2026-05-04 01:21:11.010 DEBUG (MainThread) [custom_components.multisplit_zone_controller.coordinator] Finished fetching multisplit_zone_controller[unit_1] data in 0.040 seconds (success: True)
2026-05-04 01:21:40.971 DEBUG (MainThread) [custom_components.multisplit_zone_controller.units] Unknown temperature unit '%'; treating value 45.0 as Celsius
2026-05-04 01:21:40.973 DEBUG (MainThread) [custom_components.multisplit_zone_controller.units] Unknown temperature unit '%'; treating value 45.0 as Celsius
2026-05-04 01:21:40.986 DEBUG (MainThread) [custom_components.multisplit_zone_controller.dispatch] Dispatched hvac_mode=off to climate.fake_head_living (zone living_room_zone, re-asserted)
2026-05-04 01:21:40.987 DEBUG (MainThread) [custom_components.multisplit_zone_controller.dispatch] Dispatched hvac_mode=off to climate.fake_head_bedroom (zone bed_zone, re-asserted)
2026-05-04 01:21:40.988 INFO (MainThread) [homeassistant.helpers.script.fake_living_aux_heater_turn_off] Fake Living Aux Heater turn_off: Running template script
2026-05-04 01:21:40.994 INFO (MainThread) [homeassistant.helpers.script.fake_living_aux_heater_turn_off] Fake Living Aux Heater turn_off: Executing step call service
2026-05-04 01:21:40.996 DEBUG (MainThread) [custom_components.multisplit_zone_controller.aux_heat_dispatch] Aux heat for zone living_room_zone -> OFF (entity switch.fake_head_living_heater)
2026-05-04 01:21:40.996 DEBUG (MainThread) [custom_components.multisplit_zone_controller.coordinator] Finished fetching multisplit_zone_controller[unit_1] data in 0.026 seconds (success: True)
2026-05-04 01:22:10.968 DEBUG (MainThread) [custom_components.multisplit_zone_controller.units] Unknown temperature unit '%'; treating value 45.0 as Celsius
2026-05-04 01:22:10.968 DEBUG (MainThread) [custom_components.multisplit_zone_controller.units] Unknown temperature unit '%'; treating value 45.0 as Celsius
2026-05-04 01:22:10.970 DEBUG (MainThread) [custom_components.multisplit_zone_controller.dispatch] Dispatched hvac_mode=off to climate.fake_head_living (zone living_room_zone, re-asserted)
2026-05-04 01:22:10.970 DEBUG (MainThread) [custom_components.multisplit_zone_controller.dispatch] Dispatched hvac_mode=off to climate.fake_head_bedroom (zone bed_zone, re-asserted)
2026-05-04 01:22:10.971 INFO (MainThread) [homeassistant.helpers.script.fake_living_aux_heater_turn_off] Fake Living Aux Heater turn_off: Running template script
2026-05-04 01:22:10.971 INFO (MainThread) [homeassistant.helpers.script.fake_living_aux_heater_turn_off] Fake Living Aux Heater turn_off: Executing step call service
2026-05-04 01:22:10.971 DEBUG (MainThread) [custom_components.multisplit_zone_controller.aux_heat_dispatch] Aux heat for zone living_room_zone -> OFF (entity switch.fake_head_living_heater)
2026-05-04 01:22:10.971 DEBUG (MainThread) [custom_components.multisplit_zone_controller.coordinator] Finished fetching multisplit_zone_controller[unit_1] data in 0.003 seconds (success: True)
2026-05-04 01:22:40.971 DEBUG (MainThread) [custom_components.multisplit_zone_controller.units] Unknown temperature unit '%'; treating value 45.0 as Celsius
2026-05-04 01:22:40.973 DEBUG (MainThread) [custom_components.multisplit_zone_controller.units] Unknown temperature unit '%'; treating value 45.0 as Celsius
2026-05-04 01:22:40.984 DEBUG (MainThread) [custom_components.multisplit_zone_controller.dispatch] Dispatched hvac_mode=off to climate.fake_head_living (zone living_room_zone, re-asserted)
2026-05-04 01:22:40.984 DEBUG (MainThread) [custom_components.multisplit_zone_controller.dispatch] Dispatched hvac_mode=off to climate.fake_head_bedroom (zone bed_zone, re-asserted)
2026-05-04 01:22:40.986 INFO (MainThread) [homeassistant.helpers.script.fake_living_aux_heater_turn_off] Fake Living Aux Heater turn_off: Running template script
2026-05-04 01:22:40.989 INFO (MainThread) [homeassistant.helpers.script.fake_living_aux_heater_turn_off] Fake Living Aux Heater turn_off: Executing step call service
2026-05-04 01:22:40.991 DEBUG (MainThread) [custom_components.multisplit_zone_controller.aux_heat_dispatch] Aux heat for zone living_room_zone -> OFF (entity switch.fake_head_living_heater)
2026-05-04 01:22:40.991 DEBUG (MainThread) [custom_components.multisplit_zone_controller.coordinator] Finished fetching multisplit_zone_controller[unit_1] data in 0.021 seconds (success: True)
2026-05-04 01:23:10.979 DEBUG (MainThread) [custom_components.multisplit_zone_controller.units] Unknown temperature unit '%'; treating value 45.0 as Celsius
2026-05-04 01:23:10.984 DEBUG (MainThread) [custom_components.multisplit_zone_controller.units] Unknown temperature unit '%'; treating value 45.0 as Celsius
2026-05-04 01:23:10.994 DEBUG (MainThread) [custom_components.multisplit_zone_controller.dispatch] Dispatched hvac_mode=off to climate.fake_head_living (zone living_room_zone, re-asserted)
2026-05-04 01:23:10.996 DEBUG (MainThread) [custom_components.multisplit_zone_controller.dispatch] Dispatched hvac_mode=off to climate.fake_head_bedroom (zone bed_zone, re-asserted)
2026-05-04 01:23:11.006 INFO (MainThread) [homeassistant.helpers.script.fake_living_aux_heater_turn_off] Fake Living Aux Heater turn_off: Running template script
2026-05-04 01:23:11.010 INFO (MainThread) [homeassistant.helpers.script.fake_living_aux_heater_turn_off] Fake Living Aux Heater turn_off: Executing step call service
2026-05-04 01:23:11.011 DEBUG (MainThread) [custom_components.multisplit_zone_controller.aux_heat_dispatch] Aux heat for zone living_room_zone -> OFF (entity switch.fake_head_living_heater)
2026-05-04 01:23:11.012 DEBUG (MainThread) [custom_components.multisplit_zone_controller.coordinator] Finished fetching multisplit_zone_controller[unit_1] data in 0.034 seconds (success: True)
2026-05-04 01:23:40.974 DEBUG (MainThread) [custom_components.multisplit_zone_controller.units] Unknown temperature unit '%'; treating value 45.0 as Celsius
2026-05-04 01:23:40.974 DEBUG (MainThread) [custom_components.multisplit_zone_controller.units] Unknown temperature unit '%'; treating value 45.0 as Celsius
2026-05-04 01:23:40.978 DEBUG (MainThread) [custom_components.multisplit_zone_controller.dispatch] Dispatched hvac_mode=off to climate.fake_head_living (zone living_room_zone, re-asserted)
2026-05-04 01:23:40.978 DEBUG (MainThread) [custom_components.multisplit_zone_controller.dispatch] Dispatched hvac_mode=off to climate.fake_head_bedroom (zone bed_zone, re-asserted)
2026-05-04 01:23:40.979 INFO (MainThread) [homeassistant.helpers.script.fake_living_aux_heater_turn_off] Fake Living Aux Heater turn_off: Running template script
2026-05-04 01:23:40.979 INFO (MainThread) [homeassistant.helpers.script.fake_living_aux_heater_turn_off] Fake Living Aux Heater turn_off: Executing step call service
2026-05-04 01:23:40.985 DEBUG (MainThread) [custom_components.multisplit_zone_controller.aux_heat_dispatch] Aux heat for zone living_room_zone -> OFF (entity switch.fake_head_living_heater)
2026-05-04 01:23:40.985 DEBUG (MainThread) [custom_components.multisplit_zone_controller.coordinator] Finished fetching multisplit_zone_controller[unit_1] data in 0.012 seconds (success: True)
2026-05-04 01:24:10.972 DEBUG (MainThread) [custom_components.multisplit_zone_controller.units] Unknown temperature unit '%'; treating value 45.0 as Celsius
2026-05-04 01:24:10.979 DEBUG (MainThread) [custom_components.multisplit_zone_controller.units] Unknown temperature unit '%'; treating value 45.0 as Celsius
2026-05-04 01:24:10.998 DEBUG (MainThread) [custom_components.multisplit_zone_controller.dispatch] Dispatched hvac_mode=off to climate.fake_head_living (zone living_room_zone, re-asserted)
2026-05-04 01:24:10.999 DEBUG (MainThread) [custom_components.multisplit_zone_controller.dispatch] Dispatched hvac_mode=off to climate.fake_head_bedroom (zone bed_zone, re-asserted)
2026-05-04 01:24:10.999 INFO (MainThread) [homeassistant.helpers.script.fake_living_aux_heater_turn_off] Fake Living Aux Heater turn_off: Running template script
2026-05-04 01:24:11.000 INFO (MainThread) [homeassistant.helpers.script.fake_living_aux_heater_turn_off] Fake Living Aux Heater turn_off: Executing step call service
2026-05-04 01:24:11.000 DEBUG (MainThread) [custom_components.multisplit_zone_controller.aux_heat_dispatch] Aux heat for zone living_room_zone -> OFF (entity switch.fake_head_living_heater)
2026-05-04 01:24:11.000 DEBUG (MainThread) [custom_components.multisplit_zone_controller.coordinator] Finished fetching multisplit_zone_controller[unit_1] data in 0.030 seconds (success: True)
2026-05-04 01:24:40.972 DEBUG (MainThread) [custom_components.multisplit_zone_controller.units] Unknown temperature unit '%'; treating value 45.0 as Celsius
2026-05-04 01:24:40.974 DEBUG (MainThread) [custom_components.multisplit_zone_controller.units] Unknown temperature unit '%'; treating value 45.0 as Celsius
2026-05-04 01:24:40.994 DEBUG (MainThread) [custom_components.multisplit_zone_controller.dispatch] Dispatched hvac_mode=off to climate.fake_head_living (zone living_room_zone, re-asserted)
2026-05-04 01:24:40.995 DEBUG (MainThread) [custom_components.multisplit_zone_controller.dispatch] Dispatched hvac_mode=off to climate.fake_head_bedroom (zone bed_zone, re-asserted)
2026-05-04 01:24:40.997 INFO (MainThread) [homeassistant.helpers.script.fake_living_aux_heater_turn_off] Fake Living Aux Heater turn_off: Running template script
2026-05-04 01:24:40.997 INFO (MainThread) [homeassistant.helpers.script.fake_living_aux_heater_turn_off] Fake Living Aux Heater turn_off: Executing step call service
2026-05-04 01:24:40.999 DEBUG (MainThread) [custom_components.multisplit_zone_controller.aux_heat_dispatch] Aux heat for zone living_room_zone -> OFF (entity switch.fake_head_living_heater)
2026-05-04 01:24:40.999 DEBUG (MainThread) [custom_components.multisplit_zone_controller.coordinator] Finished fetching multisplit_zone_controller[unit_1] data in 0.028 seconds (success: True)
2026-05-04 01:25:10.969 DEBUG (MainThread) [custom_components.multisplit_zone_controller.units] Unknown temperature unit '%'; treating value 45.0 as Celsius
2026-05-04 01:25:10.969 DEBUG (MainThread) [custom_components.multisplit_zone_controller.units] Unknown temperature unit '%'; treating value 45.0 as Celsius
2026-05-04 01:25:10.971 DEBUG (MainThread) [custom_components.multisplit_zone_controller.dispatch] Dispatched hvac_mode=off to climate.fake_head_living (zone living_room_zone, re-asserted)
2026-05-04 01:25:10.972 DEBUG (MainThread) [custom_components.multisplit_zone_controller.dispatch] Dispatched hvac_mode=off to climate.fake_head_bedroom (zone bed_zone, re-asserted)
2026-05-04 01:25:10.972 INFO (MainThread) [homeassistant.helpers.script.fake_living_aux_heater_turn_off] Fake Living Aux Heater turn_off: Running template script
2026-05-04 01:25:10.972 INFO (MainThread) [homeassistant.helpers.script.fake_living_aux_heater_turn_off] Fake Living Aux Heater turn_off: Executing step call service
2026-05-04 01:25:10.973 DEBUG (MainThread) [custom_components.multisplit_zone_controller.aux_heat_dispatch] Aux heat for zone living_room_zone -> OFF (entity switch.fake_head_living_heater)
2026-05-04 01:25:10.973 DEBUG (MainThread) [custom_components.multisplit_zone_controller.coordinator] Finished fetching multisplit_zone_controller[unit_1] data in 0.005 seconds (success: True)
2026-05-04 01:25:40.969 DEBUG (MainThread) [custom_components.multisplit_zone_controller.units] Unknown temperature unit '%'; treating value 45.0 as Celsius
2026-05-04 01:25:40.970 DEBUG (MainThread) [custom_components.multisplit_zone_controller.units] Unknown temperature unit '%'; treating value 45.0 as Celsius
2026-05-04 01:25:40.972 DEBUG (MainThread) [custom_components.multisplit_zone_controller.dispatch] Dispatched hvac_mode=off to climate.fake_head_living (zone living_room_zone, re-asserted)
2026-05-04 01:25:40.972 DEBUG (MainThread) [custom_components.multisplit_zone_controller.dispatch] Dispatched hvac_mode=off to climate.fake_head_bedroom (zone bed_zone, re-asserted)
2026-05-04 01:25:40.972 INFO (MainThread) [homeassistant.helpers.script.fake_living_aux_heater_turn_off] Fake Living Aux Heater turn_off: Running template script
2026-05-04 01:25:40.973 INFO (MainThread) [homeassistant.helpers.script.fake_living_aux_heater_turn_off] Fake Living Aux Heater turn_off: Executing step call service
2026-05-04 01:25:40.973 DEBUG (MainThread) [custom_components.multisplit_zone_controller.aux_heat_dispatch] Aux heat for zone living_room_zone -> OFF (entity switch.fake_head_living_heater)
2026-05-04 01:25:40.973 DEBUG (MainThread) [custom_components.multisplit_zone_controller.coordinator] Finished fetching multisplit_zone_controller[unit_1] data in 0.004 seconds (success: True)
2026-05-04 01:26:10.968 DEBUG (MainThread) [custom_components.multisplit_zone_controller.units] Unknown temperature unit '%'; treating value 45.0 as Celsius
2026-05-04 01:26:10.969 DEBUG (MainThread) [custom_components.multisplit_zone_controller.units] Unknown temperature unit '%'; treating value 45.0 as Celsius
2026-05-04 01:26:10.970 DEBUG (MainThread) [custom_components.multisplit_zone_controller.dispatch] Dispatched hvac_mode=off to climate.fake_head_living (zone living_room_zone, re-asserted)
2026-05-04 01:26:10.970 DEBUG (MainThread) [custom_components.multisplit_zone_controller.dispatch] Dispatched hvac_mode=off to climate.fake_head_bedroom (zone bed_zone, re-asserted)
2026-05-04 01:26:10.970 INFO (MainThread) [homeassistant.helpers.script.fake_living_aux_heater_turn_off] Fake Living Aux Heater turn_off: Running template script
2026-05-04 01:26:10.971 INFO (MainThread) [homeassistant.helpers.script.fake_living_aux_heater_turn_off] Fake Living Aux Heater turn_off: Executing step call service
2026-05-04 01:26:10.971 DEBUG (MainThread) [custom_components.multisplit_zone_controller.aux_heat_dispatch] Aux heat for zone living_room_zone -> OFF (entity switch.fake_head_living_heater)
2026-05-04 01:26:10.971 DEBUG (MainThread) [custom_components.multisplit_zone_controller.coordinator] Finished fetching multisplit_zone_controller[unit_1] data in 0.003 seconds (success: True)
2026-05-04 01:26:40.968 DEBUG (MainThread) [custom_components.multisplit_zone_controller.units] Unknown temperature unit '%'; treating value 45.0 as Celsius
2026-05-04 01:26:40.969 DEBUG (MainThread) [custom_components.multisplit_zone_controller.units] Unknown temperature unit '%'; treating value 45.0 as Celsius
2026-05-04 01:26:40.971 DEBUG (MainThread) [custom_components.multisplit_zone_controller.dispatch] Dispatched hvac_mode=off to climate.fake_head_living (zone living_room_zone, re-asserted)
2026-05-04 01:26:40.971 DEBUG (MainThread) [custom_components.multisplit_zone_controller.dispatch] Dispatched hvac_mode=off to climate.fake_head_bedroom (zone bed_zone, re-asserted)
2026-05-04 01:26:40.971 INFO (MainThread) [homeassistant.helpers.script.fake_living_aux_heater_turn_off] Fake Living Aux Heater turn_off: Running template script
2026-05-04 01:26:40.972 INFO (MainThread) [homeassistant.helpers.script.fake_living_aux_heater_turn_off] Fake Living Aux Heater turn_off: Executing step call service
2026-05-04 01:26:40.972 DEBUG (MainThread) [custom_components.multisplit_zone_controller.aux_heat_dispatch] Aux heat for zone living_room_zone -> OFF (entity switch.fake_head_living_heater)
2026-05-04 01:26:40.972 DEBUG (MainThread) [custom_components.multisplit_zone_controller.coordinator] Finished fetching multisplit_zone_controller[unit_1] data in 0.004 seconds (success: True)
2026-05-04 01:27:10.968 DEBUG (MainThread) [custom_components.multisplit_zone_controller.units] Unknown temperature unit '%'; treating value 45.0 as Celsius
2026-05-04 01:27:10.969 DEBUG (MainThread) [custom_components.multisplit_zone_controller.units] Unknown temperature unit '%'; treating value 45.0 as Celsius
2026-05-04 01:27:10.970 DEBUG (MainThread) [custom_components.multisplit_zone_controller.dispatch] Dispatched hvac_mode=off to climate.fake_head_living (zone living_room_zone, re-asserted)
2026-05-04 01:27:10.970 DEBUG (MainThread) [custom_components.multisplit_zone_controller.dispatch] Dispatched hvac_mode=off to climate.fake_head_bedroom (zone bed_zone, re-asserted)
2026-05-04 01:27:10.971 INFO (MainThread) [homeassistant.helpers.script.fake_living_aux_heater_turn_off] Fake Living Aux Heater turn_off: Running template script
2026-05-04 01:27:10.971 INFO (MainThread) [homeassistant.helpers.script.fake_living_aux_heater_turn_off] Fake Living Aux Heater turn_off: Executing step call service
2026-05-04 01:27:10.971 DEBUG (MainThread) [custom_components.multisplit_zone_controller.aux_heat_dispatch] Aux heat for zone living_room_zone -> OFF (entity switch.fake_head_living_heater)
2026-05-04 01:27:10.971 DEBUG (MainThread) [custom_components.multisplit_zone_controller.coordinator] Finished fetching multisplit_zone_controller[unit_1] data in 0.003 seconds (success: True)
2026-05-04 01:27:40.970 DEBUG (MainThread) [custom_components.multisplit_zone_controller.units] Unknown temperature unit '%'; treating value 45.0 as Celsius
2026-05-04 01:27:40.971 DEBUG (MainThread) [custom_components.multisplit_zone_controller.units] Unknown temperature unit '%'; treating value 45.0 as Celsius
2026-05-04 01:27:40.976 DEBUG (MainThread) [custom_components.multisplit_zone_controller.dispatch] Dispatched hvac_mode=off to climate.fake_head_living (zone living_room_zone, re-asserted)
2026-05-04 01:27:40.977 DEBUG (MainThread) [custom_components.multisplit_zone_controller.dispatch] Dispatched hvac_mode=off to climate.fake_head_bedroom (zone bed_zone, re-asserted)
2026-05-04 01:27:40.985 INFO (MainThread) [homeassistant.helpers.script.fake_living_aux_heater_turn_off] Fake Living Aux Heater turn_off: Running template script
2026-05-04 01:27:40.985 INFO (MainThread) [homeassistant.helpers.script.fake_living_aux_heater_turn_off] Fake Living Aux Heater turn_off: Executing step call service
2026-05-04 01:27:40.986 DEBUG (MainThread) [custom_components.multisplit_zone_controller.aux_heat_dispatch] Aux heat for zone living_room_zone -> OFF (entity switch.fake_head_living_heater)
2026-05-04 01:27:40.986 DEBUG (MainThread) [custom_components.multisplit_zone_controller.coordinator] Finished fetching multisplit_zone_controller[unit_1] data in 0.018 seconds (success: True)
2026-05-04 01:28:10.969 DEBUG (MainThread) [custom_components.multisplit_zone_controller.units] Unknown temperature unit '%'; treating value 45.0 as Celsius
2026-05-04 01:28:10.969 DEBUG (MainThread) [custom_components.multisplit_zone_controller.units] Unknown temperature unit '%'; treating value 45.0 as Celsius
2026-05-04 01:28:10.973 DEBUG (MainThread) [custom_components.multisplit_zone_controller.dispatch] Dispatched hvac_mode=off to climate.fake_head_living (zone living_room_zone, re-asserted)
2026-05-04 01:28:10.974 DEBUG (MainThread) [custom_components.multisplit_zone_controller.dispatch] Dispatched hvac_mode=off to climate.fake_head_bedroom (zone bed_zone, re-asserted)
2026-05-04 01:28:10.974 INFO (MainThread) [homeassistant.helpers.script.fake_living_aux_heater_turn_off] Fake Living Aux Heater turn_off: Running template script
2026-05-04 01:28:10.974 INFO (MainThread) [homeassistant.helpers.script.fake_living_aux_heater_turn_off] Fake Living Aux Heater turn_off: Executing step call service
2026-05-04 01:28:10.978 DEBUG (MainThread) [custom_components.multisplit_zone_controller.aux_heat_dispatch] Aux heat for zone living_room_zone -> OFF (entity switch.fake_head_living_heater)
2026-05-04 01:28:10.978 DEBUG (MainThread) [custom_components.multisplit_zone_controller.coordinator] Finished fetching multisplit_zone_controller[unit_1] data in 0.010 seconds (success: True)
2026-05-04 01:28:40.970 DEBUG (MainThread) [custom_components.multisplit_zone_controller.units] Unknown temperature unit '%'; treating value 45.0 as Celsius
2026-05-04 01:28:40.970 DEBUG (MainThread) [custom_components.multisplit_zone_controller.units] Unknown temperature unit '%'; treating value 45.0 as Celsius
2026-05-04 01:28:40.972 DEBUG (MainThread) [custom_components.multisplit_zone_controller.dispatch] Dispatched hvac_mode=off to climate.fake_head_living (zone living_room_zone, re-asserted)
2026-05-04 01:28:40.973 DEBUG (MainThread) [custom_components.multisplit_zone_controller.dispatch] Dispatched hvac_mode=off to climate.fake_head_bedroom (zone bed_zone, re-asserted)
2026-05-04 01:28:40.973 INFO (MainThread) [homeassistant.helpers.script.fake_living_aux_heater_turn_off] Fake Living Aux Heater turn_off: Running template script
2026-05-04 01:28:40.973 INFO (MainThread) [homeassistant.helpers.script.fake_living_aux_heater_turn_off] Fake Living Aux Heater turn_off: Executing step call service
2026-05-04 01:28:40.974 DEBUG (MainThread) [custom_components.multisplit_zone_controller.aux_heat_dispatch] Aux heat for zone living_room_zone -> OFF (entity switch.fake_head_living_heater)
2026-05-04 01:28:40.974 DEBUG (MainThread) [custom_components.multisplit_zone_controller.coordinator] Finished fetching multisplit_zone_controller[unit_1] data in 0.005 seconds (success: True)
2026-05-04 01:29:10.970 DEBUG (MainThread) [custom_components.multisplit_zone_controller.units] Unknown temperature unit '%'; treating value 45.0 as Celsius
2026-05-04 01:29:10.971 DEBUG (MainThread) [custom_components.multisplit_zone_controller.units] Unknown temperature unit '%'; treating value 45.0 as Celsius
2026-05-04 01:29:10.976 DEBUG (MainThread) [custom_components.multisplit_zone_controller.dispatch] Dispatched hvac_mode=off to climate.fake_head_living (zone living_room_zone, re-asserted)
2026-05-04 01:29:10.976 DEBUG (MainThread) [custom_components.multisplit_zone_controller.dispatch] Dispatched hvac_mode=off to climate.fake_head_bedroom (zone bed_zone, re-asserted)
2026-05-04 01:29:10.983 INFO (MainThread) [homeassistant.helpers.script.fake_living_aux_heater_turn_off] Fake Living Aux Heater turn_off: Running template script
2026-05-04 01:29:10.984 INFO (MainThread) [homeassistant.helpers.script.fake_living_aux_heater_turn_off] Fake Living Aux Heater turn_off: Executing step call service
2026-05-04 01:29:10.985 DEBUG (MainThread) [custom_components.multisplit_zone_controller.aux_heat_dispatch] Aux heat for zone living_room_zone -> OFF (entity switch.fake_head_living_heater)
2026-05-04 01:29:10.985 DEBUG (MainThread) [custom_components.multisplit_zone_controller.coordinator] Finished fetching multisplit_zone_controller[unit_1] data in 0.016 seconds (success: True)
2026-05-04 01:29:40.970 DEBUG (MainThread) [custom_components.multisplit_zone_controller.units] Unknown temperature unit '%'; treating value 45.0 as Celsius
2026-05-04 01:29:40.971 DEBUG (MainThread) [custom_components.multisplit_zone_controller.units] Unknown temperature unit '%'; treating value 45.0 as Celsius
2026-05-04 01:29:40.972 DEBUG (MainThread) [custom_components.multisplit_zone_controller.dispatch] Dispatched hvac_mode=off to climate.fake_head_living (zone living_room_zone, re-asserted)
2026-05-04 01:29:40.973 DEBUG (MainThread) [custom_components.multisplit_zone_controller.dispatch] Dispatched hvac_mode=off to climate.fake_head_bedroom (zone bed_zone, re-asserted)
2026-05-04 01:29:40.973 INFO (MainThread) [homeassistant.helpers.script.fake_living_aux_heater_turn_off] Fake Living Aux Heater turn_off: Running template script
2026-05-04 01:29:40.973 INFO (MainThread) [homeassistant.helpers.script.fake_living_aux_heater_turn_off] Fake Living Aux Heater turn_off: Executing step call service
2026-05-04 01:29:40.974 DEBUG (MainThread) [custom_components.multisplit_zone_controller.aux_heat_dispatch] Aux heat for zone living_room_zone -> OFF (entity switch.fake_head_living_heater)
2026-05-04 01:29:40.974 DEBUG (MainThread) [custom_components.multisplit_zone_controller.coordinator] Finished fetching multisplit_zone_controller[unit_1] data in 0.004 seconds (success: True)
2026-05-04 01:30:10.969 DEBUG (MainThread) [custom_components.multisplit_zone_controller.units] Unknown temperature unit '%'; treating value 45.0 as Celsius
2026-05-04 01:30:10.969 DEBUG (MainThread) [custom_components.multisplit_zone_controller.units] Unknown temperature unit '%'; treating value 45.0 as Celsius
2026-05-04 01:30:10.970 DEBUG (MainThread) [custom_components.multisplit_zone_controller.dispatch] Dispatched hvac_mode=off to climate.fake_head_living (zone living_room_zone, re-asserted)
2026-05-04 01:30:10.971 DEBUG (MainThread) [custom_components.multisplit_zone_controller.dispatch] Dispatched hvac_mode=off to climate.fake_head_bedroom (zone bed_zone, re-asserted)
2026-05-04 01:30:10.971 INFO (MainThread) [homeassistant.helpers.script.fake_living_aux_heater_turn_off] Fake Living Aux Heater turn_off: Running template script
2026-05-04 01:30:10.971 INFO (MainThread) [homeassistant.helpers.script.fake_living_aux_heater_turn_off] Fake Living Aux Heater turn_off: Executing step call service
2026-05-04 01:30:10.971 DEBUG (MainThread) [custom_components.multisplit_zone_controller.aux_heat_dispatch] Aux heat for zone living_room_zone -> OFF (entity switch.fake_head_living_heater)
2026-05-04 01:30:10.971 DEBUG (MainThread) [custom_components.multisplit_zone_controller.coordinator] Finished fetching multisplit_zone_controller[unit_1] data in 0.003 seconds (success: True)
2026-05-04 01:30:40.973 DEBUG (MainThread) [custom_components.multisplit_zone_controller.units] Unknown temperature unit '%'; treating value 45.0 as Celsius
2026-05-04 01:30:40.975 DEBUG (MainThread) [custom_components.multisplit_zone_controller.units] Unknown temperature unit '%'; treating value 45.0 as Celsius
2026-05-04 01:30:40.988 DEBUG (MainThread) [custom_components.multisplit_zone_controller.dispatch] Dispatched hvac_mode=off to climate.fake_head_living (zone living_room_zone, re-asserted)
2026-05-04 01:30:40.988 DEBUG (MainThread) [custom_components.multisplit_zone_controller.dispatch] Dispatched hvac_mode=off to climate.fake_head_bedroom (zone bed_zone, re-asserted)
2026-05-04 01:30:40.990 INFO (MainThread) [homeassistant.helpers.script.fake_living_aux_heater_turn_off] Fake Living Aux Heater turn_off: Running template script
2026-05-04 01:30:40.991 INFO (MainThread) [homeassistant.helpers.script.fake_living_aux_heater_turn_off] Fake Living Aux Heater turn_off: Executing step call service
2026-05-04 01:30:40.992 DEBUG (MainThread) [custom_components.multisplit_zone_controller.aux_heat_dispatch] Aux heat for zone living_room_zone -> OFF (entity switch.fake_head_living_heater)
2026-05-04 01:30:40.992 DEBUG (MainThread) [custom_components.multisplit_zone_controller.coordinator] Finished fetching multisplit_zone_controller[unit_1] data in 0.021 seconds (success: True)
2026-05-04 01:31:10.969 DEBUG (MainThread) [custom_components.multisplit_zone_controller.units] Unknown temperature unit '%'; treating value 45.0 as Celsius
2026-05-04 01:31:10.969 DEBUG (MainThread) [custom_components.multisplit_zone_controller.units] Unknown temperature unit '%'; treating value 45.0 as Celsius
2026-05-04 01:31:10.971 DEBUG (MainThread) [custom_components.multisplit_zone_controller.dispatch] Dispatched hvac_mode=off to climate.fake_head_living (zone living_room_zone, re-asserted)
2026-05-04 01:31:10.971 DEBUG (MainThread) [custom_components.multisplit_zone_controller.dispatch] Dispatched hvac_mode=off to climate.fake_head_bedroom (zone bed_zone, re-asserted)
2026-05-04 01:31:10.971 INFO (MainThread) [homeassistant.helpers.script.fake_living_aux_heater_turn_off] Fake Living Aux Heater turn_off: Running template script
2026-05-04 01:31:10.972 INFO (MainThread) [homeassistant.helpers.script.fake_living_aux_heater_turn_off] Fake Living Aux Heater turn_off: Executing step call service
2026-05-04 01:31:10.972 DEBUG (MainThread) [custom_components.multisplit_zone_controller.aux_heat_dispatch] Aux heat for zone living_room_zone -> OFF (entity switch.fake_head_living_heater)
2026-05-04 01:31:10.972 DEBUG (MainThread) [custom_components.multisplit_zone_controller.coordinator] Finished fetching multisplit_zone_controller[unit_1] data in 0.003 seconds (success: True)
2026-05-04 01:31:40.970 DEBUG (MainThread) [custom_components.multisplit_zone_controller.units] Unknown temperature unit '%'; treating value 45.0 as Celsius
2026-05-04 01:31:40.970 DEBUG (MainThread) [custom_components.multisplit_zone_controller.units] Unknown temperature unit '%'; treating value 45.0 as Celsius
2026-05-04 01:31:40.972 DEBUG (MainThread) [custom_components.multisplit_zone_controller.dispatch] Dispatched hvac_mode=off to climate.fake_head_living (zone living_room_zone, re-asserted)
2026-05-04 01:31:40.972 DEBUG (MainThread) [custom_components.multisplit_zone_controller.dispatch] Dispatched hvac_mode=off to climate.fake_head_bedroom (zone bed_zone, re-asserted)
2026-05-04 01:31:40.973 INFO (MainThread) [homeassistant.helpers.script.fake_living_aux_heater_turn_off] Fake Living Aux Heater turn_off: Running template script
2026-05-04 01:31:40.973 INFO (MainThread) [homeassistant.helpers.script.fake_living_aux_heater_turn_off] Fake Living Aux Heater turn_off: Executing step call service
2026-05-04 01:31:40.973 DEBUG (MainThread) [custom_components.multisplit_zone_controller.aux_heat_dispatch] Aux heat for zone living_room_zone -> OFF (entity switch.fake_head_living_heater)
2026-05-04 01:31:40.973 DEBUG (MainThread) [custom_components.multisplit_zone_controller.coordinator] Finished fetching multisplit_zone_controller[unit_1] data in 0.004 seconds (success: True)
2026-05-04 01:32:10.970 DEBUG (MainThread) [custom_components.multisplit_zone_controller.units] Unknown temperature unit '%'; treating value 45.0 as Celsius
2026-05-04 01:32:10.971 DEBUG (MainThread) [custom_components.multisplit_zone_controller.units] Unknown temperature unit '%'; treating value 45.0 as Celsius
2026-05-04 01:32:10.974 DEBUG (MainThread) [custom_components.multisplit_zone_controller.dispatch] Dispatched hvac_mode=off to climate.fake_head_living (zone living_room_zone, re-asserted)
2026-05-04 01:32:10.974 DEBUG (MainThread) [custom_components.multisplit_zone_controller.dispatch] Dispatched hvac_mode=off to climate.fake_head_bedroom (zone bed_zone, re-asserted)
2026-05-04 01:32:10.975 INFO (MainThread) [homeassistant.helpers.script.fake_living_aux_heater_turn_off] Fake Living Aux Heater turn_off: Running template script
2026-05-04 01:32:10.976 INFO (MainThread) [homeassistant.helpers.script.fake_living_aux_heater_turn_off] Fake Living Aux Heater turn_off: Executing step call service
2026-05-04 01:32:10.982 DEBUG (MainThread) [custom_components.multisplit_zone_controller.aux_heat_dispatch] Aux heat for zone living_room_zone -> OFF (entity switch.fake_head_living_heater)
2026-05-04 01:32:10.982 DEBUG (MainThread) [custom_components.multisplit_zone_controller.coordinator] Finished fetching multisplit_zone_controller[unit_1] data in 0.013 seconds (success: True)
2026-05-04 01:32:40.970 DEBUG (MainThread) [custom_components.multisplit_zone_controller.units] Unknown temperature unit '%'; treating value 45.0 as Celsius
2026-05-04 01:32:40.970 DEBUG (MainThread) [custom_components.multisplit_zone_controller.units] Unknown temperature unit '%'; treating value 45.0 as Celsius
2026-05-04 01:32:40.972 DEBUG (MainThread) [custom_components.multisplit_zone_controller.dispatch] Dispatched hvac_mode=off to climate.fake_head_living (zone living_room_zone, re-asserted)
2026-05-04 01:32:40.972 DEBUG (MainThread) [custom_components.multisplit_zone_controller.dispatch] Dispatched hvac_mode=off to climate.fake_head_bedroom (zone bed_zone, re-asserted)
2026-05-04 01:32:40.972 INFO (MainThread) [homeassistant.helpers.script.fake_living_aux_heater_turn_off] Fake Living Aux Heater turn_off: Running template script
2026-05-04 01:32:40.972 INFO (MainThread) [homeassistant.helpers.script.fake_living_aux_heater_turn_off] Fake Living Aux Heater turn_off: Executing step call service
2026-05-04 01:32:40.973 DEBUG (MainThread) [custom_components.multisplit_zone_controller.aux_heat_dispatch] Aux heat for zone living_room_zone -> OFF (entity switch.fake_head_living_heater)
2026-05-04 01:32:40.973 DEBUG (MainThread) [custom_components.multisplit_zone_controller.coordinator] Finished fetching multisplit_zone_controller[unit_1] data in 0.003 seconds (success: True)
2026-05-04 01:33:10.970 DEBUG (MainThread) [custom_components.multisplit_zone_controller.units] Unknown temperature unit '%'; treating value 45.0 as Celsius
2026-05-04 01:33:10.970 DEBUG (MainThread) [custom_components.multisplit_zone_controller.units] Unknown temperature unit '%'; treating value 45.0 as Celsius
2026-05-04 01:33:10.984 DEBUG (MainThread) [custom_components.multisplit_zone_controller.dispatch] Dispatched hvac_mode=off to climate.fake_head_living (zone living_room_zone, re-asserted)
2026-05-04 01:33:10.984 DEBUG (MainThread) [custom_components.multisplit_zone_controller.dispatch] Dispatched hvac_mode=off to climate.fake_head_bedroom (zone bed_zone, re-asserted)
2026-05-04 01:33:10.985 INFO (MainThread) [homeassistant.helpers.script.fake_living_aux_heater_turn_off] Fake Living Aux Heater turn_off: Running template script
2026-05-04 01:33:10.986 INFO (MainThread) [homeassistant.helpers.script.fake_living_aux_heater_turn_off] Fake Living Aux Heater turn_off: Executing step call service
2026-05-04 01:33:10.988 DEBUG (MainThread) [custom_components.multisplit_zone_controller.aux_heat_dispatch] Aux heat for zone living_room_zone -> OFF (entity switch.fake_head_living_heater)
2026-05-04 01:33:10.988 DEBUG (MainThread) [custom_components.multisplit_zone_controller.coordinator] Finished fetching multisplit_zone_controller[unit_1] data in 0.019 seconds (success: True)
2026-05-04 01:33:40.970 DEBUG (MainThread) [custom_components.multisplit_zone_controller.units] Unknown temperature unit '%'; treating value 45.0 as Celsius
2026-05-04 01:33:40.971 DEBUG (MainThread) [custom_components.multisplit_zone_controller.units] Unknown temperature unit '%'; treating value 45.0 as Celsius
2026-05-04 01:33:40.973 DEBUG (MainThread) [custom_components.multisplit_zone_controller.dispatch] Dispatched hvac_mode=off to climate.fake_head_living (zone living_room_zone, re-asserted)
2026-05-04 01:33:40.973 DEBUG (MainThread) [custom_components.multisplit_zone_controller.dispatch] Dispatched hvac_mode=off to climate.fake_head_bedroom (zone bed_zone, re-asserted)
2026-05-04 01:33:40.974 INFO (MainThread) [homeassistant.helpers.script.fake_living_aux_heater_turn_off] Fake Living Aux Heater turn_off: Running template script
2026-05-04 01:33:40.974 INFO (MainThread) [homeassistant.helpers.script.fake_living_aux_heater_turn_off] Fake Living Aux Heater turn_off: Executing step call service
2026-05-04 01:33:40.975 DEBUG (MainThread) [custom_components.multisplit_zone_controller.aux_heat_dispatch] Aux heat for zone living_room_zone -> OFF (entity switch.fake_head_living_heater)
2026-05-04 01:33:40.975 DEBUG (MainThread) [custom_components.multisplit_zone_controller.coordinator] Finished fetching multisplit_zone_controller[unit_1] data in 0.005 seconds (success: True)
2026-05-04 01:34:10.970 DEBUG (MainThread) [custom_components.multisplit_zone_controller.units] Unknown temperature unit '%'; treating value 45.0 as Celsius
2026-05-04 01:34:10.971 DEBUG (MainThread) [custom_components.multisplit_zone_controller.units] Unknown temperature unit '%'; treating value 45.0 as Celsius
2026-05-04 01:34:10.975 DEBUG (MainThread) [custom_components.multisplit_zone_controller.dispatch] Dispatched hvac_mode=off to climate.fake_head_living (zone living_room_zone, re-asserted)
2026-05-04 01:34:10.975 DEBUG (MainThread) [custom_components.multisplit_zone_controller.dispatch] Dispatched hvac_mode=off to climate.fake_head_bedroom (zone bed_zone, re-asserted)
2026-05-04 01:34:10.976 INFO (MainThread) [homeassistant.helpers.script.fake_living_aux_heater_turn_off] Fake Living Aux Heater turn_off: Running template script
2026-05-04 01:34:10.983 INFO (MainThread) [homeassistant.helpers.script.fake_living_aux_heater_turn_off] Fake Living Aux Heater turn_off: Executing step call service
2026-05-04 01:34:10.984 DEBUG (MainThread) [custom_components.multisplit_zone_controller.aux_heat_dispatch] Aux heat for zone living_room_zone -> OFF (entity switch.fake_head_living_heater)
2026-05-04 01:34:10.984 DEBUG (MainThread) [custom_components.multisplit_zone_controller.coordinator] Finished fetching multisplit_zone_controller[unit_1] data in 0.015 seconds (success: True)
2026-05-04 01:34:40.971 DEBUG (MainThread) [custom_components.multisplit_zone_controller.units] Unknown temperature unit '%'; treating value 45.0 as Celsius
2026-05-04 01:34:40.972 DEBUG (MainThread) [custom_components.multisplit_zone_controller.units] Unknown temperature unit '%'; treating value 45.0 as Celsius
2026-05-04 01:34:40.974 DEBUG (MainThread) [custom_components.multisplit_zone_controller.dispatch] Dispatched hvac_mode=off to climate.fake_head_living (zone living_room_zone, re-asserted)
2026-05-04 01:34:40.974 DEBUG (MainThread) [custom_components.multisplit_zone_controller.dispatch] Dispatched hvac_mode=off to climate.fake_head_bedroom (zone bed_zone, re-asserted)
2026-05-04 01:34:40.975 INFO (MainThread) [homeassistant.helpers.script.fake_living_aux_heater_turn_off] Fake Living Aux Heater turn_off: Running template script
2026-05-04 01:34:40.975 INFO (MainThread) [homeassistant.helpers.script.fake_living_aux_heater_turn_off] Fake Living Aux Heater turn_off: Executing step call service
2026-05-04 01:34:40.975 DEBUG (MainThread) [custom_components.multisplit_zone_controller.aux_heat_dispatch] Aux heat for zone living_room_zone -> OFF (entity switch.fake_head_living_heater)
2026-05-04 01:34:40.975 DEBUG (MainThread) [custom_components.multisplit_zone_controller.coordinator] Finished fetching multisplit_zone_controller[unit_1] data in 0.005 seconds (success: True)
2026-05-04 01:35:10.970 DEBUG (MainThread) [custom_components.multisplit_zone_controller.units] Unknown temperature unit '%'; treating value 45.0 as Celsius
2026-05-04 01:35:10.972 DEBUG (MainThread) [custom_components.multisplit_zone_controller.units] Unknown temperature unit '%'; treating value 45.0 as Celsius
2026-05-04 01:35:10.975 DEBUG (MainThread) [custom_components.multisplit_zone_controller.dispatch] Dispatched hvac_mode=off to climate.fake_head_living (zone living_room_zone, re-asserted)
2026-05-04 01:35:10.975 DEBUG (MainThread) [custom_components.multisplit_zone_controller.dispatch] Dispatched hvac_mode=off to climate.fake_head_bedroom (zone bed_zone, re-asserted)
2026-05-04 01:35:10.976 INFO (MainThread) [homeassistant.helpers.script.fake_living_aux_heater_turn_off] Fake Living Aux Heater turn_off: Running template script
2026-05-04 01:35:10.977 INFO (MainThread) [homeassistant.helpers.script.fake_living_aux_heater_turn_off] Fake Living Aux Heater turn_off: Executing step call service
2026-05-04 01:35:10.978 DEBUG (MainThread) [custom_components.multisplit_zone_controller.aux_heat_dispatch] Aux heat for zone living_room_zone -> OFF (entity switch.fake_head_living_heater)
2026-05-04 01:35:10.980 DEBUG (MainThread) [custom_components.multisplit_zone_controller.coordinator] Finished fetching multisplit_zone_controller[unit_1] data in 0.011 seconds (success: True)
2026-05-04 01:35:40.970 DEBUG (MainThread) [custom_components.multisplit_zone_controller.units] Unknown temperature unit '%'; treating value 45.0 as Celsius
2026-05-04 01:35:40.971 DEBUG (MainThread) [custom_components.multisplit_zone_controller.units] Unknown temperature unit '%'; treating value 45.0 as Celsius
2026-05-04 01:35:40.973 DEBUG (MainThread) [custom_components.multisplit_zone_controller.dispatch] Dispatched hvac_mode=off to climate.fake_head_living (zone living_room_zone, re-asserted)
2026-05-04 01:35:40.973 DEBUG (MainThread) [custom_components.multisplit_zone_controller.dispatch] Dispatched hvac_mode=off to climate.fake_head_bedroom (zone bed_zone, re-asserted)
2026-05-04 01:35:40.973 INFO (MainThread) [homeassistant.helpers.script.fake_living_aux_heater_turn_off] Fake Living Aux Heater turn_off: Running template script
2026-05-04 01:35:40.973 INFO (MainThread) [homeassistant.helpers.script.fake_living_aux_heater_turn_off] Fake Living Aux Heater turn_off: Executing step call service
2026-05-04 01:35:40.974 DEBUG (MainThread) [custom_components.multisplit_zone_controller.aux_heat_dispatch] Aux heat for zone living_room_zone -> OFF (entity switch.fake_head_living_heater)
2026-05-04 01:35:40.974 DEBUG (MainThread) [custom_components.multisplit_zone_controller.coordinator] Finished fetching multisplit_zone_controller[unit_1] data in 0.004 seconds (success: True)
2026-05-04 01:36:10.971 DEBUG (MainThread) [custom_components.multisplit_zone_controller.units] Unknown temperature unit '%'; treating value 45.0 as Celsius
2026-05-04 01:36:10.973 DEBUG (MainThread) [custom_components.multisplit_zone_controller.units] Unknown temperature unit '%'; treating value 45.0 as Celsius
2026-05-04 01:36:10.976 DEBUG (MainThread) [custom_components.multisplit_zone_controller.dispatch] Dispatched hvac_mode=off to climate.fake_head_living (zone living_room_zone, re-asserted)
2026-05-04 01:36:10.977 DEBUG (MainThread) [custom_components.multisplit_zone_controller.dispatch] Dispatched hvac_mode=off to climate.fake_head_bedroom (zone bed_zone, re-asserted)
2026-05-04 01:36:10.978 INFO (MainThread) [homeassistant.helpers.script.fake_living_aux_heater_turn_off] Fake Living Aux Heater turn_off: Running template script
2026-05-04 01:36:10.978 INFO (MainThread) [homeassistant.helpers.script.fake_living_aux_heater_turn_off] Fake Living Aux Heater turn_off: Executing step call service
2026-05-04 01:36:10.986 DEBUG (MainThread) [custom_components.multisplit_zone_controller.aux_heat_dispatch] Aux heat for zone living_room_zone -> OFF (entity switch.fake_head_living_heater)
2026-05-04 01:36:10.986 DEBUG (MainThread) [custom_components.multisplit_zone_controller.coordinator] Finished fetching multisplit_zone_controller[unit_1] data in 0.016 seconds (success: True)
2026-05-04 01:36:40.971 DEBUG (MainThread) [custom_components.multisplit_zone_controller.units] Unknown temperature unit '%'; treating value 45.0 as Celsius
2026-05-04 01:36:40.971 DEBUG (MainThread) [custom_components.multisplit_zone_controller.units] Unknown temperature unit '%'; treating value 45.0 as Celsius
2026-05-04 01:36:40.973 DEBUG (MainThread) [custom_components.multisplit_zone_controller.dispatch] Dispatched hvac_mode=off to climate.fake_head_living (zone living_room_zone, re-asserted)
2026-05-04 01:36:40.973 DEBUG (MainThread) [custom_components.multisplit_zone_controller.dispatch] Dispatched hvac_mode=off to climate.fake_head_bedroom (zone bed_zone, re-asserted)
2026-05-04 01:36:40.974 INFO (MainThread) [homeassistant.helpers.script.fake_living_aux_heater_turn_off] Fake Living Aux Heater turn_off: Running template script
2026-05-04 01:36:40.974 INFO (MainThread) [homeassistant.helpers.script.fake_living_aux_heater_turn_off] Fake Living Aux Heater turn_off: Executing step call service
2026-05-04 01:36:40.974 DEBUG (MainThread) [custom_components.multisplit_zone_controller.aux_heat_dispatch] Aux heat for zone living_room_zone -> OFF (entity switch.fake_head_living_heater)
2026-05-04 01:36:40.974 DEBUG (MainThread) [custom_components.multisplit_zone_controller.coordinator] Finished fetching multisplit_zone_controller[unit_1] data in 0.003 seconds (success: True)
2026-05-04 01:37:10.970 DEBUG (MainThread) [custom_components.multisplit_zone_controller.units] Unknown temperature unit '%'; treating value 45.0 as Celsius
2026-05-04 01:37:10.972 DEBUG (MainThread) [custom_components.multisplit_zone_controller.units] Unknown temperature unit '%'; treating value 45.0 as Celsius
2026-05-04 01:37:10.974 DEBUG (MainThread) [custom_components.multisplit_zone_controller.dispatch] Dispatched hvac_mode=off to climate.fake_head_living (zone living_room_zone, re-asserted)
2026-05-04 01:37:10.974 DEBUG (MainThread) [custom_components.multisplit_zone_controller.dispatch] Dispatched hvac_mode=off to climate.fake_head_bedroom (zone bed_zone, re-asserted)
2026-05-04 01:37:10.974 INFO (MainThread) [homeassistant.helpers.script.fake_living_aux_heater_turn_off] Fake Living Aux Heater turn_off: Running template script
2026-05-04 01:37:10.974 INFO (MainThread) [homeassistant.helpers.script.fake_living_aux_heater_turn_off] Fake Living Aux Heater turn_off: Executing step call service
2026-05-04 01:37:10.975 DEBUG (MainThread) [custom_components.multisplit_zone_controller.aux_heat_dispatch] Aux heat for zone living_room_zone -> OFF (entity switch.fake_head_living_heater)
2026-05-04 01:37:10.975 DEBUG (MainThread) [custom_components.multisplit_zone_controller.coordinator] Finished fetching multisplit_zone_controller[unit_1] data in 0.006 seconds (success: True)
2026-05-04 01:37:40.971 DEBUG (MainThread) [custom_components.multisplit_zone_controller.units] Unknown temperature unit '%'; treating value 45.0 as Celsius
2026-05-04 01:37:40.971 DEBUG (MainThread) [custom_components.multisplit_zone_controller.units] Unknown temperature unit '%'; treating value 45.0 as Celsius
2026-05-04 01:37:40.973 DEBUG (MainThread) [custom_components.multisplit_zone_controller.dispatch] Dispatched hvac_mode=off to climate.fake_head_living (zone living_room_zone, re-asserted)
2026-05-04 01:37:40.974 DEBUG (MainThread) [custom_components.multisplit_zone_controller.dispatch] Dispatched hvac_mode=off to climate.fake_head_bedroom (zone bed_zone, re-asserted)
2026-05-04 01:37:40.974 INFO (MainThread) [homeassistant.helpers.script.fake_living_aux_heater_turn_off] Fake Living Aux Heater turn_off: Running template script
2026-05-04 01:37:40.974 INFO (MainThread) [homeassistant.helpers.script.fake_living_aux_heater_turn_off] Fake Living Aux Heater turn_off: Executing step call service
2026-05-04 01:37:40.975 DEBUG (MainThread) [custom_components.multisplit_zone_controller.aux_heat_dispatch] Aux heat for zone living_room_zone -> OFF (entity switch.fake_head_living_heater)
2026-05-04 01:37:40.975 DEBUG (MainThread) [custom_components.multisplit_zone_controller.coordinator] Finished fetching multisplit_zone_controller[unit_1] data in 0.005 seconds (success: True)
2026-05-04 01:38:10.973 DEBUG (MainThread) [custom_components.multisplit_zone_controller.units] Unknown temperature unit '%'; treating value 45.0 as Celsius
2026-05-04 01:38:10.976 DEBUG (MainThread) [custom_components.multisplit_zone_controller.units] Unknown temperature unit '%'; treating value 45.0 as Celsius
2026-05-04 01:38:10.988 DEBUG (MainThread) [custom_components.multisplit_zone_controller.dispatch] Dispatched hvac_mode=off to climate.fake_head_living (zone living_room_zone, re-asserted)
2026-05-04 01:38:10.988 DEBUG (MainThread) [custom_components.multisplit_zone_controller.dispatch] Dispatched hvac_mode=off to climate.fake_head_bedroom (zone bed_zone, re-asserted)
2026-05-04 01:38:10.990 INFO (MainThread) [homeassistant.helpers.script.fake_living_aux_heater_turn_off] Fake Living Aux Heater turn_off: Running template script
2026-05-04 01:38:10.990 INFO (MainThread) [homeassistant.helpers.script.fake_living_aux_heater_turn_off] Fake Living Aux Heater turn_off: Executing step call service
2026-05-04 01:38:10.991 DEBUG (MainThread) [custom_components.multisplit_zone_controller.aux_heat_dispatch] Aux heat for zone living_room_zone -> OFF (entity switch.fake_head_living_heater)
2026-05-04 01:38:10.991 DEBUG (MainThread) [custom_components.multisplit_zone_controller.coordinator] Finished fetching multisplit_zone_controller[unit_1] data in 0.020 seconds (success: True)
2026-05-04 01:38:40.970 DEBUG (MainThread) [custom_components.multisplit_zone_controller.units] Unknown temperature unit '%'; treating value 45.0 as Celsius
2026-05-04 01:38:40.972 DEBUG (MainThread) [custom_components.multisplit_zone_controller.units] Unknown temperature unit '%'; treating value 45.0 as Celsius
2026-05-04 01:38:40.976 DEBUG (MainThread) [custom_components.multisplit_zone_controller.dispatch] Dispatched hvac_mode=off to climate.fake_head_living (zone living_room_zone, re-asserted)
2026-05-04 01:38:40.977 DEBUG (MainThread) [custom_components.multisplit_zone_controller.dispatch] Dispatched hvac_mode=off to climate.fake_head_bedroom (zone bed_zone, re-asserted)
2026-05-04 01:38:40.984 INFO (MainThread) [homeassistant.helpers.script.fake_living_aux_heater_turn_off] Fake Living Aux Heater turn_off: Running template script
2026-05-04 01:38:40.984 INFO (MainThread) [homeassistant.helpers.script.fake_living_aux_heater_turn_off] Fake Living Aux Heater turn_off: Executing step call service
2026-05-04 01:38:40.985 DEBUG (MainThread) [custom_components.multisplit_zone_controller.aux_heat_dispatch] Aux heat for zone living_room_zone -> OFF (entity switch.fake_head_living_heater)
2026-05-04 01:38:40.985 DEBUG (MainThread) [custom_components.multisplit_zone_controller.coordinator] Finished fetching multisplit_zone_controller[unit_1] data in 0.016 seconds (success: True)
2026-05-04 01:39:10.969 DEBUG (MainThread) [custom_components.multisplit_zone_controller.units] Unknown temperature unit '%'; treating value 45.0 as Celsius
2026-05-04 01:39:10.969 DEBUG (MainThread) [custom_components.multisplit_zone_controller.units] Unknown temperature unit '%'; treating value 45.0 as Celsius
2026-05-04 01:39:10.971 DEBUG (MainThread) [custom_components.multisplit_zone_controller.dispatch] Dispatched hvac_mode=off to climate.fake_head_living (zone living_room_zone, re-asserted)
2026-05-04 01:39:10.971 DEBUG (MainThread) [custom_components.multisplit_zone_controller.dispatch] Dispatched hvac_mode=off to climate.fake_head_bedroom (zone bed_zone, re-asserted)
2026-05-04 01:39:10.972 INFO (MainThread) [homeassistant.helpers.script.fake_living_aux_heater_turn_off] Fake Living Aux Heater turn_off: Running template script
2026-05-04 01:39:10.972 INFO (MainThread) [homeassistant.helpers.script.fake_living_aux_heater_turn_off] Fake Living Aux Heater turn_off: Executing step call service
2026-05-04 01:39:10.972 DEBUG (MainThread) [custom_components.multisplit_zone_controller.aux_heat_dispatch] Aux heat for zone living_room_zone -> OFF (entity switch.fake_head_living_heater)
2026-05-04 01:39:10.972 DEBUG (MainThread) [custom_components.multisplit_zone_controller.coordinator] Finished fetching multisplit_zone_controller[unit_1] data in 0.004 seconds (success: True)
2026-05-04 01:45:12.979 DEBUG (MainThread) [custom_components.multisplit_zone_controller.units] Unknown temperature unit '%'; treating value 45.0 as Celsius
2026-05-04 01:45:12.982 DEBUG (MainThread) [custom_components.multisplit_zone_controller.units] Unknown temperature unit '%'; treating value 45.0 as Celsius
2026-05-04 01:45:13.035 DEBUG (MainThread) [custom_components.multisplit_zone_controller.dispatch] Dispatched hvac_mode=off to climate.fake_head_living (zone living_room_zone, re-asserted)
2026-05-04 01:45:13.078 DEBUG (MainThread) [custom_components.multisplit_zone_controller.dispatch] Dispatched hvac_mode=off to climate.fake_head_bedroom (zone bed_zone, re-asserted)
2026-05-04 01:45:13.080 INFO (MainThread) [homeassistant.helpers.script.fake_living_aux_heater_turn_off] Fake Living Aux Heater turn_off: Running template script
2026-05-04 01:45:13.119 INFO (MainThread) [homeassistant.helpers.script.fake_living_aux_heater_turn_off] Fake Living Aux Heater turn_off: Executing step call service
2026-05-04 01:45:13.197 DEBUG (MainThread) [custom_components.multisplit_zone_controller.aux_heat_dispatch] Aux heat for zone living_room_zone -> OFF (entity switch.fake_head_living_heater)
2026-05-04 01:45:13.197 DEBUG (MainThread) [custom_components.multisplit_zone_controller.coordinator] Finished fetching multisplit_zone_controller[unit_1] data in 0.225 seconds (success: True)
2026-05-04 01:45:43.323 DEBUG (MainThread) [custom_components.multisplit_zone_controller.units] Unknown temperature unit '%'; treating value 45.0 as Celsius
2026-05-04 01:45:43.325 DEBUG (MainThread) [custom_components.multisplit_zone_controller.units] Unknown temperature unit '%'; treating value 45.0 as Celsius
2026-05-04 01:45:43.337 DEBUG (MainThread) [custom_components.multisplit_zone_controller.dispatch] Dispatched hvac_mode=off to climate.fake_head_living (zone living_room_zone, re-asserted)
2026-05-04 01:45:43.337 DEBUG (MainThread) [custom_components.multisplit_zone_controller.dispatch] Dispatched hvac_mode=off to climate.fake_head_bedroom (zone bed_zone, re-asserted)
2026-05-04 01:45:43.341 INFO (MainThread) [homeassistant.helpers.script.fake_living_aux_heater_turn_off] Fake Living Aux Heater turn_off: Running template script
2026-05-04 01:45:43.342 INFO (MainThread) [homeassistant.helpers.script.fake_living_aux_heater_turn_off] Fake Living Aux Heater turn_off: Executing step call service
2026-05-04 01:45:43.344 DEBUG (MainThread) [custom_components.multisplit_zone_controller.aux_heat_dispatch] Aux heat for zone living_room_zone -> OFF (entity switch.fake_head_living_heater)
2026-05-04 01:45:43.344 DEBUG (MainThread) [custom_components.multisplit_zone_controller.coordinator] Finished fetching multisplit_zone_controller[unit_1] data in 0.022 seconds (success: True)
2026-05-04 01:46:13.323 DEBUG (MainThread) [custom_components.multisplit_zone_controller.units] Unknown temperature unit '%'; treating value 45.0 as Celsius
2026-05-04 01:46:13.324 DEBUG (MainThread) [custom_components.multisplit_zone_controller.units] Unknown temperature unit '%'; treating value 45.0 as Celsius
2026-05-04 01:46:13.329 DEBUG (MainThread) [custom_components.multisplit_zone_controller.dispatch] Dispatched hvac_mode=off to climate.fake_head_living (zone living_room_zone, re-asserted)
2026-05-04 01:46:13.337 DEBUG (MainThread) [custom_components.multisplit_zone_controller.dispatch] Dispatched hvac_mode=off to climate.fake_head_bedroom (zone bed_zone, re-asserted)
2026-05-04 01:46:13.338 INFO (MainThread) [homeassistant.helpers.script.fake_living_aux_heater_turn_off] Fake Living Aux Heater turn_off: Running template script
2026-05-04 01:46:13.338 INFO (MainThread) [homeassistant.helpers.script.fake_living_aux_heater_turn_off] Fake Living Aux Heater turn_off: Executing step call service
2026-05-04 01:46:13.339 DEBUG (MainThread) [custom_components.multisplit_zone_controller.aux_heat_dispatch] Aux heat for zone living_room_zone -> OFF (entity switch.fake_head_living_heater)
2026-05-04 01:46:13.339 DEBUG (MainThread) [custom_components.multisplit_zone_controller.coordinator] Finished fetching multisplit_zone_controller[unit_1] data in 0.017 seconds (success: True)
2026-05-04 01:46:43.321 DEBUG (MainThread) [custom_components.multisplit_zone_controller.units] Unknown temperature unit '%'; treating value 45.0 as Celsius
2026-05-04 01:46:43.321 DEBUG (MainThread) [custom_components.multisplit_zone_controller.units] Unknown temperature unit '%'; treating value 45.0 as Celsius
2026-05-04 01:46:43.324 DEBUG (MainThread) [custom_components.multisplit_zone_controller.dispatch] Dispatched hvac_mode=off to climate.fake_head_living (zone living_room_zone, re-asserted)
2026-05-04 01:46:43.325 DEBUG (MainThread) [custom_components.multisplit_zone_controller.dispatch] Dispatched hvac_mode=off to climate.fake_head_bedroom (zone bed_zone, re-asserted)
2026-05-04 01:46:43.325 INFO (MainThread) [homeassistant.helpers.script.fake_living_aux_heater_turn_off] Fake Living Aux Heater turn_off: Running template script
2026-05-04 01:46:43.326 INFO (MainThread) [homeassistant.helpers.script.fake_living_aux_heater_turn_off] Fake Living Aux Heater turn_off: Executing step call service
2026-05-04 01:46:43.328 DEBUG (MainThread) [custom_components.multisplit_zone_controller.aux_heat_dispatch] Aux heat for zone living_room_zone -> OFF (entity switch.fake_head_living_heater)
2026-05-04 01:46:43.328 DEBUG (MainThread) [custom_components.multisplit_zone_controller.coordinator] Finished fetching multisplit_zone_controller[unit_1] data in 0.008 seconds (success: True)
2026-05-04 01:47:13.322 DEBUG (MainThread) [custom_components.multisplit_zone_controller.units] Unknown temperature unit '%'; treating value 45.0 as Celsius
2026-05-04 01:47:13.323 DEBUG (MainThread) [custom_components.multisplit_zone_controller.units] Unknown temperature unit '%'; treating value 45.0 as Celsius
2026-05-04 01:47:13.328 DEBUG (MainThread) [custom_components.multisplit_zone_controller.dispatch] Dispatched hvac_mode=off to climate.fake_head_living (zone living_room_zone, re-asserted)
2026-05-04 01:47:13.334 DEBUG (MainThread) [custom_components.multisplit_zone_controller.dispatch] Dispatched hvac_mode=off to climate.fake_head_bedroom (zone bed_zone, re-asserted)
2026-05-04 01:47:13.335 INFO (MainThread) [homeassistant.helpers.script.fake_living_aux_heater_turn_off] Fake Living Aux Heater turn_off: Running template script
2026-05-04 01:47:13.336 INFO (MainThread) [homeassistant.helpers.script.fake_living_aux_heater_turn_off] Fake Living Aux Heater turn_off: Executing step call service
2026-05-04 01:47:13.337 DEBUG (MainThread) [custom_components.multisplit_zone_controller.aux_heat_dispatch] Aux heat for zone living_room_zone -> OFF (entity switch.fake_head_living_heater)
2026-05-04 01:47:13.337 DEBUG (MainThread) [custom_components.multisplit_zone_controller.coordinator] Finished fetching multisplit_zone_controller[unit_1] data in 0.016 seconds (success: True)
2026-05-04 01:47:43.321 DEBUG (MainThread) [custom_components.multisplit_zone_controller.units] Unknown temperature unit '%'; treating value 45.0 as Celsius
2026-05-04 01:47:43.322 DEBUG (MainThread) [custom_components.multisplit_zone_controller.units] Unknown temperature unit '%'; treating value 45.0 as Celsius
2026-05-04 01:47:43.324 DEBUG (MainThread) [custom_components.multisplit_zone_controller.dispatch] Dispatched hvac_mode=off to climate.fake_head_living (zone living_room_zone, re-asserted)
2026-05-04 01:47:43.325 DEBUG (MainThread) [custom_components.multisplit_zone_controller.dispatch] Dispatched hvac_mode=off to climate.fake_head_bedroom (zone bed_zone, re-asserted)
2026-05-04 01:47:43.325 INFO (MainThread) [homeassistant.helpers.script.fake_living_aux_heater_turn_off] Fake Living Aux Heater turn_off: Running template script
2026-05-04 01:47:43.325 INFO (MainThread) [homeassistant.helpers.script.fake_living_aux_heater_turn_off] Fake Living Aux Heater turn_off: Executing step call service
2026-05-04 01:47:43.325 DEBUG (MainThread) [custom_components.multisplit_zone_controller.aux_heat_dispatch] Aux heat for zone living_room_zone -> OFF (entity switch.fake_head_living_heater)
2026-05-04 01:47:43.326 DEBUG (MainThread) [custom_components.multisplit_zone_controller.coordinator] Finished fetching multisplit_zone_controller[unit_1] data in 0.005 seconds (success: True)
2026-05-04 01:48:13.322 DEBUG (MainThread) [custom_components.multisplit_zone_controller.units] Unknown temperature unit '%'; treating value 45.0 as Celsius
2026-05-04 01:48:13.323 DEBUG (MainThread) [custom_components.multisplit_zone_controller.units] Unknown temperature unit '%'; treating value 45.0 as Celsius
2026-05-04 01:48:13.326 DEBUG (MainThread) [custom_components.multisplit_zone_controller.dispatch] Dispatched hvac_mode=off to climate.fake_head_living (zone living_room_zone, re-asserted)
2026-05-04 01:48:13.326 DEBUG (MainThread) [custom_components.multisplit_zone_controller.dispatch] Dispatched hvac_mode=off to climate.fake_head_bedroom (zone bed_zone, re-asserted)
2026-05-04 01:48:13.327 INFO (MainThread) [homeassistant.helpers.script.fake_living_aux_heater_turn_off] Fake Living Aux Heater turn_off: Running template script
2026-05-04 01:48:13.327 INFO (MainThread) [homeassistant.helpers.script.fake_living_aux_heater_turn_off] Fake Living Aux Heater turn_off: Executing step call service
2026-05-04 01:48:13.328 DEBUG (MainThread) [custom_components.multisplit_zone_controller.aux_heat_dispatch] Aux heat for zone living_room_zone -> OFF (entity switch.fake_head_living_heater)
2026-05-04 01:48:13.332 DEBUG (MainThread) [custom_components.multisplit_zone_controller.coordinator] Finished fetching multisplit_zone_controller[unit_1] data in 0.010 seconds (success: True)
2026-05-04 01:48:43.321 DEBUG (MainThread) [custom_components.multisplit_zone_controller.units] Unknown temperature unit '%'; treating value 45.0 as Celsius
2026-05-04 01:48:43.322 DEBUG (MainThread) [custom_components.multisplit_zone_controller.units] Unknown temperature unit '%'; treating value 45.0 as Celsius
2026-05-04 01:48:43.323 DEBUG (MainThread) [custom_components.multisplit_zone_controller.dispatch] Dispatched hvac_mode=off to climate.fake_head_living (zone living_room_zone, re-asserted)
2026-05-04 01:48:43.324 DEBUG (MainThread) [custom_components.multisplit_zone_controller.dispatch] Dispatched hvac_mode=off to climate.fake_head_bedroom (zone bed_zone, re-asserted)
2026-05-04 01:48:43.324 INFO (MainThread) [homeassistant.helpers.script.fake_living_aux_heater_turn_off] Fake Living Aux Heater turn_off: Running template script
2026-05-04 01:48:43.324 INFO (MainThread) [homeassistant.helpers.script.fake_living_aux_heater_turn_off] Fake Living Aux Heater turn_off: Executing step call service
2026-05-04 01:48:43.325 DEBUG (MainThread) [custom_components.multisplit_zone_controller.aux_heat_dispatch] Aux heat for zone living_room_zone -> OFF (entity switch.fake_head_living_heater)
2026-05-04 01:48:43.325 DEBUG (MainThread) [custom_components.multisplit_zone_controller.coordinator] Finished fetching multisplit_zone_controller[unit_1] data in 0.004 seconds (success: True)
2026-05-04 01:49:13.322 DEBUG (MainThread) [custom_components.multisplit_zone_controller.units] Unknown temperature unit '%'; treating value 45.0 as Celsius
2026-05-04 01:49:13.324 DEBUG (MainThread) [custom_components.multisplit_zone_controller.units] Unknown temperature unit '%'; treating value 45.0 as Celsius
2026-05-04 01:49:13.344 DEBUG (MainThread) [custom_components.multisplit_zone_controller.dispatch] Dispatched hvac_mode=off to climate.fake_head_living (zone living_room_zone, re-asserted)
2026-05-04 01:49:13.350 DEBUG (MainThread) [custom_components.multisplit_zone_controller.dispatch] Dispatched hvac_mode=off to climate.fake_head_bedroom (zone bed_zone, re-asserted)
2026-05-04 01:49:13.351 INFO (MainThread) [homeassistant.helpers.script.fake_living_aux_heater_turn_off] Fake Living Aux Heater turn_off: Running template script
2026-05-04 01:49:13.352 INFO (MainThread) [homeassistant.helpers.script.fake_living_aux_heater_turn_off] Fake Living Aux Heater turn_off: Executing step call service
2026-05-04 01:49:13.353 DEBUG (MainThread) [custom_components.multisplit_zone_controller.aux_heat_dispatch] Aux heat for zone living_room_zone -> OFF (entity switch.fake_head_living_heater)
2026-05-04 01:49:13.353 DEBUG (MainThread) [custom_components.multisplit_zone_controller.coordinator] Finished fetching multisplit_zone_controller[unit_1] data in 0.032 seconds (success: True)
2026-05-04 01:49:43.321 DEBUG (MainThread) [custom_components.multisplit_zone_controller.units] Unknown temperature unit '%'; treating value 45.0 as Celsius
2026-05-04 01:49:43.322 DEBUG (MainThread) [custom_components.multisplit_zone_controller.units] Unknown temperature unit '%'; treating value 45.0 as Celsius
2026-05-04 01:49:43.324 DEBUG (MainThread) [custom_components.multisplit_zone_controller.dispatch] Dispatched hvac_mode=off to climate.fake_head_living (zone living_room_zone, re-asserted)
2026-05-04 01:49:43.324 DEBUG (MainThread) [custom_components.multisplit_zone_controller.dispatch] Dispatched hvac_mode=off to climate.fake_head_bedroom (zone bed_zone, re-asserted)
2026-05-04 01:49:43.325 INFO (MainThread) [homeassistant.helpers.script.fake_living_aux_heater_turn_off] Fake Living Aux Heater turn_off: Running template script
2026-05-04 01:49:43.325 INFO (MainThread) [homeassistant.helpers.script.fake_living_aux_heater_turn_off] Fake Living Aux Heater turn_off: Executing step call service
2026-05-04 01:49:43.325 DEBUG (MainThread) [custom_components.multisplit_zone_controller.aux_heat_dispatch] Aux heat for zone living_room_zone -> OFF (entity switch.fake_head_living_heater)
2026-05-04 01:49:43.325 DEBUG (MainThread) [custom_components.multisplit_zone_controller.coordinator] Finished fetching multisplit_zone_controller[unit_1] data in 0.005 seconds (success: True)
2026-05-04 01:50:13.322 DEBUG (MainThread) [custom_components.multisplit_zone_controller.units] Unknown temperature unit '%'; treating value 45.0 as Celsius
2026-05-04 01:50:13.323 DEBUG (MainThread) [custom_components.multisplit_zone_controller.units] Unknown temperature unit '%'; treating value 45.0 as Celsius
2026-05-04 01:50:13.327 DEBUG (MainThread) [custom_components.multisplit_zone_controller.dispatch] Dispatched hvac_mode=off to climate.fake_head_living (zone living_room_zone, re-asserted)
2026-05-04 01:50:13.328 DEBUG (MainThread) [custom_components.multisplit_zone_controller.dispatch] Dispatched hvac_mode=off to climate.fake_head_bedroom (zone bed_zone, re-asserted)
2026-05-04 01:50:13.331 INFO (MainThread) [homeassistant.helpers.script.fake_living_aux_heater_turn_off] Fake Living Aux Heater turn_off: Running template script
2026-05-04 01:50:13.332 INFO (MainThread) [homeassistant.helpers.script.fake_living_aux_heater_turn_off] Fake Living Aux Heater turn_off: Executing step call service
2026-05-04 01:50:13.332 DEBUG (MainThread) [custom_components.multisplit_zone_controller.aux_heat_dispatch] Aux heat for zone living_room_zone -> OFF (entity switch.fake_head_living_heater)
2026-05-04 01:50:13.333 DEBUG (MainThread) [custom_components.multisplit_zone_controller.coordinator] Finished fetching multisplit_zone_controller[unit_1] data in 0.011 seconds (success: True)
2026-05-04 01:50:43.322 DEBUG (MainThread) [custom_components.multisplit_zone_controller.units] Unknown temperature unit '%'; treating value 45.0 as Celsius
2026-05-04 01:50:43.322 DEBUG (MainThread) [custom_components.multisplit_zone_controller.units] Unknown temperature unit '%'; treating value 45.0 as Celsius
2026-05-04 01:50:43.323 DEBUG (MainThread) [custom_components.multisplit_zone_controller.dispatch] Dispatched hvac_mode=off to climate.fake_head_living (zone living_room_zone, re-asserted)
2026-05-04 01:50:43.324 DEBUG (MainThread) [custom_components.multisplit_zone_controller.dispatch] Dispatched hvac_mode=off to climate.fake_head_bedroom (zone bed_zone, re-asserted)
2026-05-04 01:50:43.324 INFO (MainThread) [homeassistant.helpers.script.fake_living_aux_heater_turn_off] Fake Living Aux Heater turn_off: Running template script
2026-05-04 01:50:43.324 INFO (MainThread) [homeassistant.helpers.script.fake_living_aux_heater_turn_off] Fake Living Aux Heater turn_off: Executing step call service
2026-05-04 01:50:43.325 DEBUG (MainThread) [custom_components.multisplit_zone_controller.aux_heat_dispatch] Aux heat for zone living_room_zone -> OFF (entity switch.fake_head_living_heater)
2026-05-04 01:50:43.325 DEBUG (MainThread) [custom_components.multisplit_zone_controller.coordinator] Finished fetching multisplit_zone_controller[unit_1] data in 0.003 seconds (success: True)
2026-05-04 01:51:13.322 DEBUG (MainThread) [custom_components.multisplit_zone_controller.units] Unknown temperature unit '%'; treating value 45.0 as Celsius
2026-05-04 01:51:13.324 DEBUG (MainThread) [custom_components.multisplit_zone_controller.units] Unknown temperature unit '%'; treating value 45.0 as Celsius
2026-05-04 01:51:13.335 DEBUG (MainThread) [custom_components.multisplit_zone_controller.dispatch] Dispatched hvac_mode=off to climate.fake_head_living (zone living_room_zone, re-asserted)
2026-05-04 01:51:13.336 DEBUG (MainThread) [custom_components.multisplit_zone_controller.dispatch] Dispatched hvac_mode=off to climate.fake_head_bedroom (zone bed_zone, re-asserted)
2026-05-04 01:51:13.337 INFO (MainThread) [homeassistant.helpers.script.fake_living_aux_heater_turn_off] Fake Living Aux Heater turn_off: Running template script
2026-05-04 01:51:13.337 INFO (MainThread) [homeassistant.helpers.script.fake_living_aux_heater_turn_off] Fake Living Aux Heater turn_off: Executing step call service
2026-05-04 01:51:13.338 DEBUG (MainThread) [custom_components.multisplit_zone_controller.aux_heat_dispatch] Aux heat for zone living_room_zone -> OFF (entity switch.fake_head_living_heater)
2026-05-04 01:51:13.338 DEBUG (MainThread) [custom_components.multisplit_zone_controller.coordinator] Finished fetching multisplit_zone_controller[unit_1] data in 0.017 seconds (success: True)
2026-05-04 01:51:43.321 DEBUG (MainThread) [custom_components.multisplit_zone_controller.units] Unknown temperature unit '%'; treating value 45.0 as Celsius
2026-05-04 01:51:43.322 DEBUG (MainThread) [custom_components.multisplit_zone_controller.units] Unknown temperature unit '%'; treating value 45.0 as Celsius
2026-05-04 01:51:43.323 DEBUG (MainThread) [custom_components.multisplit_zone_controller.dispatch] Dispatched hvac_mode=off to climate.fake_head_living (zone living_room_zone, re-asserted)
2026-05-04 01:51:43.324 DEBUG (MainThread) [custom_components.multisplit_zone_controller.dispatch] Dispatched hvac_mode=off to climate.fake_head_bedroom (zone bed_zone, re-asserted)
2026-05-04 01:51:43.324 INFO (MainThread) [homeassistant.helpers.script.fake_living_aux_heater_turn_off] Fake Living Aux Heater turn_off: Running template script
2026-05-04 01:51:43.324 INFO (MainThread) [homeassistant.helpers.script.fake_living_aux_heater_turn_off] Fake Living Aux Heater turn_off: Executing step call service
2026-05-04 01:51:43.325 DEBUG (MainThread) [custom_components.multisplit_zone_controller.aux_heat_dispatch] Aux heat for zone living_room_zone -> OFF (entity switch.fake_head_living_heater)
2026-05-04 01:51:43.325 DEBUG (MainThread) [custom_components.multisplit_zone_controller.coordinator] Finished fetching multisplit_zone_controller[unit_1] data in 0.004 seconds (success: True)
2026-05-04 01:52:13.321 DEBUG (MainThread) [custom_components.multisplit_zone_controller.units] Unknown temperature unit '%'; treating value 45.0 as Celsius
2026-05-04 01:52:13.322 DEBUG (MainThread) [custom_components.multisplit_zone_controller.units] Unknown temperature unit '%'; treating value 45.0 as Celsius
2026-05-04 01:52:13.325 DEBUG (MainThread) [custom_components.multisplit_zone_controller.dispatch] Dispatched hvac_mode=off to climate.fake_head_living (zone living_room_zone, re-asserted)
2026-05-04 01:52:13.327 DEBUG (MainThread) [custom_components.multisplit_zone_controller.dispatch] Dispatched hvac_mode=off to climate.fake_head_bedroom (zone bed_zone, re-asserted)
2026-05-04 01:52:13.331 INFO (MainThread) [homeassistant.helpers.script.fake_living_aux_heater_turn_off] Fake Living Aux Heater turn_off: Running template script
2026-05-04 01:52:13.331 INFO (MainThread) [homeassistant.helpers.script.fake_living_aux_heater_turn_off] Fake Living Aux Heater turn_off: Executing step call service
2026-05-04 01:52:13.332 DEBUG (MainThread) [custom_components.multisplit_zone_controller.aux_heat_dispatch] Aux heat for zone living_room_zone -> OFF (entity switch.fake_head_living_heater)
2026-05-04 01:52:13.332 DEBUG (MainThread) [custom_components.multisplit_zone_controller.coordinator] Finished fetching multisplit_zone_controller[unit_1] data in 0.011 seconds (success: True)
2026-05-04 01:52:43.322 DEBUG (MainThread) [custom_components.multisplit_zone_controller.units] Unknown temperature unit '%'; treating value 45.0 as Celsius
2026-05-04 01:52:43.322 DEBUG (MainThread) [custom_components.multisplit_zone_controller.units] Unknown temperature unit '%'; treating value 45.0 as Celsius
2026-05-04 01:52:43.323 DEBUG (MainThread) [custom_components.multisplit_zone_controller.dispatch] Dispatched hvac_mode=off to climate.fake_head_living (zone living_room_zone, re-asserted)
2026-05-04 01:52:43.324 DEBUG (MainThread) [custom_components.multisplit_zone_controller.dispatch] Dispatched hvac_mode=off to climate.fake_head_bedroom (zone bed_zone, re-asserted)
2026-05-04 01:52:43.324 INFO (MainThread) [homeassistant.helpers.script.fake_living_aux_heater_turn_off] Fake Living Aux Heater turn_off: Running template script
2026-05-04 01:52:43.325 INFO (MainThread) [homeassistant.helpers.script.fake_living_aux_heater_turn_off] Fake Living Aux Heater turn_off: Executing step call service
2026-05-04 01:52:43.325 DEBUG (MainThread) [custom_components.multisplit_zone_controller.aux_heat_dispatch] Aux heat for zone living_room_zone -> OFF (entity switch.fake_head_living_heater)
2026-05-04 01:52:43.325 DEBUG (MainThread) [custom_components.multisplit_zone_controller.coordinator] Finished fetching multisplit_zone_controller[unit_1] data in 0.004 seconds (success: True)
2026-05-04 01:53:13.321 DEBUG (MainThread) [custom_components.multisplit_zone_controller.units] Unknown temperature unit '%'; treating value 45.0 as Celsius
2026-05-04 01:53:13.322 DEBUG (MainThread) [custom_components.multisplit_zone_controller.units] Unknown temperature unit '%'; treating value 45.0 as Celsius
2026-05-04 01:53:13.324 DEBUG (MainThread) [custom_components.multisplit_zone_controller.dispatch] Dispatched hvac_mode=off to climate.fake_head_living (zone living_room_zone, re-asserted)
2026-05-04 01:53:13.324 DEBUG (MainThread) [custom_components.multisplit_zone_controller.dispatch] Dispatched hvac_mode=off to climate.fake_head_bedroom (zone bed_zone, re-asserted)
2026-05-04 01:53:13.325 INFO (MainThread) [homeassistant.helpers.script.fake_living_aux_heater_turn_off] Fake Living Aux Heater turn_off: Running template script
2026-05-04 01:53:13.325 INFO (MainThread) [homeassistant.helpers.script.fake_living_aux_heater_turn_off] Fake Living Aux Heater turn_off: Executing step call service
2026-05-04 01:53:13.326 DEBUG (MainThread) [custom_components.multisplit_zone_controller.aux_heat_dispatch] Aux heat for zone living_room_zone -> OFF (entity switch.fake_head_living_heater)
2026-05-04 01:53:13.326 DEBUG (MainThread) [custom_components.multisplit_zone_controller.coordinator] Finished fetching multisplit_zone_controller[unit_1] data in 0.004 seconds (success: True)
2026-05-04 01:53:43.323 DEBUG (MainThread) [custom_components.multisplit_zone_controller.units] Unknown temperature unit '%'; treating value 45.0 as Celsius
2026-05-04 01:53:43.325 DEBUG (MainThread) [custom_components.multisplit_zone_controller.units] Unknown temperature unit '%'; treating value 45.0 as Celsius
2026-05-04 01:53:43.348 DEBUG (MainThread) [custom_components.multisplit_zone_controller.dispatch] Dispatched hvac_mode=off to climate.fake_head_living (zone living_room_zone, re-asserted)
2026-05-04 01:53:43.349 DEBUG (MainThread) [custom_components.multisplit_zone_controller.dispatch] Dispatched hvac_mode=off to climate.fake_head_bedroom (zone bed_zone, re-asserted)
2026-05-04 01:53:43.351 INFO (MainThread) [homeassistant.helpers.script.fake_living_aux_heater_turn_off] Fake Living Aux Heater turn_off: Running template script
2026-05-04 01:53:43.357 INFO (MainThread) [homeassistant.helpers.script.fake_living_aux_heater_turn_off] Fake Living Aux Heater turn_off: Executing step call service
2026-05-04 01:53:43.358 DEBUG (MainThread) [custom_components.multisplit_zone_controller.aux_heat_dispatch] Aux heat for zone living_room_zone -> OFF (entity switch.fake_head_living_heater)
2026-05-04 01:53:43.358 DEBUG (MainThread) [custom_components.multisplit_zone_controller.coordinator] Finished fetching multisplit_zone_controller[unit_1] data in 0.037 seconds (success: True)
2026-05-04 01:54:13.321 DEBUG (MainThread) [custom_components.multisplit_zone_controller.units] Unknown temperature unit '%'; treating value 45.0 as Celsius
2026-05-04 01:54:13.321 DEBUG (MainThread) [custom_components.multisplit_zone_controller.units] Unknown temperature unit '%'; treating value 45.0 as Celsius
2026-05-04 01:54:13.323 DEBUG (MainThread) [custom_components.multisplit_zone_controller.dispatch] Dispatched hvac_mode=off to climate.fake_head_living (zone living_room_zone, re-asserted)
2026-05-04 01:54:13.324 DEBUG (MainThread) [custom_components.multisplit_zone_controller.dispatch] Dispatched hvac_mode=off to climate.fake_head_bedroom (zone bed_zone, re-asserted)
2026-05-04 01:54:13.324 INFO (MainThread) [homeassistant.helpers.script.fake_living_aux_heater_turn_off] Fake Living Aux Heater turn_off: Running template script
2026-05-04 01:54:13.324 INFO (MainThread) [homeassistant.helpers.script.fake_living_aux_heater_turn_off] Fake Living Aux Heater turn_off: Executing step call service
2026-05-04 01:54:13.324 DEBUG (MainThread) [custom_components.multisplit_zone_controller.aux_heat_dispatch] Aux heat for zone living_room_zone -> OFF (entity switch.fake_head_living_heater)
2026-05-04 01:54:13.325 DEBUG (MainThread) [custom_components.multisplit_zone_controller.coordinator] Finished fetching multisplit_zone_controller[unit_1] data in 0.004 seconds (success: True)
2026-05-04 01:54:43.321 DEBUG (MainThread) [custom_components.multisplit_zone_controller.units] Unknown temperature unit '%'; treating value 45.0 as Celsius
2026-05-04 01:54:43.321 DEBUG (MainThread) [custom_components.multisplit_zone_controller.units] Unknown temperature unit '%'; treating value 45.0 as Celsius
2026-05-04 01:54:43.322 DEBUG (MainThread) [custom_components.multisplit_zone_controller.dispatch] Dispatched hvac_mode=off to climate.fake_head_living (zone living_room_zone, re-asserted)
2026-05-04 01:54:43.322 DEBUG (MainThread) [custom_components.multisplit_zone_controller.dispatch] Dispatched hvac_mode=off to climate.fake_head_bedroom (zone bed_zone, re-asserted)
2026-05-04 01:54:43.322 INFO (MainThread) [homeassistant.helpers.script.fake_living_aux_heater_turn_off] Fake Living Aux Heater turn_off: Running template script
2026-05-04 01:54:43.323 INFO (MainThread) [homeassistant.helpers.script.fake_living_aux_heater_turn_off] Fake Living Aux Heater turn_off: Executing step call service
2026-05-04 01:54:43.323 DEBUG (MainThread) [custom_components.multisplit_zone_controller.aux_heat_dispatch] Aux heat for zone living_room_zone -> OFF (entity switch.fake_head_living_heater)
2026-05-04 01:54:43.323 DEBUG (MainThread) [custom_components.multisplit_zone_controller.coordinator] Finished fetching multisplit_zone_controller[unit_1] data in 0.002 seconds (success: True)
2026-05-04 01:55:13.321 DEBUG (MainThread) [custom_components.multisplit_zone_controller.units] Unknown temperature unit '%'; treating value 45.0 as Celsius
2026-05-04 01:55:13.323 DEBUG (MainThread) [custom_components.multisplit_zone_controller.units] Unknown temperature unit '%'; treating value 45.0 as Celsius
2026-05-04 01:55:13.336 DEBUG (MainThread) [custom_components.multisplit_zone_controller.dispatch] Dispatched hvac_mode=off to climate.fake_head_living (zone living_room_zone, re-asserted)
2026-05-04 01:55:13.338 DEBUG (MainThread) [custom_components.multisplit_zone_controller.dispatch] Dispatched hvac_mode=off to climate.fake_head_bedroom (zone bed_zone, re-asserted)
2026-05-04 01:55:13.339 INFO (MainThread) [homeassistant.helpers.script.fake_living_aux_heater_turn_off] Fake Living Aux Heater turn_off: Running template script
2026-05-04 01:55:13.340 INFO (MainThread) [homeassistant.helpers.script.fake_living_aux_heater_turn_off] Fake Living Aux Heater turn_off: Executing step call service
2026-05-04 01:55:13.343 DEBUG (MainThread) [custom_components.multisplit_zone_controller.aux_heat_dispatch] Aux heat for zone living_room_zone -> OFF (entity switch.fake_head_living_heater)
2026-05-04 01:55:13.343 DEBUG (MainThread) [custom_components.multisplit_zone_controller.coordinator] Finished fetching multisplit_zone_controller[unit_1] data in 0.022 seconds (success: True)
2026-05-04 01:55:43.322 DEBUG (MainThread) [custom_components.multisplit_zone_controller.units] Unknown temperature unit '%'; treating value 45.0 as Celsius
2026-05-04 01:55:43.324 DEBUG (MainThread) [custom_components.multisplit_zone_controller.units] Unknown temperature unit '%'; treating value 45.0 as Celsius
2026-05-04 01:55:43.329 DEBUG (MainThread) [custom_components.multisplit_zone_controller.dispatch] Dispatched hvac_mode=off to climate.fake_head_living (zone living_room_zone, re-asserted)
2026-05-04 01:55:43.330 DEBUG (MainThread) [custom_components.multisplit_zone_controller.dispatch] Dispatched hvac_mode=off to climate.fake_head_bedroom (zone bed_zone, re-asserted)
2026-05-04 01:55:43.336 INFO (MainThread) [homeassistant.helpers.script.fake_living_aux_heater_turn_off] Fake Living Aux Heater turn_off: Running template script
2026-05-04 01:55:43.337 INFO (MainThread) [homeassistant.helpers.script.fake_living_aux_heater_turn_off] Fake Living Aux Heater turn_off: Executing step call service
2026-05-04 01:55:43.337 DEBUG (MainThread) [custom_components.multisplit_zone_controller.aux_heat_dispatch] Aux heat for zone living_room_zone -> OFF (entity switch.fake_head_living_heater)
2026-05-04 01:55:43.337 DEBUG (MainThread) [custom_components.multisplit_zone_controller.coordinator] Finished fetching multisplit_zone_controller[unit_1] data in 0.016 seconds (success: True)
2026-05-04 01:56:13.324 DEBUG (MainThread) [custom_components.multisplit_zone_controller.units] Unknown temperature unit '%'; treating value 45.0 as Celsius
2026-05-04 01:56:13.325 DEBUG (MainThread) [custom_components.multisplit_zone_controller.units] Unknown temperature unit '%'; treating value 45.0 as Celsius
2026-05-04 01:56:13.327 DEBUG (MainThread) [custom_components.multisplit_zone_controller.dispatch] Dispatched hvac_mode=off to climate.fake_head_living (zone living_room_zone, re-asserted)
2026-05-04 01:56:13.328 DEBUG (MainThread) [custom_components.multisplit_zone_controller.dispatch] Dispatched hvac_mode=off to climate.fake_head_bedroom (zone bed_zone, re-asserted)
2026-05-04 01:56:13.328 INFO (MainThread) [homeassistant.helpers.script.fake_living_aux_heater_turn_off] Fake Living Aux Heater turn_off: Running template script
2026-05-04 01:56:13.328 INFO (MainThread) [homeassistant.helpers.script.fake_living_aux_heater_turn_off] Fake Living Aux Heater turn_off: Executing step call service
2026-05-04 01:56:13.328 DEBUG (MainThread) [custom_components.multisplit_zone_controller.aux_heat_dispatch] Aux heat for zone living_room_zone -> OFF (entity switch.fake_head_living_heater)
2026-05-04 01:56:13.328 DEBUG (MainThread) [custom_components.multisplit_zone_controller.coordinator] Finished fetching multisplit_zone_controller[unit_1] data in 0.004 seconds (success: True)
2026-05-04 01:56:43.324 DEBUG (MainThread) [custom_components.multisplit_zone_controller.units] Unknown temperature unit '%'; treating value 45.0 as Celsius
2026-05-04 01:56:43.326 DEBUG (MainThread) [custom_components.multisplit_zone_controller.units] Unknown temperature unit '%'; treating value 45.0 as Celsius
2026-05-04 01:56:43.335 DEBUG (MainThread) [custom_components.multisplit_zone_controller.dispatch] Dispatched hvac_mode=off to climate.fake_head_living (zone living_room_zone, re-asserted)
2026-05-04 01:56:43.335 DEBUG (MainThread) [custom_components.multisplit_zone_controller.dispatch] Dispatched hvac_mode=off to climate.fake_head_bedroom (zone bed_zone, re-asserted)
2026-05-04 01:56:43.337 INFO (MainThread) [homeassistant.helpers.script.fake_living_aux_heater_turn_off] Fake Living Aux Heater turn_off: Running template script
2026-05-04 01:56:43.337 INFO (MainThread) [homeassistant.helpers.script.fake_living_aux_heater_turn_off] Fake Living Aux Heater turn_off: Executing step call service
2026-05-04 01:56:43.345 DEBUG (MainThread) [custom_components.multisplit_zone_controller.aux_heat_dispatch] Aux heat for zone living_room_zone -> OFF (entity switch.fake_head_living_heater)
2026-05-04 01:56:43.345 DEBUG (MainThread) [custom_components.multisplit_zone_controller.coordinator] Finished fetching multisplit_zone_controller[unit_1] data in 0.023 seconds (success: True)
2026-05-04 01:57:13.321 DEBUG (MainThread) [custom_components.multisplit_zone_controller.units] Unknown temperature unit '%'; treating value 45.0 as Celsius
2026-05-04 01:57:13.322 DEBUG (MainThread) [custom_components.multisplit_zone_controller.units] Unknown temperature unit '%'; treating value 45.0 as Celsius
2026-05-04 01:57:13.325 DEBUG (MainThread) [custom_components.multisplit_zone_controller.dispatch] Dispatched hvac_mode=off to climate.fake_head_living (zone living_room_zone, re-asserted)
2026-05-04 01:57:13.325 DEBUG (MainThread) [custom_components.multisplit_zone_controller.dispatch] Dispatched hvac_mode=off to climate.fake_head_bedroom (zone bed_zone, re-asserted)
2026-05-04 01:57:13.326 INFO (MainThread) [homeassistant.helpers.script.fake_living_aux_heater_turn_off] Fake Living Aux Heater turn_off: Running template script
2026-05-04 01:57:13.326 INFO (MainThread) [homeassistant.helpers.script.fake_living_aux_heater_turn_off] Fake Living Aux Heater turn_off: Executing step call service
2026-05-04 01:57:13.326 DEBUG (MainThread) [custom_components.multisplit_zone_controller.aux_heat_dispatch] Aux heat for zone living_room_zone -> OFF (entity switch.fake_head_living_heater)
2026-05-04 01:57:13.326 DEBUG (MainThread) [custom_components.multisplit_zone_controller.coordinator] Finished fetching multisplit_zone_controller[unit_1] data in 0.005 seconds (success: True)
2026-05-04 02:32:55.322 DEBUG (MainThread) [custom_components.multisplit_zone_controller.units] Unknown temperature unit '%'; treating value 45.0 as Celsius
2026-05-04 02:32:55.324 DEBUG (MainThread) [custom_components.multisplit_zone_controller.units] Unknown temperature unit '%'; treating value 45.0 as Celsius
2026-05-04 02:32:55.351 DEBUG (MainThread) [custom_components.multisplit_zone_controller.dispatch] Dispatched hvac_mode=off to climate.fake_head_living (zone living_room_zone, re-asserted)
2026-05-04 02:32:55.352 DEBUG (MainThread) [custom_components.multisplit_zone_controller.dispatch] Dispatched hvac_mode=off to climate.fake_head_bedroom (zone bed_zone, re-asserted)
2026-05-04 02:32:55.360 INFO (MainThread) [homeassistant.helpers.script.fake_living_aux_heater_turn_off] Fake Living Aux Heater turn_off: Running template script
2026-05-04 02:32:55.362 INFO (MainThread) [homeassistant.helpers.script.fake_living_aux_heater_turn_off] Fake Living Aux Heater turn_off: Executing step call service
2026-05-04 02:32:55.371 DEBUG (MainThread) [custom_components.multisplit_zone_controller.aux_heat_dispatch] Aux heat for zone living_room_zone -> OFF (entity switch.fake_head_living_heater)
2026-05-04 02:32:55.371 DEBUG (MainThread) [custom_components.multisplit_zone_controller.coordinator] Finished fetching multisplit_zone_controller[unit_1] data in 0.053 seconds (success: True)
2026-05-04 02:33:25.315 DEBUG (MainThread) [custom_components.multisplit_zone_controller.units] Unknown temperature unit '%'; treating value 45.0 as Celsius
2026-05-04 02:33:25.318 DEBUG (MainThread) [custom_components.multisplit_zone_controller.units] Unknown temperature unit '%'; treating value 45.0 as Celsius
2026-05-04 02:33:25.331 DEBUG (MainThread) [custom_components.multisplit_zone_controller.dispatch] Dispatched hvac_mode=off to climate.fake_head_living (zone living_room_zone, re-asserted)
2026-05-04 02:33:25.343 DEBUG (MainThread) [custom_components.multisplit_zone_controller.dispatch] Dispatched hvac_mode=off to climate.fake_head_bedroom (zone bed_zone, re-asserted)
2026-05-04 02:33:25.346 INFO (MainThread) [homeassistant.helpers.script.fake_living_aux_heater_turn_off] Fake Living Aux Heater turn_off: Running template script
2026-05-04 02:33:25.347 INFO (MainThread) [homeassistant.helpers.script.fake_living_aux_heater_turn_off] Fake Living Aux Heater turn_off: Executing step call service
2026-05-04 02:33:25.350 DEBUG (MainThread) [custom_components.multisplit_zone_controller.aux_heat_dispatch] Aux heat for zone living_room_zone -> OFF (entity switch.fake_head_living_heater)
2026-05-04 02:33:25.350 DEBUG (MainThread) [custom_components.multisplit_zone_controller.coordinator] Finished fetching multisplit_zone_controller[unit_1] data in 0.036 seconds (success: True)
2026-05-04 02:48:57.310 DEBUG (MainThread) [custom_components.multisplit_zone_controller.units] Unknown temperature unit '%'; treating value 45.0 as Celsius
2026-05-04 02:48:57.315 DEBUG (MainThread) [custom_components.multisplit_zone_controller.units] Unknown temperature unit '%'; treating value 45.0 as Celsius
2026-05-04 02:48:57.352 DEBUG (MainThread) [custom_components.multisplit_zone_controller.dispatch] Dispatched hvac_mode=off to climate.fake_head_living (zone living_room_zone, re-asserted)
2026-05-04 02:48:57.355 DEBUG (MainThread) [custom_components.multisplit_zone_controller.dispatch] Dispatched hvac_mode=off to climate.fake_head_bedroom (zone bed_zone, re-asserted)
2026-05-04 02:48:57.365 INFO (MainThread) [homeassistant.helpers.script.fake_living_aux_heater_turn_off] Fake Living Aux Heater turn_off: Running template script
2026-05-04 02:48:57.366 INFO (MainThread) [homeassistant.helpers.script.fake_living_aux_heater_turn_off] Fake Living Aux Heater turn_off: Executing step call service
2026-05-04 02:48:57.369 DEBUG (MainThread) [custom_components.multisplit_zone_controller.aux_heat_dispatch] Aux heat for zone living_room_zone -> OFF (entity switch.fake_head_living_heater)
2026-05-04 02:48:57.369 DEBUG (MainThread) [custom_components.multisplit_zone_controller.coordinator] Finished fetching multisplit_zone_controller[unit_1] data in 0.062 seconds (success: True)
2026-05-04 02:49:27.309 DEBUG (MainThread) [custom_components.multisplit_zone_controller.units] Unknown temperature unit '%'; treating value 45.0 as Celsius
2026-05-04 02:49:27.311 DEBUG (MainThread) [custom_components.multisplit_zone_controller.units] Unknown temperature unit '%'; treating value 45.0 as Celsius
2026-05-04 02:49:27.323 DEBUG (MainThread) [custom_components.multisplit_zone_controller.dispatch] Dispatched hvac_mode=off to climate.fake_head_living (zone living_room_zone, re-asserted)
2026-05-04 02:49:27.324 DEBUG (MainThread) [custom_components.multisplit_zone_controller.dispatch] Dispatched hvac_mode=off to climate.fake_head_bedroom (zone bed_zone, re-asserted)
2026-05-04 02:49:27.331 INFO (MainThread) [homeassistant.helpers.script.fake_living_aux_heater_turn_off] Fake Living Aux Heater turn_off: Running template script
2026-05-04 02:49:27.331 INFO (MainThread) [homeassistant.helpers.script.fake_living_aux_heater_turn_off] Fake Living Aux Heater turn_off: Executing step call service
2026-05-04 02:49:27.333 DEBUG (MainThread) [custom_components.multisplit_zone_controller.aux_heat_dispatch] Aux heat for zone living_room_zone -> OFF (entity switch.fake_head_living_heater)
2026-05-04 02:49:27.333 DEBUG (MainThread) [custom_components.multisplit_zone_controller.coordinator] Finished fetching multisplit_zone_controller[unit_1] data in 0.025 seconds (success: True)
2026-05-04 03:04:58.305 DEBUG (MainThread) [custom_components.multisplit_zone_controller.units] Unknown temperature unit '%'; treating value 45.0 as Celsius
2026-05-04 03:04:58.308 DEBUG (MainThread) [custom_components.multisplit_zone_controller.units] Unknown temperature unit '%'; treating value 45.0 as Celsius
2026-05-04 03:04:58.325 DEBUG (MainThread) [custom_components.multisplit_zone_controller.dispatch] Dispatched hvac_mode=off to climate.fake_head_living (zone living_room_zone, re-asserted)
2026-05-04 03:04:58.327 DEBUG (MainThread) [custom_components.multisplit_zone_controller.dispatch] Dispatched hvac_mode=off to climate.fake_head_bedroom (zone bed_zone, re-asserted)
2026-05-04 03:04:58.330 INFO (MainThread) [homeassistant.helpers.script.fake_living_aux_heater_turn_off] Fake Living Aux Heater turn_off: Running template script
2026-05-04 03:04:58.331 INFO (MainThread) [homeassistant.helpers.script.fake_living_aux_heater_turn_off] Fake Living Aux Heater turn_off: Executing step call service
2026-05-04 03:04:58.343 DEBUG (MainThread) [custom_components.multisplit_zone_controller.aux_heat_dispatch] Aux heat for zone living_room_zone -> OFF (entity switch.fake_head_living_heater)
2026-05-04 03:04:58.343 DEBUG (MainThread) [custom_components.multisplit_zone_controller.coordinator] Finished fetching multisplit_zone_controller[unit_1] data in 0.039 seconds (success: True)
2026-05-04 03:20:28.306 DEBUG (MainThread) [custom_components.multisplit_zone_controller.units] Unknown temperature unit '%'; treating value 45.0 as Celsius
2026-05-04 03:20:28.315 DEBUG (MainThread) [custom_components.multisplit_zone_controller.units] Unknown temperature unit '%'; treating value 45.0 as Celsius
2026-05-04 03:20:28.346 DEBUG (MainThread) [custom_components.multisplit_zone_controller.dispatch] Dispatched hvac_mode=off to climate.fake_head_living (zone living_room_zone, re-asserted)
2026-05-04 03:20:28.348 DEBUG (MainThread) [custom_components.multisplit_zone_controller.dispatch] Dispatched hvac_mode=off to climate.fake_head_bedroom (zone bed_zone, re-asserted)
2026-05-04 03:20:28.376 INFO (MainThread) [homeassistant.helpers.script.fake_living_aux_heater_turn_off] Fake Living Aux Heater turn_off: Running template script
2026-05-04 03:20:28.379 INFO (MainThread) [homeassistant.helpers.script.fake_living_aux_heater_turn_off] Fake Living Aux Heater turn_off: Executing step call service
2026-05-04 03:20:28.392 DEBUG (MainThread) [custom_components.multisplit_zone_controller.aux_heat_dispatch] Aux heat for zone living_room_zone -> OFF (entity switch.fake_head_living_heater)
2026-05-04 03:20:28.392 DEBUG (MainThread) [custom_components.multisplit_zone_controller.coordinator] Finished fetching multisplit_zone_controller[unit_1] data in 0.092 seconds (success: True)
2026-05-04 03:20:58.301 DEBUG (MainThread) [custom_components.multisplit_zone_controller.units] Unknown temperature unit '%'; treating value 45.0 as Celsius
2026-05-04 03:20:58.302 DEBUG (MainThread) [custom_components.multisplit_zone_controller.units] Unknown temperature unit '%'; treating value 45.0 as Celsius
2026-05-04 03:20:58.312 DEBUG (MainThread) [custom_components.multisplit_zone_controller.dispatch] Dispatched hvac_mode=off to climate.fake_head_living (zone living_room_zone, re-asserted)
2026-05-04 03:20:58.312 DEBUG (MainThread) [custom_components.multisplit_zone_controller.dispatch] Dispatched hvac_mode=off to climate.fake_head_bedroom (zone bed_zone, re-asserted)
2026-05-04 03:20:58.314 INFO (MainThread) [homeassistant.helpers.script.fake_living_aux_heater_turn_off] Fake Living Aux Heater turn_off: Running template script
2026-05-04 03:20:58.321 INFO (MainThread) [homeassistant.helpers.script.fake_living_aux_heater_turn_off] Fake Living Aux Heater turn_off: Executing step call service
2026-05-04 03:20:58.322 DEBUG (MainThread) [custom_components.multisplit_zone_controller.aux_heat_dispatch] Aux heat for zone living_room_zone -> OFF (entity switch.fake_head_living_heater)
2026-05-04 03:20:58.322 DEBUG (MainThread) [custom_components.multisplit_zone_controller.coordinator] Finished fetching multisplit_zone_controller[unit_1] data in 0.023 seconds (success: True)
2026-05-04 03:36:30.300 DEBUG (MainThread) [custom_components.multisplit_zone_controller.units] Unknown temperature unit '%'; treating value 45.0 as Celsius
2026-05-04 03:36:30.302 DEBUG (MainThread) [custom_components.multisplit_zone_controller.units] Unknown temperature unit '%'; treating value 45.0 as Celsius
2026-05-04 03:36:30.314 DEBUG (MainThread) [custom_components.multisplit_zone_controller.dispatch] Dispatched hvac_mode=off to climate.fake_head_living (zone living_room_zone, re-asserted)
2026-05-04 03:36:30.327 DEBUG (MainThread) [custom_components.multisplit_zone_controller.dispatch] Dispatched hvac_mode=off to climate.fake_head_bedroom (zone bed_zone, re-asserted)
2026-05-04 03:36:30.404 INFO (MainThread) [homeassistant.helpers.script.fake_living_aux_heater_turn_off] Fake Living Aux Heater turn_off: Running template script
2026-05-04 03:36:30.438 INFO (MainThread) [homeassistant.helpers.script.fake_living_aux_heater_turn_off] Fake Living Aux Heater turn_off: Executing step call service
2026-05-04 03:36:30.454 DEBUG (MainThread) [custom_components.multisplit_zone_controller.aux_heat_dispatch] Aux heat for zone living_room_zone -> OFF (entity switch.fake_head_living_heater)
2026-05-04 03:36:30.454 DEBUG (MainThread) [custom_components.multisplit_zone_controller.coordinator] Finished fetching multisplit_zone_controller[unit_1] data in 0.156 seconds (success: True)
2026-05-04 03:52:00.294 DEBUG (MainThread) [custom_components.multisplit_zone_controller.units] Unknown temperature unit '%'; treating value 45.0 as Celsius
2026-05-04 03:52:00.299 DEBUG (MainThread) [custom_components.multisplit_zone_controller.units] Unknown temperature unit '%'; treating value 45.0 as Celsius
2026-05-04 03:52:00.325 DEBUG (MainThread) [custom_components.multisplit_zone_controller.dispatch] Dispatched hvac_mode=off to climate.fake_head_living (zone living_room_zone, re-asserted)
2026-05-04 03:52:00.326 DEBUG (MainThread) [custom_components.multisplit_zone_controller.dispatch] Dispatched hvac_mode=off to climate.fake_head_bedroom (zone bed_zone, re-asserted)
2026-05-04 03:52:00.339 INFO (MainThread) [homeassistant.helpers.script.fake_living_aux_heater_turn_off] Fake Living Aux Heater turn_off: Running template script
2026-05-04 03:52:00.339 INFO (MainThread) [homeassistant.helpers.script.fake_living_aux_heater_turn_off] Fake Living Aux Heater turn_off: Executing step call service
2026-05-04 03:52:00.341 DEBUG (MainThread) [custom_components.multisplit_zone_controller.aux_heat_dispatch] Aux heat for zone living_room_zone -> OFF (entity switch.fake_head_living_heater)
2026-05-04 03:52:00.341 DEBUG (MainThread) [custom_components.multisplit_zone_controller.coordinator] Finished fetching multisplit_zone_controller[unit_1] data in 0.049 seconds (success: True)
2026-05-04 03:52:30.289 DEBUG (MainThread) [custom_components.multisplit_zone_controller.units] Unknown temperature unit '%'; treating value 45.0 as Celsius
2026-05-04 03:52:30.290 DEBUG (MainThread) [custom_components.multisplit_zone_controller.units] Unknown temperature unit '%'; treating value 45.0 as Celsius
2026-05-04 03:52:30.301 DEBUG (MainThread) [custom_components.multisplit_zone_controller.dispatch] Dispatched hvac_mode=off to climate.fake_head_living (zone living_room_zone, re-asserted)
2026-05-04 03:52:30.302 DEBUG (MainThread) [custom_components.multisplit_zone_controller.dispatch] Dispatched hvac_mode=off to climate.fake_head_bedroom (zone bed_zone, re-asserted)
2026-05-04 03:52:30.303 INFO (MainThread) [homeassistant.helpers.script.fake_living_aux_heater_turn_off] Fake Living Aux Heater turn_off: Running template script
2026-05-04 03:52:30.305 INFO (MainThread) [homeassistant.helpers.script.fake_living_aux_heater_turn_off] Fake Living Aux Heater turn_off: Executing step call service
2026-05-04 03:52:30.310 DEBUG (MainThread) [custom_components.multisplit_zone_controller.aux_heat_dispatch] Aux heat for zone living_room_zone -> OFF (entity switch.fake_head_living_heater)
2026-05-04 03:52:30.310 DEBUG (MainThread) [custom_components.multisplit_zone_controller.coordinator] Finished fetching multisplit_zone_controller[unit_1] data in 0.022 seconds (success: True)
2026-05-04 03:58:44.290 DEBUG (MainThread) [custom_components.multisplit_zone_controller.units] Unknown temperature unit '%'; treating value 45.0 as Celsius
2026-05-04 03:58:44.290 DEBUG (MainThread) [custom_components.multisplit_zone_controller.units] Unknown temperature unit '%'; treating value 45.0 as Celsius
2026-05-04 03:58:44.291 DEBUG (MainThread) [custom_components.multisplit_zone_controller.dispatch] Dispatched hvac_mode=off to climate.fake_head_living (zone living_room_zone, re-asserted)
2026-05-04 03:58:44.291 DEBUG (MainThread) [custom_components.multisplit_zone_controller.dispatch] Dispatched hvac_mode=off to climate.fake_head_bedroom (zone bed_zone, re-asserted)
2026-05-04 03:58:44.292 INFO (MainThread) [homeassistant.helpers.script.fake_living_aux_heater_turn_off] Fake Living Aux Heater turn_off: Running template script
2026-05-04 03:58:44.292 INFO (MainThread) [homeassistant.helpers.script.fake_living_aux_heater_turn_off] Fake Living Aux Heater turn_off: Executing step call service
2026-05-04 03:58:44.292 DEBUG (MainThread) [custom_components.multisplit_zone_controller.aux_heat_dispatch] Aux heat for zone living_room_zone -> OFF (entity switch.fake_head_living_heater)
2026-05-04 03:58:44.292 DEBUG (MainThread) [custom_components.multisplit_zone_controller.coordinator] Finished fetching multisplit_zone_controller[unit_1] data in 0.002 seconds (success: True)
2026-05-04 04:14:15.294 DEBUG (MainThread) [custom_components.multisplit_zone_controller.units] Unknown temperature unit '%'; treating value 45.0 as Celsius
2026-05-04 04:14:15.297 DEBUG (MainThread) [custom_components.multisplit_zone_controller.units] Unknown temperature unit '%'; treating value 45.0 as Celsius
2026-05-04 04:14:15.321 DEBUG (MainThread) [custom_components.multisplit_zone_controller.dispatch] Dispatched hvac_mode=off to climate.fake_head_living (zone living_room_zone, re-asserted)
2026-05-04 04:14:15.331 DEBUG (MainThread) [custom_components.multisplit_zone_controller.dispatch] Dispatched hvac_mode=off to climate.fake_head_bedroom (zone bed_zone, re-asserted)
2026-05-04 04:14:15.337 INFO (MainThread) [homeassistant.helpers.script.fake_living_aux_heater_turn_off] Fake Living Aux Heater turn_off: Running template script
2026-05-04 04:14:15.338 INFO (MainThread) [homeassistant.helpers.script.fake_living_aux_heater_turn_off] Fake Living Aux Heater turn_off: Executing step call service
2026-05-04 04:14:15.340 DEBUG (MainThread) [custom_components.multisplit_zone_controller.aux_heat_dispatch] Aux heat for zone living_room_zone -> OFF (entity switch.fake_head_living_heater)
2026-05-04 04:14:15.340 DEBUG (MainThread) [custom_components.multisplit_zone_controller.coordinator] Finished fetching multisplit_zone_controller[unit_1] data in 0.049 seconds (success: True)
2026-05-04 04:14:45.286 DEBUG (MainThread) [custom_components.multisplit_zone_controller.units] Unknown temperature unit '%'; treating value 45.0 as Celsius
2026-05-04 04:14:45.287 DEBUG (MainThread) [custom_components.multisplit_zone_controller.units] Unknown temperature unit '%'; treating value 45.0 as Celsius
2026-05-04 04:14:45.297 DEBUG (MainThread) [custom_components.multisplit_zone_controller.dispatch] Dispatched hvac_mode=off to climate.fake_head_living (zone living_room_zone, re-asserted)
2026-05-04 04:14:45.298 DEBUG (MainThread) [custom_components.multisplit_zone_controller.dispatch] Dispatched hvac_mode=off to climate.fake_head_bedroom (zone bed_zone, re-asserted)
2026-05-04 04:14:45.299 INFO (MainThread) [homeassistant.helpers.script.fake_living_aux_heater_turn_off] Fake Living Aux Heater turn_off: Running template script
2026-05-04 04:14:45.300 INFO (MainThread) [homeassistant.helpers.script.fake_living_aux_heater_turn_off] Fake Living Aux Heater turn_off: Executing step call service
2026-05-04 04:14:45.302 DEBUG (MainThread) [custom_components.multisplit_zone_controller.aux_heat_dispatch] Aux heat for zone living_room_zone -> OFF (entity switch.fake_head_living_heater)
2026-05-04 04:14:45.302 DEBUG (MainThread) [custom_components.multisplit_zone_controller.coordinator] Finished fetching multisplit_zone_controller[unit_1] data in 0.017 seconds (success: True)
2026-05-04 04:30:16.276 DEBUG (MainThread) [custom_components.multisplit_zone_controller.units] Unknown temperature unit '%'; treating value 45.0 as Celsius
2026-05-04 04:30:16.279 DEBUG (MainThread) [custom_components.multisplit_zone_controller.units] Unknown temperature unit '%'; treating value 45.0 as Celsius
2026-05-04 04:30:16.297 DEBUG (MainThread) [custom_components.multisplit_zone_controller.dispatch] Dispatched hvac_mode=off to climate.fake_head_living (zone living_room_zone, re-asserted)
2026-05-04 04:30:16.298 DEBUG (MainThread) [custom_components.multisplit_zone_controller.dispatch] Dispatched hvac_mode=off to climate.fake_head_bedroom (zone bed_zone, re-asserted)
2026-05-04 04:30:16.300 INFO (MainThread) [homeassistant.helpers.script.fake_living_aux_heater_turn_off] Fake Living Aux Heater turn_off: Running template script
2026-05-04 04:30:16.301 INFO (MainThread) [homeassistant.helpers.script.fake_living_aux_heater_turn_off] Fake Living Aux Heater turn_off: Executing step call service
2026-05-04 04:30:16.302 DEBUG (MainThread) [custom_components.multisplit_zone_controller.aux_heat_dispatch] Aux heat for zone living_room_zone -> OFF (entity switch.fake_head_living_heater)
2026-05-04 04:30:16.303 DEBUG (MainThread) [custom_components.multisplit_zone_controller.coordinator] Finished fetching multisplit_zone_controller[unit_1] data in 0.028 seconds (success: True)
2026-05-04 04:30:46.273 DEBUG (MainThread) [custom_components.multisplit_zone_controller.units] Unknown temperature unit '%'; treating value 45.0 as Celsius
2026-05-04 04:30:46.273 DEBUG (MainThread) [custom_components.multisplit_zone_controller.units] Unknown temperature unit '%'; treating value 45.0 as Celsius
2026-05-04 04:30:46.275 DEBUG (MainThread) [custom_components.multisplit_zone_controller.dispatch] Dispatched hvac_mode=off to climate.fake_head_living (zone living_room_zone, re-asserted)
2026-05-04 04:30:46.276 DEBUG (MainThread) [custom_components.multisplit_zone_controller.dispatch] Dispatched hvac_mode=off to climate.fake_head_bedroom (zone bed_zone, re-asserted)
2026-05-04 04:30:46.276 INFO (MainThread) [homeassistant.helpers.script.fake_living_aux_heater_turn_off] Fake Living Aux Heater turn_off: Running template script
2026-05-04 04:30:46.276 INFO (MainThread) [homeassistant.helpers.script.fake_living_aux_heater_turn_off] Fake Living Aux Heater turn_off: Executing step call service
2026-05-04 04:30:46.277 DEBUG (MainThread) [custom_components.multisplit_zone_controller.aux_heat_dispatch] Aux heat for zone living_room_zone -> OFF (entity switch.fake_head_living_heater)
2026-05-04 04:30:46.277 DEBUG (MainThread) [custom_components.multisplit_zone_controller.coordinator] Finished fetching multisplit_zone_controller[unit_1] data in 0.004 seconds (success: True)
2026-05-04 04:46:17.275 DEBUG (MainThread) [custom_components.multisplit_zone_controller.units] Unknown temperature unit '%'; treating value 45.0 as Celsius
2026-05-04 04:46:17.277 DEBUG (MainThread) [custom_components.multisplit_zone_controller.units] Unknown temperature unit '%'; treating value 45.0 as Celsius
2026-05-04 04:46:17.284 DEBUG (MainThread) [custom_components.multisplit_zone_controller.dispatch] Dispatched hvac_mode=off to climate.fake_head_living (zone living_room_zone, re-asserted)
2026-05-04 04:46:17.285 DEBUG (MainThread) [custom_components.multisplit_zone_controller.dispatch] Dispatched hvac_mode=off to climate.fake_head_bedroom (zone bed_zone, re-asserted)
2026-05-04 04:46:17.286 INFO (MainThread) [homeassistant.helpers.script.fake_living_aux_heater_turn_off] Fake Living Aux Heater turn_off: Running template script
2026-05-04 04:46:17.287 INFO (MainThread) [homeassistant.helpers.script.fake_living_aux_heater_turn_off] Fake Living Aux Heater turn_off: Executing step call service
2026-05-04 04:46:17.288 DEBUG (MainThread) [custom_components.multisplit_zone_controller.aux_heat_dispatch] Aux heat for zone living_room_zone -> OFF (entity switch.fake_head_living_heater)
2026-05-04 04:46:17.290 DEBUG (MainThread) [custom_components.multisplit_zone_controller.coordinator] Finished fetching multisplit_zone_controller[unit_1] data in 0.017 seconds (success: True)
2026-05-04 04:59:34.394 DEBUG (MainThread) [custom_components.multisplit_zone_controller.units] Unknown temperature unit '%'; treating value 45.0 as Celsius
2026-05-04 04:59:34.396 DEBUG (MainThread) [custom_components.multisplit_zone_controller.units] Unknown temperature unit '%'; treating value 45.0 as Celsius
2026-05-04 04:59:34.398 DEBUG (MainThread) [custom_components.multisplit_zone_controller.dispatch] Dispatched hvac_mode=off to climate.fake_head_living (zone living_room_zone, re-asserted)
2026-05-04 04:59:34.399 DEBUG (MainThread) [custom_components.multisplit_zone_controller.dispatch] Dispatched hvac_mode=off to climate.fake_head_bedroom (zone bed_zone, re-asserted)
2026-05-04 04:59:34.399 INFO (MainThread) [homeassistant.helpers.script.fake_living_aux_heater_turn_off] Fake Living Aux Heater turn_off: Running template script
2026-05-04 04:59:34.400 INFO (MainThread) [homeassistant.helpers.script.fake_living_aux_heater_turn_off] Fake Living Aux Heater turn_off: Executing step call service
2026-05-04 04:59:34.400 DEBUG (MainThread) [custom_components.multisplit_zone_controller.aux_heat_dispatch] Aux heat for zone living_room_zone -> OFF (entity switch.fake_head_living_heater)
2026-05-04 04:59:34.400 DEBUG (MainThread) [custom_components.multisplit_zone_controller.coordinator] Finished fetching multisplit_zone_controller[unit_1] data in 0.006 seconds (success: True)
2026-05-04 05:00:04.396 DEBUG (MainThread) [custom_components.multisplit_zone_controller.units] Unknown temperature unit '%'; treating value 45.0 as Celsius
2026-05-04 05:00:04.398 DEBUG (MainThread) [custom_components.multisplit_zone_controller.units] Unknown temperature unit '%'; treating value 45.0 as Celsius
2026-05-04 05:00:04.409 DEBUG (MainThread) [custom_components.multisplit_zone_controller.dispatch] Dispatched hvac_mode=off to climate.fake_head_living (zone living_room_zone, re-asserted)
2026-05-04 05:00:04.410 DEBUG (MainThread) [custom_components.multisplit_zone_controller.dispatch] Dispatched hvac_mode=off to climate.fake_head_bedroom (zone bed_zone, re-asserted)
2026-05-04 05:00:04.411 INFO (MainThread) [homeassistant.helpers.script.fake_living_aux_heater_turn_off] Fake Living Aux Heater turn_off: Running template script
2026-05-04 05:00:04.411 INFO (MainThread) [homeassistant.helpers.script.fake_living_aux_heater_turn_off] Fake Living Aux Heater turn_off: Executing step call service
2026-05-04 05:00:04.413 DEBUG (MainThread) [custom_components.multisplit_zone_controller.aux_heat_dispatch] Aux heat for zone living_room_zone -> OFF (entity switch.fake_head_living_heater)
2026-05-04 05:00:04.413 DEBUG (MainThread) [custom_components.multisplit_zone_controller.coordinator] Finished fetching multisplit_zone_controller[unit_1] data in 0.018 seconds (success: True)
2026-05-04 05:15:35.387 DEBUG (MainThread) [custom_components.multisplit_zone_controller.units] Unknown temperature unit '%'; treating value 45.0 as Celsius
2026-05-04 05:15:35.387 DEBUG (MainThread) [custom_components.multisplit_zone_controller.units] Unknown temperature unit '%'; treating value 45.0 as Celsius
2026-05-04 05:15:35.388 DEBUG (MainThread) [custom_components.multisplit_zone_controller.dispatch] Dispatched hvac_mode=off to climate.fake_head_living (zone living_room_zone, re-asserted)
2026-05-04 05:15:35.388 DEBUG (MainThread) [custom_components.multisplit_zone_controller.dispatch] Dispatched hvac_mode=off to climate.fake_head_bedroom (zone bed_zone, re-asserted)
2026-05-04 05:15:35.388 INFO (MainThread) [homeassistant.helpers.script.fake_living_aux_heater_turn_off] Fake Living Aux Heater turn_off: Running template script
2026-05-04 05:15:35.389 INFO (MainThread) [homeassistant.helpers.script.fake_living_aux_heater_turn_off] Fake Living Aux Heater turn_off: Executing step call service
2026-05-04 05:15:35.389 DEBUG (MainThread) [custom_components.multisplit_zone_controller.aux_heat_dispatch] Aux heat for zone living_room_zone -> OFF (entity switch.fake_head_living_heater)
2026-05-04 05:15:35.389 DEBUG (MainThread) [custom_components.multisplit_zone_controller.coordinator] Finished fetching multisplit_zone_controller[unit_1] data in 0.002 seconds (success: True)
2026-05-04 05:16:05.399 DEBUG (MainThread) [custom_components.multisplit_zone_controller.units] Unknown temperature unit '%'; treating value 45.0 as Celsius
2026-05-04 05:16:05.406 DEBUG (MainThread) [custom_components.multisplit_zone_controller.units] Unknown temperature unit '%'; treating value 45.0 as Celsius
2026-05-04 05:16:05.423 DEBUG (MainThread) [custom_components.multisplit_zone_controller.dispatch] Dispatched hvac_mode=off to climate.fake_head_living (zone living_room_zone, re-asserted)
2026-05-04 05:16:05.424 DEBUG (MainThread) [custom_components.multisplit_zone_controller.dispatch] Dispatched hvac_mode=off to climate.fake_head_bedroom (zone bed_zone, re-asserted)
2026-05-04 05:16:05.429 INFO (MainThread) [homeassistant.helpers.script.fake_living_aux_heater_turn_off] Fake Living Aux Heater turn_off: Running template script
2026-05-04 05:16:05.432 INFO (MainThread) [homeassistant.helpers.script.fake_living_aux_heater_turn_off] Fake Living Aux Heater turn_off: Executing step call service
2026-05-04 05:16:05.433 DEBUG (MainThread) [custom_components.multisplit_zone_controller.aux_heat_dispatch] Aux heat for zone living_room_zone -> OFF (entity switch.fake_head_living_heater)
2026-05-04 05:16:05.434 DEBUG (MainThread) [custom_components.multisplit_zone_controller.coordinator] Finished fetching multisplit_zone_controller[unit_1] data in 0.037 seconds (success: True)
2026-05-04 05:31:38.388 DEBUG (MainThread) [custom_components.multisplit_zone_controller.units] Unknown temperature unit '%'; treating value 45.0 as Celsius
2026-05-04 05:31:38.388 DEBUG (MainThread) [custom_components.multisplit_zone_controller.units] Unknown temperature unit '%'; treating value 45.0 as Celsius
2026-05-04 05:31:38.389 DEBUG (MainThread) [custom_components.multisplit_zone_controller.dispatch] Dispatched hvac_mode=off to climate.fake_head_living (zone living_room_zone, re-asserted)
2026-05-04 05:31:38.389 DEBUG (MainThread) [custom_components.multisplit_zone_controller.dispatch] Dispatched hvac_mode=off to climate.fake_head_bedroom (zone bed_zone, re-asserted)
2026-05-04 05:31:38.389 INFO (MainThread) [homeassistant.helpers.script.fake_living_aux_heater_turn_off] Fake Living Aux Heater turn_off: Running template script
2026-05-04 05:31:38.389 INFO (MainThread) [homeassistant.helpers.script.fake_living_aux_heater_turn_off] Fake Living Aux Heater turn_off: Executing step call service
2026-05-04 05:31:38.389 DEBUG (MainThread) [custom_components.multisplit_zone_controller.aux_heat_dispatch] Aux heat for zone living_room_zone -> OFF (entity switch.fake_head_living_heater)
2026-05-04 05:31:38.389 DEBUG (MainThread) [custom_components.multisplit_zone_controller.coordinator] Finished fetching multisplit_zone_controller[unit_1] data in 0.002 seconds (success: True)
2026-05-04 05:47:09.390 DEBUG (MainThread) [custom_components.multisplit_zone_controller.units] Unknown temperature unit '%'; treating value 45.0 as Celsius
2026-05-04 05:47:09.392 DEBUG (MainThread) [custom_components.multisplit_zone_controller.units] Unknown temperature unit '%'; treating value 45.0 as Celsius
2026-05-04 05:47:09.402 DEBUG (MainThread) [custom_components.multisplit_zone_controller.dispatch] Dispatched hvac_mode=off to climate.fake_head_living (zone living_room_zone, re-asserted)
2026-05-04 05:47:09.403 DEBUG (MainThread) [custom_components.multisplit_zone_controller.dispatch] Dispatched hvac_mode=off to climate.fake_head_bedroom (zone bed_zone, re-asserted)
2026-05-04 05:47:09.410 INFO (MainThread) [homeassistant.helpers.script.fake_living_aux_heater_turn_off] Fake Living Aux Heater turn_off: Running template script
2026-05-04 05:47:09.410 INFO (MainThread) [homeassistant.helpers.script.fake_living_aux_heater_turn_off] Fake Living Aux Heater turn_off: Executing step call service
2026-05-04 05:47:09.412 DEBUG (MainThread) [custom_components.multisplit_zone_controller.aux_heat_dispatch] Aux heat for zone living_room_zone -> OFF (entity switch.fake_head_living_heater)
2026-05-04 05:47:09.412 DEBUG (MainThread) [custom_components.multisplit_zone_controller.coordinator] Finished fetching multisplit_zone_controller[unit_1] data in 0.024 seconds (success: True)
2026-05-04 05:47:39.387 DEBUG (MainThread) [custom_components.multisplit_zone_controller.units] Unknown temperature unit '%'; treating value 45.0 as Celsius
2026-05-04 05:47:39.388 DEBUG (MainThread) [custom_components.multisplit_zone_controller.units] Unknown temperature unit '%'; treating value 45.0 as Celsius
2026-05-04 05:47:39.392 DEBUG (MainThread) [custom_components.multisplit_zone_controller.dispatch] Dispatched hvac_mode=off to climate.fake_head_living (zone living_room_zone, re-asserted)
2026-05-04 05:47:39.398 DEBUG (MainThread) [custom_components.multisplit_zone_controller.dispatch] Dispatched hvac_mode=off to climate.fake_head_bedroom (zone bed_zone, re-asserted)
2026-05-04 05:47:39.400 INFO (MainThread) [homeassistant.helpers.script.fake_living_aux_heater_turn_off] Fake Living Aux Heater turn_off: Running template script
2026-05-04 05:47:39.400 INFO (MainThread) [homeassistant.helpers.script.fake_living_aux_heater_turn_off] Fake Living Aux Heater turn_off: Executing step call service
2026-05-04 05:47:39.402 DEBUG (MainThread) [custom_components.multisplit_zone_controller.aux_heat_dispatch] Aux heat for zone living_room_zone -> OFF (entity switch.fake_head_living_heater)
2026-05-04 05:47:39.402 DEBUG (MainThread) [custom_components.multisplit_zone_controller.coordinator] Finished fetching multisplit_zone_controller[unit_1] data in 0.016 seconds (success: True)
2026-05-04 06:00:56.382 DEBUG (MainThread) [custom_components.multisplit_zone_controller.units] Unknown temperature unit '%'; treating value 45.0 as Celsius
2026-05-04 06:00:56.383 DEBUG (MainThread) [custom_components.multisplit_zone_controller.units] Unknown temperature unit '%'; treating value 45.0 as Celsius
2026-05-04 06:00:56.388 DEBUG (MainThread) [custom_components.multisplit_zone_controller.dispatch] Dispatched hvac_mode=off to climate.fake_head_living (zone living_room_zone, re-asserted)
2026-05-04 06:00:56.388 DEBUG (MainThread) [custom_components.multisplit_zone_controller.dispatch] Dispatched hvac_mode=off to climate.fake_head_bedroom (zone bed_zone, re-asserted)
2026-05-04 06:00:56.392 INFO (MainThread) [homeassistant.helpers.script.fake_living_aux_heater_turn_off] Fake Living Aux Heater turn_off: Running template script
2026-05-04 06:00:56.393 INFO (MainThread) [homeassistant.helpers.script.fake_living_aux_heater_turn_off] Fake Living Aux Heater turn_off: Executing step call service
2026-05-04 06:00:56.394 DEBUG (MainThread) [custom_components.multisplit_zone_controller.aux_heat_dispatch] Aux heat for zone living_room_zone -> OFF (entity switch.fake_head_living_heater)
2026-05-04 06:00:56.394 DEBUG (MainThread) [custom_components.multisplit_zone_controller.coordinator] Finished fetching multisplit_zone_controller[unit_1] data in 0.013 seconds (success: True)
2026-05-04 06:16:27.386 DEBUG (MainThread) [custom_components.multisplit_zone_controller.units] Unknown temperature unit '%'; treating value 45.0 as Celsius
2026-05-04 06:16:27.388 DEBUG (MainThread) [custom_components.multisplit_zone_controller.units] Unknown temperature unit '%'; treating value 45.0 as Celsius
2026-05-04 06:16:27.400 DEBUG (MainThread) [custom_components.multisplit_zone_controller.dispatch] Dispatched hvac_mode=off to climate.fake_head_living (zone living_room_zone, re-asserted)
2026-05-04 06:16:27.401 DEBUG (MainThread) [custom_components.multisplit_zone_controller.dispatch] Dispatched hvac_mode=off to climate.fake_head_bedroom (zone bed_zone, re-asserted)
2026-05-04 06:16:27.403 INFO (MainThread) [homeassistant.helpers.script.fake_living_aux_heater_turn_off] Fake Living Aux Heater turn_off: Running template script
2026-05-04 06:16:27.403 INFO (MainThread) [homeassistant.helpers.script.fake_living_aux_heater_turn_off] Fake Living Aux Heater turn_off: Executing step call service
2026-05-04 06:16:27.412 DEBUG (MainThread) [custom_components.multisplit_zone_controller.aux_heat_dispatch] Aux heat for zone living_room_zone -> OFF (entity switch.fake_head_living_heater)
2026-05-04 06:16:27.412 DEBUG (MainThread) [custom_components.multisplit_zone_controller.coordinator] Finished fetching multisplit_zone_controller[unit_1] data in 0.028 seconds (success: True)
2026-05-04 06:16:57.385 DEBUG (MainThread) [custom_components.multisplit_zone_controller.units] Unknown temperature unit '%'; treating value 45.0 as Celsius
2026-05-04 06:16:57.387 DEBUG (MainThread) [custom_components.multisplit_zone_controller.units] Unknown temperature unit '%'; treating value 45.0 as Celsius
2026-05-04 06:16:57.397 DEBUG (MainThread) [custom_components.multisplit_zone_controller.dispatch] Dispatched hvac_mode=off to climate.fake_head_living (zone living_room_zone, re-asserted)
2026-05-04 06:16:57.397 DEBUG (MainThread) [custom_components.multisplit_zone_controller.dispatch] Dispatched hvac_mode=off to climate.fake_head_bedroom (zone bed_zone, re-asserted)
2026-05-04 06:16:57.404 INFO (MainThread) [homeassistant.helpers.script.fake_living_aux_heater_turn_off] Fake Living Aux Heater turn_off: Running template script
2026-05-04 06:16:57.406 INFO (MainThread) [homeassistant.helpers.script.fake_living_aux_heater_turn_off] Fake Living Aux Heater turn_off: Executing step call service
2026-05-04 06:16:57.408 DEBUG (MainThread) [custom_components.multisplit_zone_controller.aux_heat_dispatch] Aux heat for zone living_room_zone -> OFF (entity switch.fake_head_living_heater)
2026-05-04 06:16:57.409 DEBUG (MainThread) [custom_components.multisplit_zone_controller.coordinator] Finished fetching multisplit_zone_controller[unit_1] data in 0.025 seconds (success: True)
2026-05-04 06:32:28.381 DEBUG (MainThread) [custom_components.multisplit_zone_controller.units] Unknown temperature unit '%'; treating value 45.0 as Celsius
2026-05-04 06:32:28.383 DEBUG (MainThread) [custom_components.multisplit_zone_controller.units] Unknown temperature unit '%'; treating value 45.0 as Celsius
2026-05-04 06:32:28.394 DEBUG (MainThread) [custom_components.multisplit_zone_controller.dispatch] Dispatched hvac_mode=off to climate.fake_head_living (zone living_room_zone, re-asserted)
2026-05-04 06:32:28.395 DEBUG (MainThread) [custom_components.multisplit_zone_controller.dispatch] Dispatched hvac_mode=off to climate.fake_head_bedroom (zone bed_zone, re-asserted)
2026-05-04 06:32:28.396 INFO (MainThread) [homeassistant.helpers.script.fake_living_aux_heater_turn_off] Fake Living Aux Heater turn_off: Running template script
2026-05-04 06:32:28.396 INFO (MainThread) [homeassistant.helpers.script.fake_living_aux_heater_turn_off] Fake Living Aux Heater turn_off: Executing step call service
2026-05-04 06:32:28.397 DEBUG (MainThread) [custom_components.multisplit_zone_controller.aux_heat_dispatch] Aux heat for zone living_room_zone -> OFF (entity switch.fake_head_living_heater)
2026-05-04 06:32:28.397 DEBUG (MainThread) [custom_components.multisplit_zone_controller.coordinator] Finished fetching multisplit_zone_controller[unit_1] data in 0.018 seconds (success: True)
2026-05-04 06:47:59.383 DEBUG (MainThread) [custom_components.multisplit_zone_controller.units] Unknown temperature unit '%'; treating value 45.0 as Celsius
2026-05-04 06:47:59.386 DEBUG (MainThread) [custom_components.multisplit_zone_controller.units] Unknown temperature unit '%'; treating value 45.0 as Celsius
2026-05-04 06:47:59.406 DEBUG (MainThread) [custom_components.multisplit_zone_controller.dispatch] Dispatched hvac_mode=off to climate.fake_head_living (zone living_room_zone, re-asserted)
2026-05-04 06:47:59.407 DEBUG (MainThread) [custom_components.multisplit_zone_controller.dispatch] Dispatched hvac_mode=off to climate.fake_head_bedroom (zone bed_zone, re-asserted)
2026-05-04 06:47:59.408 INFO (MainThread) [homeassistant.helpers.script.fake_living_aux_heater_turn_off] Fake Living Aux Heater turn_off: Running template script
2026-05-04 06:47:59.409 INFO (MainThread) [homeassistant.helpers.script.fake_living_aux_heater_turn_off] Fake Living Aux Heater turn_off: Executing step call service
2026-05-04 06:47:59.421 DEBUG (MainThread) [custom_components.multisplit_zone_controller.aux_heat_dispatch] Aux heat for zone living_room_zone -> OFF (entity switch.fake_head_living_heater)
2026-05-04 06:47:59.421 DEBUG (MainThread) [custom_components.multisplit_zone_controller.coordinator] Finished fetching multisplit_zone_controller[unit_1] data in 0.040 seconds (success: True)
2026-05-04 06:48:29.377 DEBUG (MainThread) [custom_components.multisplit_zone_controller.units] Unknown temperature unit '%'; treating value 45.0 as Celsius
2026-05-04 06:48:29.377 DEBUG (MainThread) [custom_components.multisplit_zone_controller.units] Unknown temperature unit '%'; treating value 45.0 as Celsius
2026-05-04 06:48:29.379 DEBUG (MainThread) [custom_components.multisplit_zone_controller.dispatch] Dispatched hvac_mode=off to climate.fake_head_living (zone living_room_zone, re-asserted)
2026-05-04 06:48:29.380 DEBUG (MainThread) [custom_components.multisplit_zone_controller.dispatch] Dispatched hvac_mode=off to climate.fake_head_bedroom (zone bed_zone, re-asserted)
2026-05-04 06:48:29.380 INFO (MainThread) [homeassistant.helpers.script.fake_living_aux_heater_turn_off] Fake Living Aux Heater turn_off: Running template script
2026-05-04 06:48:29.380 INFO (MainThread) [homeassistant.helpers.script.fake_living_aux_heater_turn_off] Fake Living Aux Heater turn_off: Executing step call service
2026-05-04 06:48:29.380 DEBUG (MainThread) [custom_components.multisplit_zone_controller.aux_heat_dispatch] Aux heat for zone living_room_zone -> OFF (entity switch.fake_head_living_heater)
2026-05-04 06:48:29.381 DEBUG (MainThread) [custom_components.multisplit_zone_controller.coordinator] Finished fetching multisplit_zone_controller[unit_1] data in 0.004 seconds (success: True)
2026-05-04 06:51:32.376 DEBUG (MainThread) [custom_components.multisplit_zone_controller.units] Unknown temperature unit '%'; treating value 45.0 as Celsius
2026-05-04 06:51:32.378 DEBUG (MainThread) [custom_components.multisplit_zone_controller.units] Unknown temperature unit '%'; treating value 45.0 as Celsius
2026-05-04 06:51:32.382 DEBUG (MainThread) [custom_components.multisplit_zone_controller.dispatch] Dispatched hvac_mode=off to climate.fake_head_living (zone living_room_zone, re-asserted)
2026-05-04 06:51:32.382 DEBUG (MainThread) [custom_components.multisplit_zone_controller.dispatch] Dispatched hvac_mode=off to climate.fake_head_bedroom (zone bed_zone, re-asserted)
2026-05-04 06:51:32.391 INFO (MainThread) [homeassistant.helpers.script.fake_living_aux_heater_turn_off] Fake Living Aux Heater turn_off: Running template script
2026-05-04 06:51:32.391 INFO (MainThread) [homeassistant.helpers.script.fake_living_aux_heater_turn_off] Fake Living Aux Heater turn_off: Executing step call service
2026-05-04 06:51:32.392 DEBUG (MainThread) [custom_components.multisplit_zone_controller.aux_heat_dispatch] Aux heat for zone living_room_zone -> OFF (entity switch.fake_head_living_heater)
2026-05-04 06:51:32.392 DEBUG (MainThread) [custom_components.multisplit_zone_controller.coordinator] Finished fetching multisplit_zone_controller[unit_1] data in 0.017 seconds (success: True)
2026-05-04 06:52:02.374 DEBUG (MainThread) [custom_components.multisplit_zone_controller.units] Unknown temperature unit '%'; treating value 45.0 as Celsius
2026-05-04 06:52:02.374 DEBUG (MainThread) [custom_components.multisplit_zone_controller.units] Unknown temperature unit '%'; treating value 45.0 as Celsius
2026-05-04 06:52:02.375 DEBUG (MainThread) [custom_components.multisplit_zone_controller.dispatch] Dispatched hvac_mode=off to climate.fake_head_living (zone living_room_zone, re-asserted)
2026-05-04 06:52:02.375 DEBUG (MainThread) [custom_components.multisplit_zone_controller.dispatch] Dispatched hvac_mode=off to climate.fake_head_bedroom (zone bed_zone, re-asserted)
2026-05-04 06:52:02.376 INFO (MainThread) [homeassistant.helpers.script.fake_living_aux_heater_turn_off] Fake Living Aux Heater turn_off: Running template script
2026-05-04 06:52:02.376 INFO (MainThread) [homeassistant.helpers.script.fake_living_aux_heater_turn_off] Fake Living Aux Heater turn_off: Executing step call service
2026-05-04 06:52:02.376 DEBUG (MainThread) [custom_components.multisplit_zone_controller.aux_heat_dispatch] Aux heat for zone living_room_zone -> OFF (entity switch.fake_head_living_heater)
2026-05-04 06:52:02.376 DEBUG (MainThread) [custom_components.multisplit_zone_controller.coordinator] Finished fetching multisplit_zone_controller[unit_1] data in 0.002 seconds (success: True)
2026-05-04 07:02:01.377 DEBUG (MainThread) [custom_components.multisplit_zone_controller.units] Unknown temperature unit '%'; treating value 45.0 as Celsius
2026-05-04 07:02:01.379 DEBUG (MainThread) [custom_components.multisplit_zone_controller.units] Unknown temperature unit '%'; treating value 45.0 as Celsius
2026-05-04 07:02:01.389 DEBUG (MainThread) [custom_components.multisplit_zone_controller.dispatch] Dispatched hvac_mode=off to climate.fake_head_living (zone living_room_zone, re-asserted)
2026-05-04 07:02:01.390 DEBUG (MainThread) [custom_components.multisplit_zone_controller.dispatch] Dispatched hvac_mode=off to climate.fake_head_bedroom (zone bed_zone, re-asserted)
2026-05-04 07:02:01.402 INFO (MainThread) [homeassistant.helpers.script.fake_living_aux_heater_turn_off] Fake Living Aux Heater turn_off: Running template script
2026-05-04 07:02:01.403 INFO (MainThread) [homeassistant.helpers.script.fake_living_aux_heater_turn_off] Fake Living Aux Heater turn_off: Executing step call service
2026-05-04 07:02:01.404 DEBUG (MainThread) [custom_components.multisplit_zone_controller.aux_heat_dispatch] Aux heat for zone living_room_zone -> OFF (entity switch.fake_head_living_heater)
2026-05-04 07:02:01.404 DEBUG (MainThread) [custom_components.multisplit_zone_controller.coordinator] Finished fetching multisplit_zone_controller[unit_1] data in 0.030 seconds (success: True)
2026-05-04 07:02:36.371 DEBUG (MainThread) [custom_components.multisplit_zone_controller.units] Unknown temperature unit '%'; treating value 45.0 as Celsius
2026-05-04 07:02:36.372 DEBUG (MainThread) [custom_components.multisplit_zone_controller.units] Unknown temperature unit '%'; treating value 45.0 as Celsius
2026-05-04 07:02:36.374 DEBUG (MainThread) [custom_components.multisplit_zone_controller.dispatch] Dispatched hvac_mode=off to climate.fake_head_living (zone living_room_zone, re-asserted)
2026-05-04 07:02:36.375 DEBUG (MainThread) [custom_components.multisplit_zone_controller.dispatch] Dispatched hvac_mode=off to climate.fake_head_bedroom (zone bed_zone, re-asserted)
2026-05-04 07:02:36.375 INFO (MainThread) [homeassistant.helpers.script.fake_living_aux_heater_turn_off] Fake Living Aux Heater turn_off: Running template script
2026-05-04 07:02:36.376 INFO (MainThread) [homeassistant.helpers.script.fake_living_aux_heater_turn_off] Fake Living Aux Heater turn_off: Executing step call service
2026-05-04 07:02:36.376 DEBUG (MainThread) [custom_components.multisplit_zone_controller.aux_heat_dispatch] Aux heat for zone living_room_zone -> OFF (entity switch.fake_head_living_heater)
2026-05-04 07:02:36.376 DEBUG (MainThread) [custom_components.multisplit_zone_controller.coordinator] Finished fetching multisplit_zone_controller[unit_1] data in 0.005 seconds (success: True)
2026-05-04 07:03:06.380 DEBUG (MainThread) [custom_components.multisplit_zone_controller.units] Unknown temperature unit '%'; treating value 45.0 as Celsius
2026-05-04 07:03:06.383 DEBUG (MainThread) [custom_components.multisplit_zone_controller.units] Unknown temperature unit '%'; treating value 45.0 as Celsius
2026-05-04 07:03:06.396 DEBUG (MainThread) [custom_components.multisplit_zone_controller.dispatch] Dispatched hvac_mode=off to climate.fake_head_living (zone living_room_zone, re-asserted)
2026-05-04 07:03:06.397 DEBUG (MainThread) [custom_components.multisplit_zone_controller.dispatch] Dispatched hvac_mode=off to climate.fake_head_bedroom (zone bed_zone, re-asserted)
2026-05-04 07:03:06.406 INFO (MainThread) [homeassistant.helpers.script.fake_living_aux_heater_turn_off] Fake Living Aux Heater turn_off: Running template script
2026-05-04 07:03:06.407 INFO (MainThread) [homeassistant.helpers.script.fake_living_aux_heater_turn_off] Fake Living Aux Heater turn_off: Executing step call service
2026-05-04 07:03:06.415 DEBUG (MainThread) [custom_components.multisplit_zone_controller.aux_heat_dispatch] Aux heat for zone living_room_zone -> OFF (entity switch.fake_head_living_heater)
2026-05-04 07:03:06.415 DEBUG (MainThread) [custom_components.multisplit_zone_controller.coordinator] Finished fetching multisplit_zone_controller[unit_1] data in 0.041 seconds (success: True)
2026-05-04 07:18:37.360 DEBUG (MainThread) [custom_components.multisplit_zone_controller.units] Unknown temperature unit '%'; treating value 45.0 as Celsius
2026-05-04 07:18:37.362 DEBUG (MainThread) [custom_components.multisplit_zone_controller.units] Unknown temperature unit '%'; treating value 45.0 as Celsius
2026-05-04 07:18:37.391 DEBUG (MainThread) [custom_components.multisplit_zone_controller.dispatch] Dispatched hvac_mode=off to climate.fake_head_living (zone living_room_zone, re-asserted)
2026-05-04 07:18:37.396 DEBUG (MainThread) [custom_components.multisplit_zone_controller.dispatch] Dispatched hvac_mode=off to climate.fake_head_bedroom (zone bed_zone, re-asserted)
2026-05-04 07:18:37.397 INFO (MainThread) [homeassistant.helpers.script.fake_living_aux_heater_turn_off] Fake Living Aux Heater turn_off: Running template script
2026-05-04 07:18:37.397 INFO (MainThread) [homeassistant.helpers.script.fake_living_aux_heater_turn_off] Fake Living Aux Heater turn_off: Executing step call service
2026-05-04 07:18:37.398 DEBUG (MainThread) [custom_components.multisplit_zone_controller.aux_heat_dispatch] Aux heat for zone living_room_zone -> OFF (entity switch.fake_head_living_heater)
2026-05-04 07:18:37.398 DEBUG (MainThread) [custom_components.multisplit_zone_controller.coordinator] Finished fetching multisplit_zone_controller[unit_1] data in 0.039 seconds (success: True)
2026-05-04 07:34:09.357 DEBUG (MainThread) [custom_components.multisplit_zone_controller.units] Unknown temperature unit '%'; treating value 45.0 as Celsius
2026-05-04 07:34:09.359 DEBUG (MainThread) [custom_components.multisplit_zone_controller.units] Unknown temperature unit '%'; treating value 45.0 as Celsius
2026-05-04 07:34:09.371 DEBUG (MainThread) [custom_components.multisplit_zone_controller.dispatch] Dispatched hvac_mode=off to climate.fake_head_living (zone living_room_zone, re-asserted)
2026-05-04 07:34:09.372 DEBUG (MainThread) [custom_components.multisplit_zone_controller.dispatch] Dispatched hvac_mode=off to climate.fake_head_bedroom (zone bed_zone, re-asserted)
2026-05-04 07:34:09.373 INFO (MainThread) [homeassistant.helpers.script.fake_living_aux_heater_turn_off] Fake Living Aux Heater turn_off: Running template script
2026-05-04 07:34:09.373 INFO (MainThread) [homeassistant.helpers.script.fake_living_aux_heater_turn_off] Fake Living Aux Heater turn_off: Executing step call service
2026-05-04 07:34:09.374 DEBUG (MainThread) [custom_components.multisplit_zone_controller.aux_heat_dispatch] Aux heat for zone living_room_zone -> OFF (entity switch.fake_head_living_heater)
2026-05-04 07:34:09.375 DEBUG (MainThread) [custom_components.multisplit_zone_controller.coordinator] Finished fetching multisplit_zone_controller[unit_1] data in 0.019 seconds (success: True)
2026-05-04 07:34:39.354 DEBUG (MainThread) [custom_components.multisplit_zone_controller.units] Unknown temperature unit '%'; treating value 45.0 as Celsius
2026-05-04 07:34:39.355 DEBUG (MainThread) [custom_components.multisplit_zone_controller.units] Unknown temperature unit '%'; treating value 45.0 as Celsius
2026-05-04 07:34:39.357 DEBUG (MainThread) [custom_components.multisplit_zone_controller.dispatch] Dispatched hvac_mode=off to climate.fake_head_living (zone living_room_zone, re-asserted)
2026-05-04 07:34:39.357 DEBUG (MainThread) [custom_components.multisplit_zone_controller.dispatch] Dispatched hvac_mode=off to climate.fake_head_bedroom (zone bed_zone, re-asserted)
2026-05-04 07:34:39.357 INFO (MainThread) [homeassistant.helpers.script.fake_living_aux_heater_turn_off] Fake Living Aux Heater turn_off: Running template script
2026-05-04 07:34:39.357 INFO (MainThread) [homeassistant.helpers.script.fake_living_aux_heater_turn_off] Fake Living Aux Heater turn_off: Executing step call service
2026-05-04 07:34:39.357 DEBUG (MainThread) [custom_components.multisplit_zone_controller.aux_heat_dispatch] Aux heat for zone living_room_zone -> OFF (entity switch.fake_head_living_heater)
2026-05-04 07:34:39.357 DEBUG (MainThread) [custom_components.multisplit_zone_controller.coordinator] Finished fetching multisplit_zone_controller[unit_1] data in 0.003 seconds (success: True)
2026-05-04 07:50:10.357 DEBUG (MainThread) [custom_components.multisplit_zone_controller.units] Unknown temperature unit '%'; treating value 45.0 as Celsius
2026-05-04 07:50:10.360 DEBUG (MainThread) [custom_components.multisplit_zone_controller.units] Unknown temperature unit '%'; treating value 45.0 as Celsius
2026-05-04 07:50:10.369 DEBUG (MainThread) [custom_components.multisplit_zone_controller.dispatch] Dispatched hvac_mode=off to climate.fake_head_living (zone living_room_zone, re-asserted)
2026-05-04 07:50:10.369 DEBUG (MainThread) [custom_components.multisplit_zone_controller.dispatch] Dispatched hvac_mode=off to climate.fake_head_bedroom (zone bed_zone, re-asserted)
2026-05-04 07:50:10.383 INFO (MainThread) [homeassistant.helpers.script.fake_living_aux_heater_turn_off] Fake Living Aux Heater turn_off: Running template script
2026-05-04 07:50:10.383 INFO (MainThread) [homeassistant.helpers.script.fake_living_aux_heater_turn_off] Fake Living Aux Heater turn_off: Executing step call service
2026-05-04 07:50:10.384 DEBUG (MainThread) [custom_components.multisplit_zone_controller.aux_heat_dispatch] Aux heat for zone living_room_zone -> OFF (entity switch.fake_head_living_heater)
2026-05-04 07:50:10.384 DEBUG (MainThread) [custom_components.multisplit_zone_controller.coordinator] Finished fetching multisplit_zone_controller[unit_1] data in 0.029 seconds (success: True)
2026-05-04 08:02:35.348 DEBUG (MainThread) [custom_components.multisplit_zone_controller.units] Unknown temperature unit '%'; treating value 45.0 as Celsius
2026-05-04 08:02:35.349 DEBUG (MainThread) [custom_components.multisplit_zone_controller.units] Unknown temperature unit '%'; treating value 45.0 as Celsius
2026-05-04 08:02:35.350 DEBUG (MainThread) [custom_components.multisplit_zone_controller.dispatch] Dispatched hvac_mode=off to climate.fake_head_living (zone living_room_zone, re-asserted)
2026-05-04 08:02:35.351 DEBUG (MainThread) [custom_components.multisplit_zone_controller.dispatch] Dispatched hvac_mode=off to climate.fake_head_bedroom (zone bed_zone, re-asserted)
2026-05-04 08:02:35.351 INFO (MainThread) [homeassistant.helpers.script.fake_living_aux_heater_turn_off] Fake Living Aux Heater turn_off: Running template script
2026-05-04 08:02:35.351 INFO (MainThread) [homeassistant.helpers.script.fake_living_aux_heater_turn_off] Fake Living Aux Heater turn_off: Executing step call service
2026-05-04 08:02:35.352 DEBUG (MainThread) [custom_components.multisplit_zone_controller.aux_heat_dispatch] Aux heat for zone living_room_zone -> OFF (entity switch.fake_head_living_heater)
2026-05-04 08:02:35.352 DEBUG (MainThread) [custom_components.multisplit_zone_controller.coordinator] Finished fetching multisplit_zone_controller[unit_1] data in 0.004 seconds (success: True)
2026-05-04 08:03:05.353 DEBUG (MainThread) [custom_components.multisplit_zone_controller.units] Unknown temperature unit '%'; treating value 45.0 as Celsius
2026-05-04 08:03:05.354 DEBUG (MainThread) [custom_components.multisplit_zone_controller.units] Unknown temperature unit '%'; treating value 45.0 as Celsius
2026-05-04 08:03:05.358 DEBUG (MainThread) [custom_components.multisplit_zone_controller.dispatch] Dispatched hvac_mode=off to climate.fake_head_living (zone living_room_zone, re-asserted)
2026-05-04 08:03:05.365 DEBUG (MainThread) [custom_components.multisplit_zone_controller.dispatch] Dispatched hvac_mode=off to climate.fake_head_bedroom (zone bed_zone, re-asserted)
2026-05-04 08:03:05.366 INFO (MainThread) [homeassistant.helpers.script.fake_living_aux_heater_turn_off] Fake Living Aux Heater turn_off: Running template script
2026-05-04 08:03:05.366 INFO (MainThread) [homeassistant.helpers.script.fake_living_aux_heater_turn_off] Fake Living Aux Heater turn_off: Executing step call service
2026-05-04 08:03:05.367 DEBUG (MainThread) [custom_components.multisplit_zone_controller.aux_heat_dispatch] Aux heat for zone living_room_zone -> OFF (entity switch.fake_head_living_heater)
2026-05-04 08:03:05.367 DEBUG (MainThread) [custom_components.multisplit_zone_controller.coordinator] Finished fetching multisplit_zone_controller[unit_1] data in 0.015 seconds (success: True)
2026-05-04 08:04:44.346 DEBUG (MainThread) [custom_components.multisplit_zone_controller.units] Unknown temperature unit '%'; treating value 45.0 as Celsius
2026-05-04 08:04:44.347 DEBUG (MainThread) [custom_components.multisplit_zone_controller.units] Unknown temperature unit '%'; treating value 45.0 as Celsius
2026-05-04 08:04:44.348 DEBUG (MainThread) [custom_components.multisplit_zone_controller.dispatch] Dispatched hvac_mode=off to climate.fake_head_living (zone living_room_zone, re-asserted)
2026-05-04 08:04:44.349 DEBUG (MainThread) [custom_components.multisplit_zone_controller.dispatch] Dispatched hvac_mode=off to climate.fake_head_bedroom (zone bed_zone, re-asserted)
2026-05-04 08:04:44.349 INFO (MainThread) [homeassistant.helpers.script.fake_living_aux_heater_turn_off] Fake Living Aux Heater turn_off: Running template script
2026-05-04 08:04:44.349 INFO (MainThread) [homeassistant.helpers.script.fake_living_aux_heater_turn_off] Fake Living Aux Heater turn_off: Executing step call service
2026-05-04 08:04:44.350 DEBUG (MainThread) [custom_components.multisplit_zone_controller.aux_heat_dispatch] Aux heat for zone living_room_zone -> OFF (entity switch.fake_head_living_heater)
2026-05-04 08:04:44.350 DEBUG (MainThread) [custom_components.multisplit_zone_controller.coordinator] Finished fetching multisplit_zone_controller[unit_1] data in 0.004 seconds (success: True)
2026-05-04 08:05:14.350 DEBUG (MainThread) [custom_components.multisplit_zone_controller.units] Unknown temperature unit '%'; treating value 45.0 as Celsius
2026-05-04 08:05:14.353 DEBUG (MainThread) [custom_components.multisplit_zone_controller.units] Unknown temperature unit '%'; treating value 45.0 as Celsius
2026-05-04 08:05:14.362 DEBUG (MainThread) [custom_components.multisplit_zone_controller.dispatch] Dispatched hvac_mode=off to climate.fake_head_living (zone living_room_zone, re-asserted)
2026-05-04 08:05:14.363 DEBUG (MainThread) [custom_components.multisplit_zone_controller.dispatch] Dispatched hvac_mode=off to climate.fake_head_bedroom (zone bed_zone, re-asserted)
2026-05-04 08:05:14.370 INFO (MainThread) [homeassistant.helpers.script.fake_living_aux_heater_turn_off] Fake Living Aux Heater turn_off: Running template script
2026-05-04 08:05:14.370 INFO (MainThread) [homeassistant.helpers.script.fake_living_aux_heater_turn_off] Fake Living Aux Heater turn_off: Executing step call service
2026-05-04 08:05:14.372 DEBUG (MainThread) [custom_components.multisplit_zone_controller.aux_heat_dispatch] Aux heat for zone living_room_zone -> OFF (entity switch.fake_head_living_heater)
2026-05-04 08:05:14.372 DEBUG (MainThread) [custom_components.multisplit_zone_controller.coordinator] Finished fetching multisplit_zone_controller[unit_1] data in 0.024 seconds (success: True)
2026-05-04 08:09:49.341 DEBUG (MainThread) [custom_components.multisplit_zone_controller.units] Unknown temperature unit '%'; treating value 45.0 as Celsius
2026-05-04 08:09:49.342 DEBUG (MainThread) [custom_components.multisplit_zone_controller.units] Unknown temperature unit '%'; treating value 45.0 as Celsius
2026-05-04 08:09:49.343 DEBUG (MainThread) [custom_components.multisplit_zone_controller.dispatch] Dispatched hvac_mode=off to climate.fake_head_living (zone living_room_zone, re-asserted)
2026-05-04 08:09:49.344 DEBUG (MainThread) [custom_components.multisplit_zone_controller.dispatch] Dispatched hvac_mode=off to climate.fake_head_bedroom (zone bed_zone, re-asserted)
2026-05-04 08:09:49.344 INFO (MainThread) [homeassistant.helpers.script.fake_living_aux_heater_turn_off] Fake Living Aux Heater turn_off: Running template script
2026-05-04 08:09:49.344 INFO (MainThread) [homeassistant.helpers.script.fake_living_aux_heater_turn_off] Fake Living Aux Heater turn_off: Executing step call service
2026-05-04 08:09:49.344 DEBUG (MainThread) [custom_components.multisplit_zone_controller.aux_heat_dispatch] Aux heat for zone living_room_zone -> OFF (entity switch.fake_head_living_heater)
2026-05-04 08:09:49.344 DEBUG (MainThread) [custom_components.multisplit_zone_controller.coordinator] Finished fetching multisplit_zone_controller[unit_1] data in 0.004 seconds (success: True)
2026-05-04 08:10:30.348 DEBUG (MainThread) [custom_components.multisplit_zone_controller.units] Unknown temperature unit '%'; treating value 45.0 as Celsius
2026-05-04 08:10:30.351 DEBUG (MainThread) [custom_components.multisplit_zone_controller.units] Unknown temperature unit '%'; treating value 45.0 as Celsius
2026-05-04 08:10:30.361 DEBUG (MainThread) [custom_components.multisplit_zone_controller.dispatch] Dispatched hvac_mode=off to climate.fake_head_living (zone living_room_zone, re-asserted)
2026-05-04 08:10:30.362 DEBUG (MainThread) [custom_components.multisplit_zone_controller.dispatch] Dispatched hvac_mode=off to climate.fake_head_bedroom (zone bed_zone, re-asserted)
2026-05-04 08:10:30.369 INFO (MainThread) [homeassistant.helpers.script.fake_living_aux_heater_turn_off] Fake Living Aux Heater turn_off: Running template script
2026-05-04 08:10:30.369 INFO (MainThread) [homeassistant.helpers.script.fake_living_aux_heater_turn_off] Fake Living Aux Heater turn_off: Executing step call service
2026-05-04 08:10:30.371 DEBUG (MainThread) [custom_components.multisplit_zone_controller.aux_heat_dispatch] Aux heat for zone living_room_zone -> OFF (entity switch.fake_head_living_heater)
2026-05-04 08:10:30.371 DEBUG (MainThread) [custom_components.multisplit_zone_controller.coordinator] Finished fetching multisplit_zone_controller[unit_1] data in 0.024 seconds (success: True)
2026-05-04 08:11:00.354 DEBUG (MainThread) [custom_components.multisplit_zone_controller.units] Unknown temperature unit '%'; treating value 45.0 as Celsius
2026-05-04 08:11:00.358 DEBUG (MainThread) [custom_components.multisplit_zone_controller.units] Unknown temperature unit '%'; treating value 45.0 as Celsius
2026-05-04 08:11:00.382 DEBUG (MainThread) [custom_components.multisplit_zone_controller.dispatch] Dispatched hvac_mode=off to climate.fake_head_living (zone living_room_zone, re-asserted)
2026-05-04 08:11:00.383 DEBUG (MainThread) [custom_components.multisplit_zone_controller.dispatch] Dispatched hvac_mode=off to climate.fake_head_bedroom (zone bed_zone, re-asserted)
2026-05-04 08:11:00.392 INFO (MainThread) [homeassistant.helpers.script.fake_living_aux_heater_turn_off] Fake Living Aux Heater turn_off: Running template script
2026-05-04 08:11:00.393 INFO (MainThread) [homeassistant.helpers.script.fake_living_aux_heater_turn_off] Fake Living Aux Heater turn_off: Executing step call service
2026-05-04 08:11:00.395 DEBUG (MainThread) [custom_components.multisplit_zone_controller.aux_heat_dispatch] Aux heat for zone living_room_zone -> OFF (entity switch.fake_head_living_heater)
2026-05-04 08:11:00.395 DEBUG (MainThread) [custom_components.multisplit_zone_controller.coordinator] Finished fetching multisplit_zone_controller[unit_1] data in 0.049 seconds (success: True)
2026-05-04 08:26:30.342 DEBUG (MainThread) [custom_components.multisplit_zone_controller.units] Unknown temperature unit '%'; treating value 45.0 as Celsius
2026-05-04 08:26:30.345 DEBUG (MainThread) [custom_components.multisplit_zone_controller.units] Unknown temperature unit '%'; treating value 45.0 as Celsius
2026-05-04 08:26:30.359 DEBUG (MainThread) [custom_components.multisplit_zone_controller.dispatch] Dispatched hvac_mode=off to climate.fake_head_living (zone living_room_zone, re-asserted)
2026-05-04 08:26:30.359 DEBUG (MainThread) [custom_components.multisplit_zone_controller.dispatch] Dispatched hvac_mode=off to climate.fake_head_bedroom (zone bed_zone, re-asserted)
2026-05-04 08:26:30.361 INFO (MainThread) [homeassistant.helpers.script.fake_living_aux_heater_turn_off] Fake Living Aux Heater turn_off: Running template script
2026-05-04 08:26:30.368 INFO (MainThread) [homeassistant.helpers.script.fake_living_aux_heater_turn_off] Fake Living Aux Heater turn_off: Executing step call service
2026-05-04 08:26:30.370 DEBUG (MainThread) [custom_components.multisplit_zone_controller.aux_heat_dispatch] Aux heat for zone living_room_zone -> OFF (entity switch.fake_head_living_heater)
2026-05-04 08:26:30.371 DEBUG (MainThread) [custom_components.multisplit_zone_controller.coordinator] Finished fetching multisplit_zone_controller[unit_1] data in 0.030 seconds (success: True)
2026-05-04 08:42:01.338 DEBUG (MainThread) [custom_components.multisplit_zone_controller.units] Unknown temperature unit '%'; treating value 45.0 as Celsius
2026-05-04 08:42:01.340 DEBUG (MainThread) [custom_components.multisplit_zone_controller.units] Unknown temperature unit '%'; treating value 45.0 as Celsius
2026-05-04 08:42:01.345 DEBUG (MainThread) [custom_components.multisplit_zone_controller.dispatch] Dispatched hvac_mode=off to climate.fake_head_living (zone living_room_zone, re-asserted)
2026-05-04 08:42:01.345 DEBUG (MainThread) [custom_components.multisplit_zone_controller.dispatch] Dispatched hvac_mode=off to climate.fake_head_bedroom (zone bed_zone, re-asserted)
2026-05-04 08:42:01.352 INFO (MainThread) [homeassistant.helpers.script.fake_living_aux_heater_turn_off] Fake Living Aux Heater turn_off: Running template script
2026-05-04 08:42:01.352 INFO (MainThread) [homeassistant.helpers.script.fake_living_aux_heater_turn_off] Fake Living Aux Heater turn_off: Executing step call service
2026-05-04 08:42:01.353 DEBUG (MainThread) [custom_components.multisplit_zone_controller.aux_heat_dispatch] Aux heat for zone living_room_zone -> OFF (entity switch.fake_head_living_heater)
2026-05-04 08:42:01.353 DEBUG (MainThread) [custom_components.multisplit_zone_controller.coordinator] Finished fetching multisplit_zone_controller[unit_1] data in 0.015 seconds (success: True)
2026-05-04 08:42:31.341 DEBUG (MainThread) [custom_components.multisplit_zone_controller.units] Unknown temperature unit '%'; treating value 45.0 as Celsius
2026-05-04 08:42:31.342 DEBUG (MainThread) [custom_components.multisplit_zone_controller.units] Unknown temperature unit '%'; treating value 45.0 as Celsius
2026-05-04 08:42:31.346 DEBUG (MainThread) [custom_components.multisplit_zone_controller.dispatch] Dispatched hvac_mode=off to climate.fake_head_living (zone living_room_zone, re-asserted)
2026-05-04 08:42:31.346 DEBUG (MainThread) [custom_components.multisplit_zone_controller.dispatch] Dispatched hvac_mode=off to climate.fake_head_bedroom (zone bed_zone, re-asserted)
2026-05-04 08:42:31.347 INFO (MainThread) [homeassistant.helpers.script.fake_living_aux_heater_turn_off] Fake Living Aux Heater turn_off: Running template script
2026-05-04 08:42:31.347 INFO (MainThread) [homeassistant.helpers.script.fake_living_aux_heater_turn_off] Fake Living Aux Heater turn_off: Executing step call service
2026-05-04 08:42:31.349 DEBUG (MainThread) [custom_components.multisplit_zone_controller.aux_heat_dispatch] Aux heat for zone living_room_zone -> OFF (entity switch.fake_head_living_heater)
2026-05-04 08:42:31.349 DEBUG (MainThread) [custom_components.multisplit_zone_controller.coordinator] Finished fetching multisplit_zone_controller[unit_1] data in 0.012 seconds (success: True)
2026-05-04 08:58:02.337 DEBUG (MainThread) [custom_components.multisplit_zone_controller.units] Unknown temperature unit '%'; treating value 45.0 as Celsius
2026-05-04 08:58:02.339 DEBUG (MainThread) [custom_components.multisplit_zone_controller.units] Unknown temperature unit '%'; treating value 45.0 as Celsius
2026-05-04 08:58:02.350 DEBUG (MainThread) [custom_components.multisplit_zone_controller.dispatch] Dispatched hvac_mode=off to climate.fake_head_living (zone living_room_zone, re-asserted)
2026-05-04 08:58:02.358 DEBUG (MainThread) [custom_components.multisplit_zone_controller.dispatch] Dispatched hvac_mode=off to climate.fake_head_bedroom (zone bed_zone, re-asserted)
2026-05-04 08:58:02.360 INFO (MainThread) [homeassistant.helpers.script.fake_living_aux_heater_turn_off] Fake Living Aux Heater turn_off: Running template script
2026-05-04 08:58:02.361 INFO (MainThread) [homeassistant.helpers.script.fake_living_aux_heater_turn_off] Fake Living Aux Heater turn_off: Executing step call service
2026-05-04 08:58:02.363 DEBUG (MainThread) [custom_components.multisplit_zone_controller.aux_heat_dispatch] Aux heat for zone living_room_zone -> OFF (entity switch.fake_head_living_heater)
2026-05-04 08:58:02.363 DEBUG (MainThread) [custom_components.multisplit_zone_controller.coordinator] Finished fetching multisplit_zone_controller[unit_1] data in 0.028 seconds (success: True)
2026-05-04 09:03:36.335 DEBUG (MainThread) [custom_components.multisplit_zone_controller.units] Unknown temperature unit '%'; treating value 45.0 as Celsius
2026-05-04 09:03:36.338 DEBUG (MainThread) [custom_components.multisplit_zone_controller.units] Unknown temperature unit '%'; treating value 45.0 as Celsius
2026-05-04 09:03:36.349 DEBUG (MainThread) [custom_components.multisplit_zone_controller.dispatch] Dispatched hvac_mode=off to climate.fake_head_living (zone living_room_zone, re-asserted)
2026-05-04 09:03:36.349 DEBUG (MainThread) [custom_components.multisplit_zone_controller.dispatch] Dispatched hvac_mode=off to climate.fake_head_bedroom (zone bed_zone, re-asserted)
2026-05-04 09:03:36.357 INFO (MainThread) [homeassistant.helpers.script.fake_living_aux_heater_turn_off] Fake Living Aux Heater turn_off: Running template script
2026-05-04 09:03:36.358 INFO (MainThread) [homeassistant.helpers.script.fake_living_aux_heater_turn_off] Fake Living Aux Heater turn_off: Executing step call service
2026-05-04 09:03:36.359 DEBUG (MainThread) [custom_components.multisplit_zone_controller.aux_heat_dispatch] Aux heat for zone living_room_zone -> OFF (entity switch.fake_head_living_heater)
2026-05-04 09:03:36.359 DEBUG (MainThread) [custom_components.multisplit_zone_controller.coordinator] Finished fetching multisplit_zone_controller[unit_1] data in 0.026 seconds (success: True)
2026-05-04 09:04:06.332 DEBUG (MainThread) [custom_components.multisplit_zone_controller.units] Unknown temperature unit '%'; treating value 45.0 as Celsius
2026-05-04 09:04:06.332 DEBUG (MainThread) [custom_components.multisplit_zone_controller.units] Unknown temperature unit '%'; treating value 45.0 as Celsius
2026-05-04 09:04:06.334 DEBUG (MainThread) [custom_components.multisplit_zone_controller.dispatch] Dispatched hvac_mode=off to climate.fake_head_living (zone living_room_zone, re-asserted)
2026-05-04 09:04:06.334 DEBUG (MainThread) [custom_components.multisplit_zone_controller.dispatch] Dispatched hvac_mode=off to climate.fake_head_bedroom (zone bed_zone, re-asserted)
2026-05-04 09:04:06.335 INFO (MainThread) [homeassistant.helpers.script.fake_living_aux_heater_turn_off] Fake Living Aux Heater turn_off: Running template script
2026-05-04 09:04:06.335 INFO (MainThread) [homeassistant.helpers.script.fake_living_aux_heater_turn_off] Fake Living Aux Heater turn_off: Executing step call service
2026-05-04 09:04:06.336 DEBUG (MainThread) [custom_components.multisplit_zone_controller.aux_heat_dispatch] Aux heat for zone living_room_zone -> OFF (entity switch.fake_head_living_heater)
2026-05-04 09:04:06.336 DEBUG (MainThread) [custom_components.multisplit_zone_controller.coordinator] Finished fetching multisplit_zone_controller[unit_1] data in 0.005 seconds (success: True)
2026-05-04 09:19:38.349 DEBUG (MainThread) [custom_components.multisplit_zone_controller.units] Unknown temperature unit '%'; treating value 45.0 as Celsius
2026-05-04 09:19:38.351 DEBUG (MainThread) [custom_components.multisplit_zone_controller.units] Unknown temperature unit '%'; treating value 45.0 as Celsius
2026-05-04 09:19:38.362 DEBUG (MainThread) [custom_components.multisplit_zone_controller.dispatch] Dispatched hvac_mode=off to climate.fake_head_living (zone living_room_zone, re-asserted)
2026-05-04 09:19:38.362 DEBUG (MainThread) [custom_components.multisplit_zone_controller.dispatch] Dispatched hvac_mode=off to climate.fake_head_bedroom (zone bed_zone, re-asserted)
2026-05-04 09:19:38.364 INFO (MainThread) [homeassistant.helpers.script.fake_living_aux_heater_turn_off] Fake Living Aux Heater turn_off: Running template script
2026-05-04 09:19:38.364 INFO (MainThread) [homeassistant.helpers.script.fake_living_aux_heater_turn_off] Fake Living Aux Heater turn_off: Executing step call service
2026-05-04 09:19:38.365 DEBUG (MainThread) [custom_components.multisplit_zone_controller.aux_heat_dispatch] Aux heat for zone living_room_zone -> OFF (entity switch.fake_head_living_heater)
2026-05-04 09:19:38.365 DEBUG (MainThread) [custom_components.multisplit_zone_controller.coordinator] Finished fetching multisplit_zone_controller[unit_1] data in 0.032 seconds (success: True)
2026-05-04 09:20:08.335 DEBUG (MainThread) [custom_components.multisplit_zone_controller.units] Unknown temperature unit '%'; treating value 45.0 as Celsius
2026-05-04 09:20:08.337 DEBUG (MainThread) [custom_components.multisplit_zone_controller.units] Unknown temperature unit '%'; treating value 45.0 as Celsius
2026-05-04 09:20:08.358 DEBUG (MainThread) [custom_components.multisplit_zone_controller.dispatch] Dispatched hvac_mode=off to climate.fake_head_living (zone living_room_zone, re-asserted)
2026-05-04 09:20:08.359 DEBUG (MainThread) [custom_components.multisplit_zone_controller.dispatch] Dispatched hvac_mode=off to climate.fake_head_bedroom (zone bed_zone, re-asserted)
2026-05-04 09:20:08.361 INFO (MainThread) [homeassistant.helpers.script.fake_living_aux_heater_turn_off] Fake Living Aux Heater turn_off: Running template script
2026-05-04 09:20:08.362 INFO (MainThread) [homeassistant.helpers.script.fake_living_aux_heater_turn_off] Fake Living Aux Heater turn_off: Executing step call service
2026-05-04 09:20:08.369 DEBUG (MainThread) [custom_components.multisplit_zone_controller.aux_heat_dispatch] Aux heat for zone living_room_zone -> OFF (entity switch.fake_head_living_heater)
2026-05-04 09:20:08.369 DEBUG (MainThread) [custom_components.multisplit_zone_controller.coordinator] Finished fetching multisplit_zone_controller[unit_1] data in 0.037 seconds (success: True)
2026-05-04 09:35:39.333 DEBUG (MainThread) [custom_components.multisplit_zone_controller.units] Unknown temperature unit '%'; treating value 45.0 as Celsius
2026-05-04 09:35:39.335 DEBUG (MainThread) [custom_components.multisplit_zone_controller.units] Unknown temperature unit '%'; treating value 45.0 as Celsius
2026-05-04 09:35:39.375 DEBUG (MainThread) [custom_components.multisplit_zone_controller.dispatch] Dispatched hvac_mode=off to climate.fake_head_living (zone living_room_zone, re-asserted)
2026-05-04 09:35:39.375 DEBUG (MainThread) [custom_components.multisplit_zone_controller.dispatch] Dispatched hvac_mode=off to climate.fake_head_bedroom (zone bed_zone, re-asserted)
2026-05-04 09:35:39.377 INFO (MainThread) [homeassistant.helpers.script.fake_living_aux_heater_turn_off] Fake Living Aux Heater turn_off: Running template script
2026-05-04 09:35:39.385 INFO (MainThread) [homeassistant.helpers.script.fake_living_aux_heater_turn_off] Fake Living Aux Heater turn_off: Executing step call service
2026-05-04 09:35:39.386 DEBUG (MainThread) [custom_components.multisplit_zone_controller.aux_heat_dispatch] Aux heat for zone living_room_zone -> OFF (entity switch.fake_head_living_heater)
2026-05-04 09:35:39.386 DEBUG (MainThread) [custom_components.multisplit_zone_controller.coordinator] Finished fetching multisplit_zone_controller[unit_1] data in 0.055 seconds (success: True)
2026-05-04 09:39:05.325 DEBUG (MainThread) [custom_components.multisplit_zone_controller.units] Unknown temperature unit '%'; treating value 45.0 as Celsius
2026-05-04 09:39:05.325 DEBUG (MainThread) [custom_components.multisplit_zone_controller.units] Unknown temperature unit '%'; treating value 45.0 as Celsius
2026-05-04 09:39:05.327 DEBUG (MainThread) [custom_components.multisplit_zone_controller.dispatch] Dispatched hvac_mode=off to climate.fake_head_living (zone living_room_zone, re-asserted)
2026-05-04 09:39:05.328 DEBUG (MainThread) [custom_components.multisplit_zone_controller.dispatch] Dispatched hvac_mode=off to climate.fake_head_bedroom (zone bed_zone, re-asserted)
2026-05-04 09:39:05.328 INFO (MainThread) [homeassistant.helpers.script.fake_living_aux_heater_turn_off] Fake Living Aux Heater turn_off: Running template script
2026-05-04 09:39:05.328 INFO (MainThread) [homeassistant.helpers.script.fake_living_aux_heater_turn_off] Fake Living Aux Heater turn_off: Executing step call service
2026-05-04 09:39:05.328 DEBUG (MainThread) [custom_components.multisplit_zone_controller.aux_heat_dispatch] Aux heat for zone living_room_zone -> OFF (entity switch.fake_head_living_heater)
2026-05-04 09:39:05.328 DEBUG (MainThread) [custom_components.multisplit_zone_controller.coordinator] Finished fetching multisplit_zone_controller[unit_1] data in 0.004 seconds (success: True)
2026-05-04 09:39:35.326 DEBUG (MainThread) [custom_components.multisplit_zone_controller.units] Unknown temperature unit '%'; treating value 45.0 as Celsius
2026-05-04 09:39:35.329 DEBUG (MainThread) [custom_components.multisplit_zone_controller.units] Unknown temperature unit '%'; treating value 45.0 as Celsius
2026-05-04 09:39:35.341 DEBUG (MainThread) [custom_components.multisplit_zone_controller.dispatch] Dispatched hvac_mode=off to climate.fake_head_living (zone living_room_zone, re-asserted)
2026-05-04 09:39:35.342 DEBUG (MainThread) [custom_components.multisplit_zone_controller.dispatch] Dispatched hvac_mode=off to climate.fake_head_bedroom (zone bed_zone, re-asserted)
2026-05-04 09:39:35.344 INFO (MainThread) [homeassistant.helpers.script.fake_living_aux_heater_turn_off] Fake Living Aux Heater turn_off: Running template script
2026-05-04 09:39:35.344 INFO (MainThread) [homeassistant.helpers.script.fake_living_aux_heater_turn_off] Fake Living Aux Heater turn_off: Executing step call service
2026-05-04 09:39:35.350 DEBUG (MainThread) [custom_components.multisplit_zone_controller.aux_heat_dispatch] Aux heat for zone living_room_zone -> OFF (entity switch.fake_head_living_heater)
2026-05-04 09:39:35.350 DEBUG (MainThread) [custom_components.multisplit_zone_controller.coordinator] Finished fetching multisplit_zone_controller[unit_1] data in 0.025 seconds (success: True)
2026-05-04 09:55:06.320 DEBUG (MainThread) [custom_components.multisplit_zone_controller.units] Unknown temperature unit '%'; treating value 45.0 as Celsius
2026-05-04 09:55:06.320 DEBUG (MainThread) [custom_components.multisplit_zone_controller.units] Unknown temperature unit '%'; treating value 45.0 as Celsius
2026-05-04 09:55:06.322 DEBUG (MainThread) [custom_components.multisplit_zone_controller.dispatch] Dispatched hvac_mode=off to climate.fake_head_living (zone living_room_zone, re-asserted)
2026-05-04 09:55:06.323 DEBUG (MainThread) [custom_components.multisplit_zone_controller.dispatch] Dispatched hvac_mode=off to climate.fake_head_bedroom (zone bed_zone, re-asserted)
2026-05-04 09:55:06.323 INFO (MainThread) [homeassistant.helpers.script.fake_living_aux_heater_turn_off] Fake Living Aux Heater turn_off: Running template script
2026-05-04 09:55:06.324 INFO (MainThread) [homeassistant.helpers.script.fake_living_aux_heater_turn_off] Fake Living Aux Heater turn_off: Executing step call service
2026-05-04 09:55:06.325 DEBUG (MainThread) [custom_components.multisplit_zone_controller.aux_heat_dispatch] Aux heat for zone living_room_zone -> OFF (entity switch.fake_head_living_heater)
2026-05-04 09:55:06.325 DEBUG (MainThread) [custom_components.multisplit_zone_controller.coordinator] Finished fetching multisplit_zone_controller[unit_1] data in 0.005 seconds (success: True)
2026-05-04 09:56:40.318 DEBUG (MainThread) [custom_components.multisplit_zone_controller.units] Unknown temperature unit '%'; treating value 45.0 as Celsius
2026-05-04 09:56:40.321 DEBUG (MainThread) [custom_components.multisplit_zone_controller.units] Unknown temperature unit '%'; treating value 45.0 as Celsius
2026-05-04 09:56:40.331 DEBUG (MainThread) [custom_components.multisplit_zone_controller.dispatch] Dispatched hvac_mode=off to climate.fake_head_living (zone living_room_zone, re-asserted)
2026-05-04 09:56:40.331 DEBUG (MainThread) [custom_components.multisplit_zone_controller.dispatch] Dispatched hvac_mode=off to climate.fake_head_bedroom (zone bed_zone, re-asserted)
2026-05-04 09:56:40.338 INFO (MainThread) [homeassistant.helpers.script.fake_living_aux_heater_turn_off] Fake Living Aux Heater turn_off: Running template script
2026-05-04 09:56:40.339 INFO (MainThread) [homeassistant.helpers.script.fake_living_aux_heater_turn_off] Fake Living Aux Heater turn_off: Executing step call service
2026-05-04 09:56:40.340 DEBUG (MainThread) [custom_components.multisplit_zone_controller.aux_heat_dispatch] Aux heat for zone living_room_zone -> OFF (entity switch.fake_head_living_heater)
2026-05-04 09:56:40.340 DEBUG (MainThread) [custom_components.multisplit_zone_controller.coordinator] Finished fetching multisplit_zone_controller[unit_1] data in 0.024 seconds (success: True)
2026-05-04 09:57:10.318 DEBUG (MainThread) [custom_components.multisplit_zone_controller.units] Unknown temperature unit '%'; treating value 45.0 as Celsius
2026-05-04 09:57:10.319 DEBUG (MainThread) [custom_components.multisplit_zone_controller.units] Unknown temperature unit '%'; treating value 45.0 as Celsius
2026-05-04 09:57:10.320 DEBUG (MainThread) [custom_components.multisplit_zone_controller.dispatch] Dispatched hvac_mode=off to climate.fake_head_living (zone living_room_zone, re-asserted)
2026-05-04 09:57:10.321 DEBUG (MainThread) [custom_components.multisplit_zone_controller.dispatch] Dispatched hvac_mode=off to climate.fake_head_bedroom (zone bed_zone, re-asserted)
2026-05-04 09:57:10.321 INFO (MainThread) [homeassistant.helpers.script.fake_living_aux_heater_turn_off] Fake Living Aux Heater turn_off: Running template script
2026-05-04 09:57:10.321 INFO (MainThread) [homeassistant.helpers.script.fake_living_aux_heater_turn_off] Fake Living Aux Heater turn_off: Executing step call service
2026-05-04 09:57:10.322 DEBUG (MainThread) [custom_components.multisplit_zone_controller.aux_heat_dispatch] Aux heat for zone living_room_zone -> OFF (entity switch.fake_head_living_heater)
2026-05-04 09:57:10.322 DEBUG (MainThread) [custom_components.multisplit_zone_controller.coordinator] Finished fetching multisplit_zone_controller[unit_1] data in 0.004 seconds (success: True)
2026-05-04 10:04:54.318 DEBUG (MainThread) [custom_components.multisplit_zone_controller.units] Unknown temperature unit '%'; treating value 45.0 as Celsius
2026-05-04 10:04:54.320 DEBUG (MainThread) [custom_components.multisplit_zone_controller.units] Unknown temperature unit '%'; treating value 45.0 as Celsius
2026-05-04 10:04:54.330 DEBUG (MainThread) [custom_components.multisplit_zone_controller.dispatch] Dispatched hvac_mode=off to climate.fake_head_living (zone living_room_zone, re-asserted)
2026-05-04 10:04:54.331 DEBUG (MainThread) [custom_components.multisplit_zone_controller.dispatch] Dispatched hvac_mode=off to climate.fake_head_bedroom (zone bed_zone, re-asserted)
2026-05-04 10:04:54.349 INFO (MainThread) [homeassistant.helpers.script.fake_living_aux_heater_turn_off] Fake Living Aux Heater turn_off: Running template script
2026-05-04 10:04:54.349 INFO (MainThread) [homeassistant.helpers.script.fake_living_aux_heater_turn_off] Fake Living Aux Heater turn_off: Executing step call service
2026-05-04 10:04:54.351 DEBUG (MainThread) [custom_components.multisplit_zone_controller.aux_heat_dispatch] Aux heat for zone living_room_zone -> OFF (entity switch.fake_head_living_heater)
2026-05-04 10:04:54.351 DEBUG (MainThread) [custom_components.multisplit_zone_controller.coordinator] Finished fetching multisplit_zone_controller[unit_1] data in 0.035 seconds (success: True)
2026-05-04 10:20:25.306 DEBUG (MainThread) [custom_components.multisplit_zone_controller.units] Unknown temperature unit '%'; treating value 45.0 as Celsius
2026-05-04 10:20:25.308 DEBUG (MainThread) [custom_components.multisplit_zone_controller.units] Unknown temperature unit '%'; treating value 45.0 as Celsius
2026-05-04 10:20:25.322 DEBUG (MainThread) [custom_components.multisplit_zone_controller.dispatch] Dispatched hvac_mode=off to climate.fake_head_living (zone living_room_zone, re-asserted)
2026-05-04 10:20:25.323 DEBUG (MainThread) [custom_components.multisplit_zone_controller.dispatch] Dispatched hvac_mode=off to climate.fake_head_bedroom (zone bed_zone, re-asserted)
2026-05-04 10:20:25.324 INFO (MainThread) [homeassistant.helpers.script.fake_living_aux_heater_turn_off] Fake Living Aux Heater turn_off: Running template script
2026-05-04 10:20:25.325 INFO (MainThread) [homeassistant.helpers.script.fake_living_aux_heater_turn_off] Fake Living Aux Heater turn_off: Executing step call service
2026-05-04 10:20:25.334 DEBUG (MainThread) [custom_components.multisplit_zone_controller.aux_heat_dispatch] Aux heat for zone living_room_zone -> OFF (entity switch.fake_head_living_heater)
2026-05-04 10:20:25.334 DEBUG (MainThread) [custom_components.multisplit_zone_controller.coordinator] Finished fetching multisplit_zone_controller[unit_1] data in 0.030 seconds (success: True)
2026-05-04 10:20:55.307 DEBUG (MainThread) [custom_components.multisplit_zone_controller.units] Unknown temperature unit '%'; treating value 45.0 as Celsius
2026-05-04 10:20:55.310 DEBUG (MainThread) [custom_components.multisplit_zone_controller.units] Unknown temperature unit '%'; treating value 45.0 as Celsius
2026-05-04 10:20:55.332 DEBUG (MainThread) [custom_components.multisplit_zone_controller.dispatch] Dispatched hvac_mode=off to climate.fake_head_living (zone living_room_zone, re-asserted)
2026-05-04 10:20:55.332 DEBUG (MainThread) [custom_components.multisplit_zone_controller.dispatch] Dispatched hvac_mode=off to climate.fake_head_bedroom (zone bed_zone, re-asserted)
2026-05-04 10:20:55.334 INFO (MainThread) [homeassistant.helpers.script.fake_living_aux_heater_turn_off] Fake Living Aux Heater turn_off: Running template script
2026-05-04 10:20:55.334 INFO (MainThread) [homeassistant.helpers.script.fake_living_aux_heater_turn_off] Fake Living Aux Heater turn_off: Executing step call service
2026-05-04 10:20:55.336 DEBUG (MainThread) [custom_components.multisplit_zone_controller.aux_heat_dispatch] Aux heat for zone living_room_zone -> OFF (entity switch.fake_head_living_heater)
2026-05-04 10:20:55.336 DEBUG (MainThread) [custom_components.multisplit_zone_controller.coordinator] Finished fetching multisplit_zone_controller[unit_1] data in 0.030 seconds (success: True)
2026-05-04 10:21:38.301 DEBUG (MainThread) [custom_components.multisplit_zone_controller.units] Unknown temperature unit '%'; treating value 45.0 as Celsius
2026-05-04 10:21:38.302 DEBUG (MainThread) [custom_components.multisplit_zone_controller.units] Unknown temperature unit '%'; treating value 45.0 as Celsius
2026-05-04 10:21:38.303 DEBUG (MainThread) [custom_components.multisplit_zone_controller.dispatch] Dispatched hvac_mode=off to climate.fake_head_living (zone living_room_zone, re-asserted)
2026-05-04 10:21:38.304 DEBUG (MainThread) [custom_components.multisplit_zone_controller.dispatch] Dispatched hvac_mode=off to climate.fake_head_bedroom (zone bed_zone, re-asserted)
2026-05-04 10:21:38.304 INFO (MainThread) [homeassistant.helpers.script.fake_living_aux_heater_turn_off] Fake Living Aux Heater turn_off: Running template script
2026-05-04 10:21:38.304 INFO (MainThread) [homeassistant.helpers.script.fake_living_aux_heater_turn_off] Fake Living Aux Heater turn_off: Executing step call service
2026-05-04 10:21:38.305 DEBUG (MainThread) [custom_components.multisplit_zone_controller.aux_heat_dispatch] Aux heat for zone living_room_zone -> OFF (entity switch.fake_head_living_heater)
2026-05-04 10:21:38.305 DEBUG (MainThread) [custom_components.multisplit_zone_controller.coordinator] Finished fetching multisplit_zone_controller[unit_1] data in 0.004 seconds (success: True)
2026-05-04 10:22:08.304 DEBUG (MainThread) [custom_components.multisplit_zone_controller.units] Unknown temperature unit '%'; treating value 45.0 as Celsius
2026-05-04 10:22:08.305 DEBUG (MainThread) [custom_components.multisplit_zone_controller.units] Unknown temperature unit '%'; treating value 45.0 as Celsius
2026-05-04 10:22:08.314 DEBUG (MainThread) [custom_components.multisplit_zone_controller.dispatch] Dispatched hvac_mode=off to climate.fake_head_living (zone living_room_zone, re-asserted)
2026-05-04 10:22:08.315 DEBUG (MainThread) [custom_components.multisplit_zone_controller.dispatch] Dispatched hvac_mode=off to climate.fake_head_bedroom (zone bed_zone, re-asserted)
2026-05-04 10:22:08.316 INFO (MainThread) [homeassistant.helpers.script.fake_living_aux_heater_turn_off] Fake Living Aux Heater turn_off: Running template script
2026-05-04 10:22:08.316 INFO (MainThread) [homeassistant.helpers.script.fake_living_aux_heater_turn_off] Fake Living Aux Heater turn_off: Executing step call service
2026-05-04 10:22:08.318 DEBUG (MainThread) [custom_components.multisplit_zone_controller.aux_heat_dispatch] Aux heat for zone living_room_zone -> OFF (entity switch.fake_head_living_heater)
2026-05-04 10:22:08.318 DEBUG (MainThread) [custom_components.multisplit_zone_controller.coordinator] Finished fetching multisplit_zone_controller[unit_1] data in 0.015 seconds (success: True)
2026-05-04 10:25:02.300 DEBUG (MainThread) [custom_components.multisplit_zone_controller.units] Unknown temperature unit '%'; treating value 45.0 as Celsius
2026-05-04 10:25:02.301 DEBUG (MainThread) [custom_components.multisplit_zone_controller.units] Unknown temperature unit '%'; treating value 45.0 as Celsius
2026-05-04 10:25:02.303 DEBUG (MainThread) [custom_components.multisplit_zone_controller.dispatch] Dispatched hvac_mode=off to climate.fake_head_living (zone living_room_zone, re-asserted)
2026-05-04 10:25:02.303 DEBUG (MainThread) [custom_components.multisplit_zone_controller.dispatch] Dispatched hvac_mode=off to climate.fake_head_bedroom (zone bed_zone, re-asserted)
2026-05-04 10:25:02.303 INFO (MainThread) [homeassistant.helpers.script.fake_living_aux_heater_turn_off] Fake Living Aux Heater turn_off: Running template script
2026-05-04 10:25:02.304 INFO (MainThread) [homeassistant.helpers.script.fake_living_aux_heater_turn_off] Fake Living Aux Heater turn_off: Executing step call service
2026-05-04 10:25:02.304 DEBUG (MainThread) [custom_components.multisplit_zone_controller.aux_heat_dispatch] Aux heat for zone living_room_zone -> OFF (entity switch.fake_head_living_heater)
2026-05-04 10:25:02.304 DEBUG (MainThread) [custom_components.multisplit_zone_controller.coordinator] Finished fetching multisplit_zone_controller[unit_1] data in 0.004 seconds (success: True)
2026-05-04 10:26:13.308 DEBUG (MainThread) [custom_components.multisplit_zone_controller.units] Unknown temperature unit '%'; treating value 45.0 as Celsius
2026-05-04 10:26:13.311 DEBUG (MainThread) [custom_components.multisplit_zone_controller.units] Unknown temperature unit '%'; treating value 45.0 as Celsius
2026-05-04 10:26:13.324 DEBUG (MainThread) [custom_components.multisplit_zone_controller.dispatch] Dispatched hvac_mode=off to climate.fake_head_living (zone living_room_zone, re-asserted)
2026-05-04 10:26:13.331 DEBUG (MainThread) [custom_components.multisplit_zone_controller.dispatch] Dispatched hvac_mode=off to climate.fake_head_bedroom (zone bed_zone, re-asserted)
2026-05-04 10:26:13.333 INFO (MainThread) [homeassistant.helpers.script.fake_living_aux_heater_turn_off] Fake Living Aux Heater turn_off: Running template script
2026-05-04 10:26:13.333 INFO (MainThread) [homeassistant.helpers.script.fake_living_aux_heater_turn_off] Fake Living Aux Heater turn_off: Executing step call service
2026-05-04 10:26:13.334 DEBUG (MainThread) [custom_components.multisplit_zone_controller.aux_heat_dispatch] Aux heat for zone living_room_zone -> OFF (entity switch.fake_head_living_heater)
2026-05-04 10:26:13.334 DEBUG (MainThread) [custom_components.multisplit_zone_controller.coordinator] Finished fetching multisplit_zone_controller[unit_1] data in 0.028 seconds (success: True)
2026-05-04 10:26:43.299 DEBUG (MainThread) [custom_components.multisplit_zone_controller.units] Unknown temperature unit '%'; treating value 45.0 as Celsius
2026-05-04 10:26:43.300 DEBUG (MainThread) [custom_components.multisplit_zone_controller.units] Unknown temperature unit '%'; treating value 45.0 as Celsius
2026-05-04 10:26:43.304 DEBUG (MainThread) [custom_components.multisplit_zone_controller.dispatch] Dispatched hvac_mode=off to climate.fake_head_living (zone living_room_zone, re-asserted)
2026-05-04 10:26:43.305 DEBUG (MainThread) [custom_components.multisplit_zone_controller.dispatch] Dispatched hvac_mode=off to climate.fake_head_bedroom (zone bed_zone, re-asserted)
2026-05-04 10:26:43.313 INFO (MainThread) [homeassistant.helpers.script.fake_living_aux_heater_turn_off] Fake Living Aux Heater turn_off: Running template script
2026-05-04 10:26:43.313 INFO (MainThread) [homeassistant.helpers.script.fake_living_aux_heater_turn_off] Fake Living Aux Heater turn_off: Executing step call service
2026-05-04 10:26:43.314 DEBUG (MainThread) [custom_components.multisplit_zone_controller.aux_heat_dispatch] Aux heat for zone living_room_zone -> OFF (entity switch.fake_head_living_heater)
2026-05-04 10:26:43.314 DEBUG (MainThread) [custom_components.multisplit_zone_controller.coordinator] Finished fetching multisplit_zone_controller[unit_1] data in 0.015 seconds (success: True)
2026-05-04 10:27:13.298 DEBUG (MainThread) [custom_components.multisplit_zone_controller.units] Unknown temperature unit '%'; treating value 45.0 as Celsius
2026-05-04 10:27:13.300 DEBUG (MainThread) [custom_components.multisplit_zone_controller.units] Unknown temperature unit '%'; treating value 45.0 as Celsius
2026-05-04 10:27:13.326 DEBUG (MainThread) [custom_components.multisplit_zone_controller.dispatch] Dispatched hvac_mode=off to climate.fake_head_living (zone living_room_zone, re-asserted)
2026-05-04 10:27:13.327 DEBUG (MainThread) [custom_components.multisplit_zone_controller.dispatch] Dispatched hvac_mode=off to climate.fake_head_bedroom (zone bed_zone, re-asserted)
2026-05-04 10:27:13.334 INFO (MainThread) [homeassistant.helpers.script.fake_living_aux_heater_turn_off] Fake Living Aux Heater turn_off: Running template script
2026-05-04 10:27:13.334 INFO (MainThread) [homeassistant.helpers.script.fake_living_aux_heater_turn_off] Fake Living Aux Heater turn_off: Executing step call service
2026-05-04 10:27:13.335 DEBUG (MainThread) [custom_components.multisplit_zone_controller.aux_heat_dispatch] Aux heat for zone living_room_zone -> OFF (entity switch.fake_head_living_heater)
2026-05-04 10:27:13.335 DEBUG (MainThread) [custom_components.multisplit_zone_controller.coordinator] Finished fetching multisplit_zone_controller[unit_1] data in 0.039 seconds (success: True)
2026-05-04 10:27:43.297 DEBUG (MainThread) [custom_components.multisplit_zone_controller.units] Unknown temperature unit '%'; treating value 45.0 as Celsius
2026-05-04 10:27:43.298 DEBUG (MainThread) [custom_components.multisplit_zone_controller.units] Unknown temperature unit '%'; treating value 45.0 as Celsius
2026-05-04 10:27:43.311 DEBUG (MainThread) [custom_components.multisplit_zone_controller.dispatch] Dispatched hvac_mode=off to climate.fake_head_living (zone living_room_zone, re-asserted)
2026-05-04 10:27:43.311 DEBUG (MainThread) [custom_components.multisplit_zone_controller.dispatch] Dispatched hvac_mode=off to climate.fake_head_bedroom (zone bed_zone, re-asserted)
2026-05-04 10:27:43.312 INFO (MainThread) [homeassistant.helpers.script.fake_living_aux_heater_turn_off] Fake Living Aux Heater turn_off: Running template script
2026-05-04 10:27:43.312 INFO (MainThread) [homeassistant.helpers.script.fake_living_aux_heater_turn_off] Fake Living Aux Heater turn_off: Executing step call service
2026-05-04 10:27:43.313 DEBUG (MainThread) [custom_components.multisplit_zone_controller.aux_heat_dispatch] Aux heat for zone living_room_zone -> OFF (entity switch.fake_head_living_heater)
2026-05-04 10:27:43.313 DEBUG (MainThread) [custom_components.multisplit_zone_controller.coordinator] Finished fetching multisplit_zone_controller[unit_1] data in 0.017 seconds (success: True)
2026-05-04 10:28:13.301 DEBUG (MainThread) [custom_components.multisplit_zone_controller.units] Unknown temperature unit '%'; treating value 45.0 as Celsius
2026-05-04 10:28:13.303 DEBUG (MainThread) [custom_components.multisplit_zone_controller.units] Unknown temperature unit '%'; treating value 45.0 as Celsius
2026-05-04 10:28:13.313 DEBUG (MainThread) [custom_components.multisplit_zone_controller.dispatch] Dispatched hvac_mode=off to climate.fake_head_living (zone living_room_zone, re-asserted)
2026-05-04 10:28:13.321 DEBUG (MainThread) [custom_components.multisplit_zone_controller.dispatch] Dispatched hvac_mode=off to climate.fake_head_bedroom (zone bed_zone, re-asserted)
2026-05-04 10:28:13.325 INFO (MainThread) [homeassistant.helpers.script.fake_living_aux_heater_turn_off] Fake Living Aux Heater turn_off: Running template script
2026-05-04 10:28:13.326 INFO (MainThread) [homeassistant.helpers.script.fake_living_aux_heater_turn_off] Fake Living Aux Heater turn_off: Executing step call service
2026-05-04 10:28:13.329 DEBUG (MainThread) [custom_components.multisplit_zone_controller.aux_heat_dispatch] Aux heat for zone living_room_zone -> OFF (entity switch.fake_head_living_heater)
2026-05-04 10:28:13.329 DEBUG (MainThread) [custom_components.multisplit_zone_controller.coordinator] Finished fetching multisplit_zone_controller[unit_1] data in 0.030 seconds (success: True)
2026-05-04 10:28:43.303 DEBUG (MainThread) [custom_components.multisplit_zone_controller.units] Unknown temperature unit '%'; treating value 45.0 as Celsius
2026-05-04 10:28:43.305 DEBUG (MainThread) [custom_components.multisplit_zone_controller.units] Unknown temperature unit '%'; treating value 45.0 as Celsius
2026-05-04 10:28:43.324 DEBUG (MainThread) [custom_components.multisplit_zone_controller.dispatch] Dispatched hvac_mode=off to climate.fake_head_living (zone living_room_zone, re-asserted)
2026-05-04 10:28:43.325 DEBUG (MainThread) [custom_components.multisplit_zone_controller.dispatch] Dispatched hvac_mode=off to climate.fake_head_bedroom (zone bed_zone, re-asserted)
2026-05-04 10:28:43.328 INFO (MainThread) [homeassistant.helpers.script.fake_living_aux_heater_turn_off] Fake Living Aux Heater turn_off: Running template script
2026-05-04 10:28:43.328 INFO (MainThread) [homeassistant.helpers.script.fake_living_aux_heater_turn_off] Fake Living Aux Heater turn_off: Executing step call service
2026-05-04 10:28:43.330 DEBUG (MainThread) [custom_components.multisplit_zone_controller.aux_heat_dispatch] Aux heat for zone living_room_zone -> OFF (entity switch.fake_head_living_heater)
2026-05-04 10:28:43.330 DEBUG (MainThread) [custom_components.multisplit_zone_controller.coordinator] Finished fetching multisplit_zone_controller[unit_1] data in 0.029 seconds (success: True)
2026-05-04 10:29:13.298 DEBUG (MainThread) [custom_components.multisplit_zone_controller.units] Unknown temperature unit '%'; treating value 45.0 as Celsius
2026-05-04 10:29:13.300 DEBUG (MainThread) [custom_components.multisplit_zone_controller.units] Unknown temperature unit '%'; treating value 45.0 as Celsius
2026-05-04 10:29:13.319 DEBUG (MainThread) [custom_components.multisplit_zone_controller.dispatch] Dispatched hvac_mode=off to climate.fake_head_living (zone living_room_zone, re-asserted)
2026-05-04 10:29:13.320 DEBUG (MainThread) [custom_components.multisplit_zone_controller.dispatch] Dispatched hvac_mode=off to climate.fake_head_bedroom (zone bed_zone, re-asserted)
2026-05-04 10:29:13.322 INFO (MainThread) [homeassistant.helpers.script.fake_living_aux_heater_turn_off] Fake Living Aux Heater turn_off: Running template script
2026-05-04 10:29:13.323 INFO (MainThread) [homeassistant.helpers.script.fake_living_aux_heater_turn_off] Fake Living Aux Heater turn_off: Executing step call service
2026-05-04 10:29:13.330 DEBUG (MainThread) [custom_components.multisplit_zone_controller.aux_heat_dispatch] Aux heat for zone living_room_zone -> OFF (entity switch.fake_head_living_heater)
2026-05-04 10:29:13.330 DEBUG (MainThread) [custom_components.multisplit_zone_controller.coordinator] Finished fetching multisplit_zone_controller[unit_1] data in 0.034 seconds (success: True)
2026-05-04 10:29:43.303 DEBUG (MainThread) [custom_components.multisplit_zone_controller.units] Unknown temperature unit '%'; treating value 45.0 as Celsius
2026-05-04 10:29:43.305 DEBUG (MainThread) [custom_components.multisplit_zone_controller.units] Unknown temperature unit '%'; treating value 45.0 as Celsius
2026-05-04 10:29:43.331 DEBUG (MainThread) [custom_components.multisplit_zone_controller.dispatch] Dispatched hvac_mode=off to climate.fake_head_living (zone living_room_zone, re-asserted)
2026-05-04 10:29:43.339 DEBUG (MainThread) [custom_components.multisplit_zone_controller.dispatch] Dispatched hvac_mode=off to climate.fake_head_bedroom (zone bed_zone, re-asserted)
2026-05-04 10:29:43.340 INFO (MainThread) [homeassistant.helpers.script.fake_living_aux_heater_turn_off] Fake Living Aux Heater turn_off: Running template script
2026-05-04 10:29:43.341 INFO (MainThread) [homeassistant.helpers.script.fake_living_aux_heater_turn_off] Fake Living Aux Heater turn_off: Executing step call service
2026-05-04 10:29:43.342 DEBUG (MainThread) [custom_components.multisplit_zone_controller.aux_heat_dispatch] Aux heat for zone living_room_zone -> OFF (entity switch.fake_head_living_heater)
2026-05-04 10:29:43.342 DEBUG (MainThread) [custom_components.multisplit_zone_controller.coordinator] Finished fetching multisplit_zone_controller[unit_1] data in 0.041 seconds (success: True)
2026-05-04 10:30:13.302 DEBUG (MainThread) [custom_components.multisplit_zone_controller.units] Unknown temperature unit '%'; treating value 45.0 as Celsius
2026-05-04 10:30:13.304 DEBUG (MainThread) [custom_components.multisplit_zone_controller.units] Unknown temperature unit '%'; treating value 45.0 as Celsius
2026-05-04 10:30:13.316 DEBUG (MainThread) [custom_components.multisplit_zone_controller.dispatch] Dispatched hvac_mode=off to climate.fake_head_living (zone living_room_zone, re-asserted)
2026-05-04 10:30:13.317 DEBUG (MainThread) [custom_components.multisplit_zone_controller.dispatch] Dispatched hvac_mode=off to climate.fake_head_bedroom (zone bed_zone, re-asserted)
2026-05-04 10:30:13.323 INFO (MainThread) [homeassistant.helpers.script.fake_living_aux_heater_turn_off] Fake Living Aux Heater turn_off: Running template script
2026-05-04 10:30:13.324 INFO (MainThread) [homeassistant.helpers.script.fake_living_aux_heater_turn_off] Fake Living Aux Heater turn_off: Executing step call service
2026-05-04 10:30:13.325 DEBUG (MainThread) [custom_components.multisplit_zone_controller.aux_heat_dispatch] Aux heat for zone living_room_zone -> OFF (entity switch.fake_head_living_heater)
2026-05-04 10:30:13.325 DEBUG (MainThread) [custom_components.multisplit_zone_controller.coordinator] Finished fetching multisplit_zone_controller[unit_1] data in 0.024 seconds (success: True)
2026-05-04 10:30:43.301 DEBUG (MainThread) [custom_components.multisplit_zone_controller.units] Unknown temperature unit '%'; treating value 45.0 as Celsius
2026-05-04 10:30:43.303 DEBUG (MainThread) [custom_components.multisplit_zone_controller.units] Unknown temperature unit '%'; treating value 45.0 as Celsius
2026-05-04 10:30:43.331 DEBUG (MainThread) [custom_components.multisplit_zone_controller.dispatch] Dispatched hvac_mode=off to climate.fake_head_living (zone living_room_zone, re-asserted)
2026-05-04 10:30:43.333 DEBUG (MainThread) [custom_components.multisplit_zone_controller.dispatch] Dispatched hvac_mode=off to climate.fake_head_bedroom (zone bed_zone, re-asserted)
2026-05-04 10:30:43.342 INFO (MainThread) [homeassistant.helpers.script.fake_living_aux_heater_turn_off] Fake Living Aux Heater turn_off: Running template script
2026-05-04 10:30:43.342 INFO (MainThread) [homeassistant.helpers.script.fake_living_aux_heater_turn_off] Fake Living Aux Heater turn_off: Executing step call service
2026-05-04 10:30:43.344 DEBUG (MainThread) [custom_components.multisplit_zone_controller.aux_heat_dispatch] Aux heat for zone living_room_zone -> OFF (entity switch.fake_head_living_heater)
2026-05-04 10:30:43.344 DEBUG (MainThread) [custom_components.multisplit_zone_controller.coordinator] Finished fetching multisplit_zone_controller[unit_1] data in 0.044 seconds (success: True)
2026-05-04 10:31:13.301 DEBUG (MainThread) [custom_components.multisplit_zone_controller.units] Unknown temperature unit '%'; treating value 45.0 as Celsius
2026-05-04 10:31:13.303 DEBUG (MainThread) [custom_components.multisplit_zone_controller.units] Unknown temperature unit '%'; treating value 45.0 as Celsius
2026-05-04 10:31:13.342 DEBUG (MainThread) [custom_components.multisplit_zone_controller.dispatch] Dispatched hvac_mode=off to climate.fake_head_living (zone living_room_zone, re-asserted)
2026-05-04 10:31:13.343 DEBUG (MainThread) [custom_components.multisplit_zone_controller.dispatch] Dispatched hvac_mode=off to climate.fake_head_bedroom (zone bed_zone, re-asserted)
2026-05-04 10:31:13.344 INFO (MainThread) [homeassistant.helpers.script.fake_living_aux_heater_turn_off] Fake Living Aux Heater turn_off: Running template script
2026-05-04 10:31:13.351 INFO (MainThread) [homeassistant.helpers.script.fake_living_aux_heater_turn_off] Fake Living Aux Heater turn_off: Executing step call service
2026-05-04 10:31:13.353 DEBUG (MainThread) [custom_components.multisplit_zone_controller.aux_heat_dispatch] Aux heat for zone living_room_zone -> OFF (entity switch.fake_head_living_heater)
2026-05-04 10:31:13.353 DEBUG (MainThread) [custom_components.multisplit_zone_controller.coordinator] Finished fetching multisplit_zone_controller[unit_1] data in 0.053 seconds (success: True)
2026-05-04 10:31:43.295 DEBUG (MainThread) [custom_components.multisplit_zone_controller.units] Unknown temperature unit '%'; treating value 45.0 as Celsius
2026-05-04 10:31:43.296 DEBUG (MainThread) [custom_components.multisplit_zone_controller.units] Unknown temperature unit '%'; treating value 45.0 as Celsius
2026-05-04 10:31:43.299 DEBUG (MainThread) [custom_components.multisplit_zone_controller.dispatch] Dispatched hvac_mode=off to climate.fake_head_living (zone living_room_zone, re-asserted)
2026-05-04 10:31:43.302 DEBUG (MainThread) [custom_components.multisplit_zone_controller.dispatch] Dispatched hvac_mode=off to climate.fake_head_bedroom (zone bed_zone, re-asserted)
2026-05-04 10:31:43.303 INFO (MainThread) [homeassistant.helpers.script.fake_living_aux_heater_turn_off] Fake Living Aux Heater turn_off: Running template script
2026-05-04 10:31:43.303 INFO (MainThread) [homeassistant.helpers.script.fake_living_aux_heater_turn_off] Fake Living Aux Heater turn_off: Executing step call service
2026-05-04 10:31:43.303 DEBUG (MainThread) [custom_components.multisplit_zone_controller.aux_heat_dispatch] Aux heat for zone living_room_zone -> OFF (entity switch.fake_head_living_heater)
2026-05-04 10:31:43.303 DEBUG (MainThread) [custom_components.multisplit_zone_controller.coordinator] Finished fetching multisplit_zone_controller[unit_1] data in 0.008 seconds (success: True)
2026-05-04 10:32:13.301 DEBUG (MainThread) [custom_components.multisplit_zone_controller.units] Unknown temperature unit '%'; treating value 45.0 as Celsius
2026-05-04 10:32:13.303 DEBUG (MainThread) [custom_components.multisplit_zone_controller.units] Unknown temperature unit '%'; treating value 45.0 as Celsius
2026-05-04 10:32:13.320 DEBUG (MainThread) [custom_components.multisplit_zone_controller.dispatch] Dispatched hvac_mode=off to climate.fake_head_living (zone living_room_zone, re-asserted)
2026-05-04 10:32:13.322 DEBUG (MainThread) [custom_components.multisplit_zone_controller.dispatch] Dispatched hvac_mode=off to climate.fake_head_bedroom (zone bed_zone, re-asserted)
2026-05-04 10:32:13.324 INFO (MainThread) [homeassistant.helpers.script.fake_living_aux_heater_turn_off] Fake Living Aux Heater turn_off: Running template script
2026-05-04 10:32:13.324 INFO (MainThread) [homeassistant.helpers.script.fake_living_aux_heater_turn_off] Fake Living Aux Heater turn_off: Executing step call service
2026-05-04 10:32:13.326 DEBUG (MainThread) [custom_components.multisplit_zone_controller.aux_heat_dispatch] Aux heat for zone living_room_zone -> OFF (entity switch.fake_head_living_heater)
2026-05-04 10:32:13.326 DEBUG (MainThread) [custom_components.multisplit_zone_controller.coordinator] Finished fetching multisplit_zone_controller[unit_1] data in 0.026 seconds (success: True)
2026-05-04 10:32:43.298 DEBUG (MainThread) [custom_components.multisplit_zone_controller.units] Unknown temperature unit '%'; treating value 45.0 as Celsius
2026-05-04 10:32:43.298 DEBUG (MainThread) [custom_components.multisplit_zone_controller.units] Unknown temperature unit '%'; treating value 45.0 as Celsius
2026-05-04 10:32:43.301 DEBUG (MainThread) [custom_components.multisplit_zone_controller.dispatch] Dispatched hvac_mode=off to climate.fake_head_living (zone living_room_zone, re-asserted)
2026-05-04 10:32:43.302 DEBUG (MainThread) [custom_components.multisplit_zone_controller.dispatch] Dispatched hvac_mode=off to climate.fake_head_bedroom (zone bed_zone, re-asserted)
2026-05-04 10:32:43.302 INFO (MainThread) [homeassistant.helpers.script.fake_living_aux_heater_turn_off] Fake Living Aux Heater turn_off: Running template script
2026-05-04 10:32:43.302 INFO (MainThread) [homeassistant.helpers.script.fake_living_aux_heater_turn_off] Fake Living Aux Heater turn_off: Executing step call service
2026-05-04 10:32:43.303 DEBUG (MainThread) [custom_components.multisplit_zone_controller.aux_heat_dispatch] Aux heat for zone living_room_zone -> OFF (entity switch.fake_head_living_heater)
2026-05-04 10:32:43.303 DEBUG (MainThread) [custom_components.multisplit_zone_controller.coordinator] Finished fetching multisplit_zone_controller[unit_1] data in 0.005 seconds (success: True)
2026-05-04 10:33:13.300 DEBUG (MainThread) [custom_components.multisplit_zone_controller.units] Unknown temperature unit '%'; treating value 45.0 as Celsius
2026-05-04 10:33:13.302 DEBUG (MainThread) [custom_components.multisplit_zone_controller.units] Unknown temperature unit '%'; treating value 45.0 as Celsius
2026-05-04 10:33:13.316 DEBUG (MainThread) [custom_components.multisplit_zone_controller.dispatch] Dispatched hvac_mode=off to climate.fake_head_living (zone living_room_zone, re-asserted)
2026-05-04 10:33:13.317 DEBUG (MainThread) [custom_components.multisplit_zone_controller.dispatch] Dispatched hvac_mode=off to climate.fake_head_bedroom (zone bed_zone, re-asserted)
2026-05-04 10:33:13.319 INFO (MainThread) [homeassistant.helpers.script.fake_living_aux_heater_turn_off] Fake Living Aux Heater turn_off: Running template script
2026-05-04 10:33:13.325 INFO (MainThread) [homeassistant.helpers.script.fake_living_aux_heater_turn_off] Fake Living Aux Heater turn_off: Executing step call service
2026-05-04 10:33:13.327 DEBUG (MainThread) [custom_components.multisplit_zone_controller.aux_heat_dispatch] Aux heat for zone living_room_zone -> OFF (entity switch.fake_head_living_heater)
2026-05-04 10:33:13.327 DEBUG (MainThread) [custom_components.multisplit_zone_controller.coordinator] Finished fetching multisplit_zone_controller[unit_1] data in 0.028 seconds (success: True)
2026-05-04 10:33:43.299 DEBUG (MainThread) [custom_components.multisplit_zone_controller.units] Unknown temperature unit '%'; treating value 45.0 as Celsius
2026-05-04 10:33:43.299 DEBUG (MainThread) [custom_components.multisplit_zone_controller.units] Unknown temperature unit '%'; treating value 45.0 as Celsius
2026-05-04 10:33:43.302 DEBUG (MainThread) [custom_components.multisplit_zone_controller.dispatch] Dispatched hvac_mode=off to climate.fake_head_living (zone living_room_zone, re-asserted)
2026-05-04 10:33:43.304 DEBUG (MainThread) [custom_components.multisplit_zone_controller.dispatch] Dispatched hvac_mode=off to climate.fake_head_bedroom (zone bed_zone, re-asserted)
2026-05-04 10:33:43.305 INFO (MainThread) [homeassistant.helpers.script.fake_living_aux_heater_turn_off] Fake Living Aux Heater turn_off: Running template script
2026-05-04 10:33:43.305 INFO (MainThread) [homeassistant.helpers.script.fake_living_aux_heater_turn_off] Fake Living Aux Heater turn_off: Executing step call service
2026-05-04 10:33:43.310 DEBUG (MainThread) [custom_components.multisplit_zone_controller.aux_heat_dispatch] Aux heat for zone living_room_zone -> OFF (entity switch.fake_head_living_heater)
2026-05-04 10:33:43.310 DEBUG (MainThread) [custom_components.multisplit_zone_controller.coordinator] Finished fetching multisplit_zone_controller[unit_1] data in 0.012 seconds (success: True)
2026-05-04 10:34:13.302 DEBUG (MainThread) [custom_components.multisplit_zone_controller.units] Unknown temperature unit '%'; treating value 45.0 as Celsius
2026-05-04 10:34:13.305 DEBUG (MainThread) [custom_components.multisplit_zone_controller.units] Unknown temperature unit '%'; treating value 45.0 as Celsius
2026-05-04 10:34:13.320 DEBUG (MainThread) [custom_components.multisplit_zone_controller.dispatch] Dispatched hvac_mode=off to climate.fake_head_living (zone living_room_zone, re-asserted)
2026-05-04 10:34:13.327 DEBUG (MainThread) [custom_components.multisplit_zone_controller.dispatch] Dispatched hvac_mode=off to climate.fake_head_bedroom (zone bed_zone, re-asserted)
2026-05-04 10:34:13.328 INFO (MainThread) [homeassistant.helpers.script.fake_living_aux_heater_turn_off] Fake Living Aux Heater turn_off: Running template script
2026-05-04 10:34:13.328 INFO (MainThread) [homeassistant.helpers.script.fake_living_aux_heater_turn_off] Fake Living Aux Heater turn_off: Executing step call service
2026-05-04 10:34:13.329 DEBUG (MainThread) [custom_components.multisplit_zone_controller.aux_heat_dispatch] Aux heat for zone living_room_zone -> OFF (entity switch.fake_head_living_heater)
2026-05-04 10:34:13.329 DEBUG (MainThread) [custom_components.multisplit_zone_controller.coordinator] Finished fetching multisplit_zone_controller[unit_1] data in 0.029 seconds (success: True)
2026-05-04 10:34:43.309 DEBUG (MainThread) [custom_components.multisplit_zone_controller.units] Unknown temperature unit '%'; treating value 45.0 as Celsius
2026-05-04 10:34:43.316 DEBUG (MainThread) [custom_components.multisplit_zone_controller.units] Unknown temperature unit '%'; treating value 45.0 as Celsius
2026-05-04 10:34:43.333 DEBUG (MainThread) [custom_components.multisplit_zone_controller.dispatch] Dispatched hvac_mode=off to climate.fake_head_living (zone living_room_zone, re-asserted)
2026-05-04 10:34:43.334 DEBUG (MainThread) [custom_components.multisplit_zone_controller.dispatch] Dispatched hvac_mode=off to climate.fake_head_bedroom (zone bed_zone, re-asserted)
2026-05-04 10:34:43.335 INFO (MainThread) [homeassistant.helpers.script.fake_living_aux_heater_turn_off] Fake Living Aux Heater turn_off: Running template script
2026-05-04 10:34:43.335 INFO (MainThread) [homeassistant.helpers.script.fake_living_aux_heater_turn_off] Fake Living Aux Heater turn_off: Executing step call service
2026-05-04 10:34:43.337 DEBUG (MainThread) [custom_components.multisplit_zone_controller.aux_heat_dispatch] Aux heat for zone living_room_zone -> OFF (entity switch.fake_head_living_heater)
2026-05-04 10:34:43.343 DEBUG (MainThread) [custom_components.multisplit_zone_controller.coordinator] Finished fetching multisplit_zone_controller[unit_1] data in 0.030 seconds (success: True)
2026-05-04 10:35:13.298 DEBUG (MainThread) [custom_components.multisplit_zone_controller.units] Unknown temperature unit '%'; treating value 45.0 as Celsius
2026-05-04 10:35:13.301 DEBUG (MainThread) [custom_components.multisplit_zone_controller.units] Unknown temperature unit '%'; treating value 45.0 as Celsius
2026-05-04 10:35:13.311 DEBUG (MainThread) [custom_components.multisplit_zone_controller.dispatch] Dispatched hvac_mode=off to climate.fake_head_living (zone living_room_zone, re-asserted)
2026-05-04 10:35:13.315 DEBUG (MainThread) [custom_components.multisplit_zone_controller.dispatch] Dispatched hvac_mode=off to climate.fake_head_bedroom (zone bed_zone, re-asserted)
2026-05-04 10:35:13.317 INFO (MainThread) [homeassistant.helpers.script.fake_living_aux_heater_turn_off] Fake Living Aux Heater turn_off: Running template script
2026-05-04 10:35:13.318 INFO (MainThread) [homeassistant.helpers.script.fake_living_aux_heater_turn_off] Fake Living Aux Heater turn_off: Executing step call service
2026-05-04 10:35:13.319 DEBUG (MainThread) [custom_components.multisplit_zone_controller.aux_heat_dispatch] Aux heat for zone living_room_zone -> OFF (entity switch.fake_head_living_heater)
2026-05-04 10:35:13.319 DEBUG (MainThread) [custom_components.multisplit_zone_controller.coordinator] Finished fetching multisplit_zone_controller[unit_1] data in 0.022 seconds (success: True)
2026-05-04 10:35:43.299 DEBUG (MainThread) [custom_components.multisplit_zone_controller.units] Unknown temperature unit '%'; treating value 45.0 as Celsius
2026-05-04 10:35:43.299 DEBUG (MainThread) [custom_components.multisplit_zone_controller.units] Unknown temperature unit '%'; treating value 45.0 as Celsius
2026-05-04 10:35:43.301 DEBUG (MainThread) [custom_components.multisplit_zone_controller.dispatch] Dispatched hvac_mode=off to climate.fake_head_living (zone living_room_zone, re-asserted)
2026-05-04 10:35:43.303 DEBUG (MainThread) [custom_components.multisplit_zone_controller.dispatch] Dispatched hvac_mode=off to climate.fake_head_bedroom (zone bed_zone, re-asserted)
2026-05-04 10:35:43.303 INFO (MainThread) [homeassistant.helpers.script.fake_living_aux_heater_turn_off] Fake Living Aux Heater turn_off: Running template script
2026-05-04 10:35:43.303 INFO (MainThread) [homeassistant.helpers.script.fake_living_aux_heater_turn_off] Fake Living Aux Heater turn_off: Executing step call service
2026-05-04 10:35:43.304 DEBUG (MainThread) [custom_components.multisplit_zone_controller.aux_heat_dispatch] Aux heat for zone living_room_zone -> OFF (entity switch.fake_head_living_heater)
2026-05-04 10:35:43.304 DEBUG (MainThread) [custom_components.multisplit_zone_controller.coordinator] Finished fetching multisplit_zone_controller[unit_1] data in 0.005 seconds (success: True)
2026-05-04 10:36:13.298 DEBUG (MainThread) [custom_components.multisplit_zone_controller.units] Unknown temperature unit '%'; treating value 45.0 as Celsius
2026-05-04 10:36:13.300 DEBUG (MainThread) [custom_components.multisplit_zone_controller.units] Unknown temperature unit '%'; treating value 45.0 as Celsius
2026-05-04 10:36:13.321 DEBUG (MainThread) [custom_components.multisplit_zone_controller.dispatch] Dispatched hvac_mode=off to climate.fake_head_living (zone living_room_zone, re-asserted)
2026-05-04 10:36:13.322 DEBUG (MainThread) [custom_components.multisplit_zone_controller.dispatch] Dispatched hvac_mode=off to climate.fake_head_bedroom (zone bed_zone, re-asserted)
2026-05-04 10:36:13.323 INFO (MainThread) [homeassistant.helpers.script.fake_living_aux_heater_turn_off] Fake Living Aux Heater turn_off: Running template script
2026-05-04 10:36:13.324 INFO (MainThread) [homeassistant.helpers.script.fake_living_aux_heater_turn_off] Fake Living Aux Heater turn_off: Executing step call service
2026-05-04 10:36:13.327 DEBUG (MainThread) [custom_components.multisplit_zone_controller.aux_heat_dispatch] Aux heat for zone living_room_zone -> OFF (entity switch.fake_head_living_heater)
2026-05-04 10:36:13.327 DEBUG (MainThread) [custom_components.multisplit_zone_controller.coordinator] Finished fetching multisplit_zone_controller[unit_1] data in 0.031 seconds (success: True)
2026-05-04 10:36:43.299 DEBUG (MainThread) [custom_components.multisplit_zone_controller.units] Unknown temperature unit '%'; treating value 45.0 as Celsius
2026-05-04 10:36:43.301 DEBUG (MainThread) [custom_components.multisplit_zone_controller.units] Unknown temperature unit '%'; treating value 45.0 as Celsius
2026-05-04 10:36:43.317 DEBUG (MainThread) [custom_components.multisplit_zone_controller.dispatch] Dispatched hvac_mode=off to climate.fake_head_living (zone living_room_zone, re-asserted)
2026-05-04 10:36:43.318 DEBUG (MainThread) [custom_components.multisplit_zone_controller.dispatch] Dispatched hvac_mode=off to climate.fake_head_bedroom (zone bed_zone, re-asserted)
2026-05-04 10:36:43.320 INFO (MainThread) [homeassistant.helpers.script.fake_living_aux_heater_turn_off] Fake Living Aux Heater turn_off: Running template script
2026-05-04 10:36:43.320 INFO (MainThread) [homeassistant.helpers.script.fake_living_aux_heater_turn_off] Fake Living Aux Heater turn_off: Executing step call service
2026-05-04 10:36:43.322 DEBUG (MainThread) [custom_components.multisplit_zone_controller.aux_heat_dispatch] Aux heat for zone living_room_zone -> OFF (entity switch.fake_head_living_heater)
2026-05-04 10:36:43.322 DEBUG (MainThread) [custom_components.multisplit_zone_controller.coordinator] Finished fetching multisplit_zone_controller[unit_1] data in 0.025 seconds (success: True)
2026-05-04 10:37:13.301 DEBUG (MainThread) [custom_components.multisplit_zone_controller.units] Unknown temperature unit '%'; treating value 45.0 as Celsius
2026-05-04 10:37:13.303 DEBUG (MainThread) [custom_components.multisplit_zone_controller.units] Unknown temperature unit '%'; treating value 45.0 as Celsius
2026-05-04 10:37:13.316 DEBUG (MainThread) [custom_components.multisplit_zone_controller.dispatch] Dispatched hvac_mode=off to climate.fake_head_living (zone living_room_zone, re-asserted)
2026-05-04 10:37:13.317 DEBUG (MainThread) [custom_components.multisplit_zone_controller.dispatch] Dispatched hvac_mode=off to climate.fake_head_bedroom (zone bed_zone, re-asserted)
2026-05-04 10:37:13.323 INFO (MainThread) [homeassistant.helpers.script.fake_living_aux_heater_turn_off] Fake Living Aux Heater turn_off: Running template script
2026-05-04 10:37:13.323 INFO (MainThread) [homeassistant.helpers.script.fake_living_aux_heater_turn_off] Fake Living Aux Heater turn_off: Executing step call service
2026-05-04 10:37:13.325 DEBUG (MainThread) [custom_components.multisplit_zone_controller.aux_heat_dispatch] Aux heat for zone living_room_zone -> OFF (entity switch.fake_head_living_heater)
2026-05-04 10:37:13.325 DEBUG (MainThread) [custom_components.multisplit_zone_controller.coordinator] Finished fetching multisplit_zone_controller[unit_1] data in 0.025 seconds (success: True)
2026-05-04 10:37:43.298 DEBUG (MainThread) [custom_components.multisplit_zone_controller.units] Unknown temperature unit '%'; treating value 45.0 as Celsius
2026-05-04 10:37:43.300 DEBUG (MainThread) [custom_components.multisplit_zone_controller.units] Unknown temperature unit '%'; treating value 45.0 as Celsius
2026-05-04 10:37:43.313 DEBUG (MainThread) [custom_components.multisplit_zone_controller.dispatch] Dispatched hvac_mode=off to climate.fake_head_living (zone living_room_zone, re-asserted)
2026-05-04 10:37:43.318 DEBUG (MainThread) [custom_components.multisplit_zone_controller.dispatch] Dispatched hvac_mode=off to climate.fake_head_bedroom (zone bed_zone, re-asserted)
2026-05-04 10:37:43.319 INFO (MainThread) [homeassistant.helpers.script.fake_living_aux_heater_turn_off] Fake Living Aux Heater turn_off: Running template script
2026-05-04 10:37:43.319 INFO (MainThread) [homeassistant.helpers.script.fake_living_aux_heater_turn_off] Fake Living Aux Heater turn_off: Executing step call service
2026-05-04 10:37:43.320 DEBUG (MainThread) [custom_components.multisplit_zone_controller.aux_heat_dispatch] Aux heat for zone living_room_zone -> OFF (entity switch.fake_head_living_heater)
2026-05-04 10:37:43.320 DEBUG (MainThread) [custom_components.multisplit_zone_controller.coordinator] Finished fetching multisplit_zone_controller[unit_1] data in 0.023 seconds (success: True)
2026-05-04 10:38:13.298 DEBUG (MainThread) [custom_components.multisplit_zone_controller.units] Unknown temperature unit '%'; treating value 45.0 as Celsius
2026-05-04 10:38:13.299 DEBUG (MainThread) [custom_components.multisplit_zone_controller.units] Unknown temperature unit '%'; treating value 45.0 as Celsius
2026-05-04 10:38:13.303 DEBUG (MainThread) [custom_components.multisplit_zone_controller.dispatch] Dispatched hvac_mode=off to climate.fake_head_living (zone living_room_zone, re-asserted)
2026-05-04 10:38:13.304 DEBUG (MainThread) [custom_components.multisplit_zone_controller.dispatch] Dispatched hvac_mode=off to climate.fake_head_bedroom (zone bed_zone, re-asserted)
2026-05-04 10:38:13.309 INFO (MainThread) [homeassistant.helpers.script.fake_living_aux_heater_turn_off] Fake Living Aux Heater turn_off: Running template script
2026-05-04 10:38:13.310 INFO (MainThread) [homeassistant.helpers.script.fake_living_aux_heater_turn_off] Fake Living Aux Heater turn_off: Executing step call service
2026-05-04 10:38:13.311 DEBUG (MainThread) [custom_components.multisplit_zone_controller.aux_heat_dispatch] Aux heat for zone living_room_zone -> OFF (entity switch.fake_head_living_heater)
2026-05-04 10:38:13.311 DEBUG (MainThread) [custom_components.multisplit_zone_controller.coordinator] Finished fetching multisplit_zone_controller[unit_1] data in 0.014 seconds (success: True)
2026-05-04 10:38:43.299 DEBUG (MainThread) [custom_components.multisplit_zone_controller.units] Unknown temperature unit '%'; treating value 45.0 as Celsius
2026-05-04 10:38:43.301 DEBUG (MainThread) [custom_components.multisplit_zone_controller.units] Unknown temperature unit '%'; treating value 45.0 as Celsius
2026-05-04 10:38:43.315 DEBUG (MainThread) [custom_components.multisplit_zone_controller.dispatch] Dispatched hvac_mode=off to climate.fake_head_living (zone living_room_zone, re-asserted)
2026-05-04 10:38:43.320 DEBUG (MainThread) [custom_components.multisplit_zone_controller.dispatch] Dispatched hvac_mode=off to climate.fake_head_bedroom (zone bed_zone, re-asserted)
2026-05-04 10:38:43.320 INFO (MainThread) [homeassistant.helpers.script.fake_living_aux_heater_turn_off] Fake Living Aux Heater turn_off: Running template script
2026-05-04 10:38:43.321 INFO (MainThread) [homeassistant.helpers.script.fake_living_aux_heater_turn_off] Fake Living Aux Heater turn_off: Executing step call service
2026-05-04 10:38:43.322 DEBUG (MainThread) [custom_components.multisplit_zone_controller.aux_heat_dispatch] Aux heat for zone living_room_zone -> OFF (entity switch.fake_head_living_heater)
2026-05-04 10:38:43.322 DEBUG (MainThread) [custom_components.multisplit_zone_controller.coordinator] Finished fetching multisplit_zone_controller[unit_1] data in 0.025 seconds (success: True)
2026-05-04 10:39:13.297 DEBUG (MainThread) [custom_components.multisplit_zone_controller.units] Unknown temperature unit '%'; treating value 45.0 as Celsius
2026-05-04 10:39:13.298 DEBUG (MainThread) [custom_components.multisplit_zone_controller.units] Unknown temperature unit '%'; treating value 45.0 as Celsius
2026-05-04 10:39:13.303 DEBUG (MainThread) [custom_components.multisplit_zone_controller.dispatch] Dispatched hvac_mode=off to climate.fake_head_living (zone living_room_zone, re-asserted)
2026-05-04 10:39:13.312 DEBUG (MainThread) [custom_components.multisplit_zone_controller.dispatch] Dispatched hvac_mode=off to climate.fake_head_bedroom (zone bed_zone, re-asserted)
2026-05-04 10:39:13.313 INFO (MainThread) [homeassistant.helpers.script.fake_living_aux_heater_turn_off] Fake Living Aux Heater turn_off: Running template script
2026-05-04 10:39:13.314 INFO (MainThread) [homeassistant.helpers.script.fake_living_aux_heater_turn_off] Fake Living Aux Heater turn_off: Executing step call service
2026-05-04 10:39:13.315 DEBUG (MainThread) [custom_components.multisplit_zone_controller.aux_heat_dispatch] Aux heat for zone living_room_zone -> OFF (entity switch.fake_head_living_heater)
2026-05-04 10:39:13.315 DEBUG (MainThread) [custom_components.multisplit_zone_controller.coordinator] Finished fetching multisplit_zone_controller[unit_1] data in 0.019 seconds (success: True)
2026-05-04 10:39:43.299 DEBUG (MainThread) [custom_components.multisplit_zone_controller.units] Unknown temperature unit '%'; treating value 45.0 as Celsius
2026-05-04 10:39:43.301 DEBUG (MainThread) [custom_components.multisplit_zone_controller.units] Unknown temperature unit '%'; treating value 45.0 as Celsius
2026-05-04 10:39:43.318 DEBUG (MainThread) [custom_components.multisplit_zone_controller.dispatch] Dispatched hvac_mode=off to climate.fake_head_living (zone living_room_zone, re-asserted)
2026-05-04 10:39:43.319 DEBUG (MainThread) [custom_components.multisplit_zone_controller.dispatch] Dispatched hvac_mode=off to climate.fake_head_bedroom (zone bed_zone, re-asserted)
2026-05-04 10:39:43.326 INFO (MainThread) [homeassistant.helpers.script.fake_living_aux_heater_turn_off] Fake Living Aux Heater turn_off: Running template script
2026-05-04 10:39:43.326 INFO (MainThread) [homeassistant.helpers.script.fake_living_aux_heater_turn_off] Fake Living Aux Heater turn_off: Executing step call service
2026-05-04 10:39:43.327 DEBUG (MainThread) [custom_components.multisplit_zone_controller.aux_heat_dispatch] Aux heat for zone living_room_zone -> OFF (entity switch.fake_head_living_heater)
2026-05-04 10:39:43.327 DEBUG (MainThread) [custom_components.multisplit_zone_controller.coordinator] Finished fetching multisplit_zone_controller[unit_1] data in 0.029 seconds (success: True)
2026-05-04 10:40:13.298 DEBUG (MainThread) [custom_components.multisplit_zone_controller.units] Unknown temperature unit '%'; treating value 45.0 as Celsius
2026-05-04 10:40:13.300 DEBUG (MainThread) [custom_components.multisplit_zone_controller.units] Unknown temperature unit '%'; treating value 45.0 as Celsius
2026-05-04 10:40:13.311 DEBUG (MainThread) [custom_components.multisplit_zone_controller.dispatch] Dispatched hvac_mode=off to climate.fake_head_living (zone living_room_zone, re-asserted)
2026-05-04 10:40:13.316 DEBUG (MainThread) [custom_components.multisplit_zone_controller.dispatch] Dispatched hvac_mode=off to climate.fake_head_bedroom (zone bed_zone, re-asserted)
2026-05-04 10:40:13.318 INFO (MainThread) [homeassistant.helpers.script.fake_living_aux_heater_turn_off] Fake Living Aux Heater turn_off: Running template script
2026-05-04 10:40:13.318 INFO (MainThread) [homeassistant.helpers.script.fake_living_aux_heater_turn_off] Fake Living Aux Heater turn_off: Executing step call service
2026-05-04 10:40:13.320 DEBUG (MainThread) [custom_components.multisplit_zone_controller.aux_heat_dispatch] Aux heat for zone living_room_zone -> OFF (entity switch.fake_head_living_heater)
2026-05-04 10:40:13.322 DEBUG (MainThread) [custom_components.multisplit_zone_controller.coordinator] Finished fetching multisplit_zone_controller[unit_1] data in 0.025 seconds (success: True)
2026-05-04 10:40:43.300 DEBUG (MainThread) [custom_components.multisplit_zone_controller.units] Unknown temperature unit '%'; treating value 45.0 as Celsius
2026-05-04 10:40:43.303 DEBUG (MainThread) [custom_components.multisplit_zone_controller.units] Unknown temperature unit '%'; treating value 45.0 as Celsius
2026-05-04 10:40:43.317 DEBUG (MainThread) [custom_components.multisplit_zone_controller.dispatch] Dispatched hvac_mode=off to climate.fake_head_living (zone living_room_zone, re-asserted)
2026-05-04 10:40:43.326 DEBUG (MainThread) [custom_components.multisplit_zone_controller.dispatch] Dispatched hvac_mode=off to climate.fake_head_bedroom (zone bed_zone, re-asserted)
2026-05-04 10:40:43.327 INFO (MainThread) [homeassistant.helpers.script.fake_living_aux_heater_turn_off] Fake Living Aux Heater turn_off: Running template script
2026-05-04 10:40:43.328 INFO (MainThread) [homeassistant.helpers.script.fake_living_aux_heater_turn_off] Fake Living Aux Heater turn_off: Executing step call service
2026-05-04 10:40:43.329 DEBUG (MainThread) [custom_components.multisplit_zone_controller.aux_heat_dispatch] Aux heat for zone living_room_zone -> OFF (entity switch.fake_head_living_heater)
2026-05-04 10:40:43.329 DEBUG (MainThread) [custom_components.multisplit_zone_controller.coordinator] Finished fetching multisplit_zone_controller[unit_1] data in 0.030 seconds (success: True)
2026-05-04 10:41:13.302 DEBUG (MainThread) [custom_components.multisplit_zone_controller.units] Unknown temperature unit '%'; treating value 45.0 as Celsius
2026-05-04 10:41:13.304 DEBUG (MainThread) [custom_components.multisplit_zone_controller.units] Unknown temperature unit '%'; treating value 45.0 as Celsius
2026-05-04 10:41:13.321 DEBUG (MainThread) [custom_components.multisplit_zone_controller.dispatch] Dispatched hvac_mode=off to climate.fake_head_living (zone living_room_zone, re-asserted)
2026-05-04 10:41:13.322 DEBUG (MainThread) [custom_components.multisplit_zone_controller.dispatch] Dispatched hvac_mode=off to climate.fake_head_bedroom (zone bed_zone, re-asserted)
2026-05-04 10:41:13.323 INFO (MainThread) [homeassistant.helpers.script.fake_living_aux_heater_turn_off] Fake Living Aux Heater turn_off: Running template script
2026-05-04 10:41:13.324 INFO (MainThread) [homeassistant.helpers.script.fake_living_aux_heater_turn_off] Fake Living Aux Heater turn_off: Executing step call service
2026-05-04 10:41:13.325 DEBUG (MainThread) [custom_components.multisplit_zone_controller.aux_heat_dispatch] Aux heat for zone living_room_zone -> OFF (entity switch.fake_head_living_heater)
2026-05-04 10:41:13.325 DEBUG (MainThread) [custom_components.multisplit_zone_controller.coordinator] Finished fetching multisplit_zone_controller[unit_1] data in 0.024 seconds (success: True)
2026-05-04 10:41:43.303 DEBUG (MainThread) [custom_components.multisplit_zone_controller.units] Unknown temperature unit '%'; treating value 45.0 as Celsius
2026-05-04 10:41:43.305 DEBUG (MainThread) [custom_components.multisplit_zone_controller.units] Unknown temperature unit '%'; treating value 45.0 as Celsius
2026-05-04 10:41:43.321 DEBUG (MainThread) [custom_components.multisplit_zone_controller.dispatch] Dispatched hvac_mode=off to climate.fake_head_living (zone living_room_zone, re-asserted)
2026-05-04 10:41:43.322 DEBUG (MainThread) [custom_components.multisplit_zone_controller.dispatch] Dispatched hvac_mode=off to climate.fake_head_bedroom (zone bed_zone, re-asserted)
2026-05-04 10:41:43.329 INFO (MainThread) [homeassistant.helpers.script.fake_living_aux_heater_turn_off] Fake Living Aux Heater turn_off: Running template script
2026-05-04 10:41:43.329 INFO (MainThread) [homeassistant.helpers.script.fake_living_aux_heater_turn_off] Fake Living Aux Heater turn_off: Executing step call service
2026-05-04 10:41:43.331 DEBUG (MainThread) [custom_components.multisplit_zone_controller.aux_heat_dispatch] Aux heat for zone living_room_zone -> OFF (entity switch.fake_head_living_heater)
2026-05-04 10:41:43.331 DEBUG (MainThread) [custom_components.multisplit_zone_controller.coordinator] Finished fetching multisplit_zone_controller[unit_1] data in 0.029 seconds (success: True)
2026-05-04 10:42:13.300 DEBUG (MainThread) [custom_components.multisplit_zone_controller.units] Unknown temperature unit '%'; treating value 45.0 as Celsius
2026-05-04 10:42:13.301 DEBUG (MainThread) [custom_components.multisplit_zone_controller.units] Unknown temperature unit '%'; treating value 45.0 as Celsius
2026-05-04 10:42:13.311 DEBUG (MainThread) [custom_components.multisplit_zone_controller.dispatch] Dispatched hvac_mode=off to climate.fake_head_living (zone living_room_zone, re-asserted)
2026-05-04 10:42:13.313 DEBUG (MainThread) [custom_components.multisplit_zone_controller.dispatch] Dispatched hvac_mode=off to climate.fake_head_bedroom (zone bed_zone, re-asserted)
2026-05-04 10:42:13.314 INFO (MainThread) [homeassistant.helpers.script.fake_living_aux_heater_turn_off] Fake Living Aux Heater turn_off: Running template script
2026-05-04 10:42:13.314 INFO (MainThread) [homeassistant.helpers.script.fake_living_aux_heater_turn_off] Fake Living Aux Heater turn_off: Executing step call service
2026-05-04 10:42:13.315 DEBUG (MainThread) [custom_components.multisplit_zone_controller.aux_heat_dispatch] Aux heat for zone living_room_zone -> OFF (entity switch.fake_head_living_heater)
2026-05-04 10:42:13.315 DEBUG (MainThread) [custom_components.multisplit_zone_controller.coordinator] Finished fetching multisplit_zone_controller[unit_1] data in 0.016 seconds (success: True)
2026-05-04 10:42:43.301 DEBUG (MainThread) [custom_components.multisplit_zone_controller.units] Unknown temperature unit '%'; treating value 45.0 as Celsius
2026-05-04 10:42:43.304 DEBUG (MainThread) [custom_components.multisplit_zone_controller.units] Unknown temperature unit '%'; treating value 45.0 as Celsius
2026-05-04 10:42:43.324 DEBUG (MainThread) [custom_components.multisplit_zone_controller.dispatch] Dispatched hvac_mode=off to climate.fake_head_living (zone living_room_zone, re-asserted)
2026-05-04 10:42:43.326 DEBUG (MainThread) [custom_components.multisplit_zone_controller.dispatch] Dispatched hvac_mode=off to climate.fake_head_bedroom (zone bed_zone, re-asserted)
2026-05-04 10:42:43.327 INFO (MainThread) [homeassistant.helpers.script.fake_living_aux_heater_turn_off] Fake Living Aux Heater turn_off: Running template script
2026-05-04 10:42:43.328 INFO (MainThread) [homeassistant.helpers.script.fake_living_aux_heater_turn_off] Fake Living Aux Heater turn_off: Executing step call service
2026-05-04 10:42:43.329 DEBUG (MainThread) [custom_components.multisplit_zone_controller.aux_heat_dispatch] Aux heat for zone living_room_zone -> OFF (entity switch.fake_head_living_heater)
2026-05-04 10:42:43.329 DEBUG (MainThread) [custom_components.multisplit_zone_controller.coordinator] Finished fetching multisplit_zone_controller[unit_1] data in 0.029 seconds (success: True)
2026-05-04 10:43:13.301 DEBUG (MainThread) [custom_components.multisplit_zone_controller.units] Unknown temperature unit '%'; treating value 45.0 as Celsius
2026-05-04 10:43:13.304 DEBUG (MainThread) [custom_components.multisplit_zone_controller.units] Unknown temperature unit '%'; treating value 45.0 as Celsius
2026-05-04 10:43:13.315 DEBUG (MainThread) [custom_components.multisplit_zone_controller.dispatch] Dispatched hvac_mode=off to climate.fake_head_living (zone living_room_zone, re-asserted)
2026-05-04 10:43:13.323 DEBUG (MainThread) [custom_components.multisplit_zone_controller.dispatch] Dispatched hvac_mode=off to climate.fake_head_bedroom (zone bed_zone, re-asserted)
2026-05-04 10:43:13.325 INFO (MainThread) [homeassistant.helpers.script.fake_living_aux_heater_turn_off] Fake Living Aux Heater turn_off: Running template script
2026-05-04 10:43:13.325 INFO (MainThread) [homeassistant.helpers.script.fake_living_aux_heater_turn_off] Fake Living Aux Heater turn_off: Executing step call service
2026-05-04 10:43:13.327 DEBUG (MainThread) [custom_components.multisplit_zone_controller.aux_heat_dispatch] Aux heat for zone living_room_zone -> OFF (entity switch.fake_head_living_heater)
2026-05-04 10:43:13.327 DEBUG (MainThread) [custom_components.multisplit_zone_controller.coordinator] Finished fetching multisplit_zone_controller[unit_1] data in 0.027 seconds (success: True)
2026-05-04 10:43:43.298 DEBUG (MainThread) [custom_components.multisplit_zone_controller.units] Unknown temperature unit '%'; treating value 45.0 as Celsius
2026-05-04 10:43:43.300 DEBUG (MainThread) [custom_components.multisplit_zone_controller.units] Unknown temperature unit '%'; treating value 45.0 as Celsius
2026-05-04 10:43:43.311 DEBUG (MainThread) [custom_components.multisplit_zone_controller.dispatch] Dispatched hvac_mode=off to climate.fake_head_living (zone living_room_zone, re-asserted)
2026-05-04 10:43:43.312 DEBUG (MainThread) [custom_components.multisplit_zone_controller.dispatch] Dispatched hvac_mode=off to climate.fake_head_bedroom (zone bed_zone, re-asserted)
2026-05-04 10:43:43.313 INFO (MainThread) [homeassistant.helpers.script.fake_living_aux_heater_turn_off] Fake Living Aux Heater turn_off: Running template script
2026-05-04 10:43:43.314 INFO (MainThread) [homeassistant.helpers.script.fake_living_aux_heater_turn_off] Fake Living Aux Heater turn_off: Executing step call service
2026-05-04 10:43:43.315 DEBUG (MainThread) [custom_components.multisplit_zone_controller.aux_heat_dispatch] Aux heat for zone living_room_zone -> OFF (entity switch.fake_head_living_heater)
2026-05-04 10:43:43.315 DEBUG (MainThread) [custom_components.multisplit_zone_controller.coordinator] Finished fetching multisplit_zone_controller[unit_1] data in 0.017 seconds (success: True)
2026-05-04 10:44:13.301 DEBUG (MainThread) [custom_components.multisplit_zone_controller.units] Unknown temperature unit '%'; treating value 45.0 as Celsius
2026-05-04 10:44:13.304 DEBUG (MainThread) [custom_components.multisplit_zone_controller.units] Unknown temperature unit '%'; treating value 45.0 as Celsius
2026-05-04 10:44:13.324 DEBUG (MainThread) [custom_components.multisplit_zone_controller.dispatch] Dispatched hvac_mode=off to climate.fake_head_living (zone living_room_zone, re-asserted)
2026-05-04 10:44:13.326 DEBUG (MainThread) [custom_components.multisplit_zone_controller.dispatch] Dispatched hvac_mode=off to climate.fake_head_bedroom (zone bed_zone, re-asserted)
2026-05-04 10:44:13.327 INFO (MainThread) [homeassistant.helpers.script.fake_living_aux_heater_turn_off] Fake Living Aux Heater turn_off: Running template script
2026-05-04 10:44:13.328 INFO (MainThread) [homeassistant.helpers.script.fake_living_aux_heater_turn_off] Fake Living Aux Heater turn_off: Executing step call service
2026-05-04 10:44:13.329 DEBUG (MainThread) [custom_components.multisplit_zone_controller.aux_heat_dispatch] Aux heat for zone living_room_zone -> OFF (entity switch.fake_head_living_heater)
2026-05-04 10:44:13.329 DEBUG (MainThread) [custom_components.multisplit_zone_controller.coordinator] Finished fetching multisplit_zone_controller[unit_1] data in 0.029 seconds (success: True)
2026-05-04 10:44:43.306 DEBUG (MainThread) [custom_components.multisplit_zone_controller.units] Unknown temperature unit '%'; treating value 45.0 as Celsius
2026-05-04 10:44:43.310 DEBUG (MainThread) [custom_components.multisplit_zone_controller.units] Unknown temperature unit '%'; treating value 45.0 as Celsius
2026-05-04 10:44:43.322 DEBUG (MainThread) [custom_components.multisplit_zone_controller.dispatch] Dispatched hvac_mode=off to climate.fake_head_living (zone living_room_zone, re-asserted)
2026-05-04 10:44:43.323 DEBUG (MainThread) [custom_components.multisplit_zone_controller.dispatch] Dispatched hvac_mode=off to climate.fake_head_bedroom (zone bed_zone, re-asserted)
2026-05-04 10:44:43.324 INFO (MainThread) [homeassistant.helpers.script.fake_living_aux_heater_turn_off] Fake Living Aux Heater turn_off: Running template script
2026-05-04 10:44:43.325 INFO (MainThread) [homeassistant.helpers.script.fake_living_aux_heater_turn_off] Fake Living Aux Heater turn_off: Executing step call service
2026-05-04 10:44:43.326 DEBUG (MainThread) [custom_components.multisplit_zone_controller.aux_heat_dispatch] Aux heat for zone living_room_zone -> OFF (entity switch.fake_head_living_heater)
2026-05-04 10:44:43.326 DEBUG (MainThread) [custom_components.multisplit_zone_controller.coordinator] Finished fetching multisplit_zone_controller[unit_1] data in 0.024 seconds (success: True)
2026-05-04 10:45:13.300 DEBUG (MainThread) [custom_components.multisplit_zone_controller.units] Unknown temperature unit '%'; treating value 45.0 as Celsius
2026-05-04 10:45:13.302 DEBUG (MainThread) [custom_components.multisplit_zone_controller.units] Unknown temperature unit '%'; treating value 45.0 as Celsius
2026-05-04 10:45:13.313 DEBUG (MainThread) [custom_components.multisplit_zone_controller.dispatch] Dispatched hvac_mode=off to climate.fake_head_living (zone living_room_zone, re-asserted)
2026-05-04 10:45:13.319 DEBUG (MainThread) [custom_components.multisplit_zone_controller.dispatch] Dispatched hvac_mode=off to climate.fake_head_bedroom (zone bed_zone, re-asserted)
2026-05-04 10:45:13.321 INFO (MainThread) [homeassistant.helpers.script.fake_living_aux_heater_turn_off] Fake Living Aux Heater turn_off: Running template script
2026-05-04 10:45:13.321 INFO (MainThread) [homeassistant.helpers.script.fake_living_aux_heater_turn_off] Fake Living Aux Heater turn_off: Executing step call service
2026-05-04 10:45:13.323 DEBUG (MainThread) [custom_components.multisplit_zone_controller.aux_heat_dispatch] Aux heat for zone living_room_zone -> OFF (entity switch.fake_head_living_heater)
2026-05-04 10:45:13.323 DEBUG (MainThread) [custom_components.multisplit_zone_controller.coordinator] Finished fetching multisplit_zone_controller[unit_1] data in 0.025 seconds (success: True)
2026-05-04 10:45:43.299 DEBUG (MainThread) [custom_components.multisplit_zone_controller.units] Unknown temperature unit '%'; treating value 45.0 as Celsius
2026-05-04 10:45:43.300 DEBUG (MainThread) [custom_components.multisplit_zone_controller.units] Unknown temperature unit '%'; treating value 45.0 as Celsius
2026-05-04 10:45:43.303 DEBUG (MainThread) [custom_components.multisplit_zone_controller.dispatch] Dispatched hvac_mode=off to climate.fake_head_living (zone living_room_zone, re-asserted)
2026-05-04 10:45:43.303 DEBUG (MainThread) [custom_components.multisplit_zone_controller.dispatch] Dispatched hvac_mode=off to climate.fake_head_bedroom (zone bed_zone, re-asserted)
2026-05-04 10:45:43.304 INFO (MainThread) [homeassistant.helpers.script.fake_living_aux_heater_turn_off] Fake Living Aux Heater turn_off: Running template script
2026-05-04 10:45:43.304 INFO (MainThread) [homeassistant.helpers.script.fake_living_aux_heater_turn_off] Fake Living Aux Heater turn_off: Executing step call service
2026-05-04 10:45:43.304 DEBUG (MainThread) [custom_components.multisplit_zone_controller.aux_heat_dispatch] Aux heat for zone living_room_zone -> OFF (entity switch.fake_head_living_heater)
2026-05-04 10:45:43.304 DEBUG (MainThread) [custom_components.multisplit_zone_controller.coordinator] Finished fetching multisplit_zone_controller[unit_1] data in 0.006 seconds (success: True)
2026-05-04 10:46:13.299 DEBUG (MainThread) [custom_components.multisplit_zone_controller.units] Unknown temperature unit '%'; treating value 45.0 as Celsius
2026-05-04 10:46:13.301 DEBUG (MainThread) [custom_components.multisplit_zone_controller.units] Unknown temperature unit '%'; treating value 45.0 as Celsius
2026-05-04 10:46:13.316 DEBUG (MainThread) [custom_components.multisplit_zone_controller.dispatch] Dispatched hvac_mode=off to climate.fake_head_living (zone living_room_zone, re-asserted)
2026-05-04 10:46:13.323 DEBUG (MainThread) [custom_components.multisplit_zone_controller.dispatch] Dispatched hvac_mode=off to climate.fake_head_bedroom (zone bed_zone, re-asserted)
2026-05-04 10:46:13.324 INFO (MainThread) [homeassistant.helpers.script.fake_living_aux_heater_turn_off] Fake Living Aux Heater turn_off: Running template script
2026-05-04 10:46:13.325 INFO (MainThread) [homeassistant.helpers.script.fake_living_aux_heater_turn_off] Fake Living Aux Heater turn_off: Executing step call service
2026-05-04 10:46:13.326 DEBUG (MainThread) [custom_components.multisplit_zone_controller.aux_heat_dispatch] Aux heat for zone living_room_zone -> OFF (entity switch.fake_head_living_heater)
2026-05-04 10:46:13.327 DEBUG (MainThread) [custom_components.multisplit_zone_controller.coordinator] Finished fetching multisplit_zone_controller[unit_1] data in 0.029 seconds (success: True)
2026-05-04 10:46:43.300 DEBUG (MainThread) [custom_components.multisplit_zone_controller.units] Unknown temperature unit '%'; treating value 45.0 as Celsius
2026-05-04 10:46:43.301 DEBUG (MainThread) [custom_components.multisplit_zone_controller.units] Unknown temperature unit '%'; treating value 45.0 as Celsius
2026-05-04 10:46:43.305 DEBUG (MainThread) [custom_components.multisplit_zone_controller.dispatch] Dispatched hvac_mode=off to climate.fake_head_living (zone living_room_zone, re-asserted)
2026-05-04 10:46:43.311 DEBUG (MainThread) [custom_components.multisplit_zone_controller.dispatch] Dispatched hvac_mode=off to climate.fake_head_bedroom (zone bed_zone, re-asserted)
2026-05-04 10:46:43.312 INFO (MainThread) [homeassistant.helpers.script.fake_living_aux_heater_turn_off] Fake Living Aux Heater turn_off: Running template script
2026-05-04 10:46:43.312 INFO (MainThread) [homeassistant.helpers.script.fake_living_aux_heater_turn_off] Fake Living Aux Heater turn_off: Executing step call service
2026-05-04 10:46:43.313 DEBUG (MainThread) [custom_components.multisplit_zone_controller.aux_heat_dispatch] Aux heat for zone living_room_zone -> OFF (entity switch.fake_head_living_heater)
2026-05-04 10:46:43.313 DEBUG (MainThread) [custom_components.multisplit_zone_controller.coordinator] Finished fetching multisplit_zone_controller[unit_1] data in 0.014 seconds (success: True)
2026-05-04 10:47:13.299 DEBUG (MainThread) [custom_components.multisplit_zone_controller.units] Unknown temperature unit '%'; treating value 45.0 as Celsius
2026-05-04 10:47:13.302 DEBUG (MainThread) [custom_components.multisplit_zone_controller.units] Unknown temperature unit '%'; treating value 45.0 as Celsius
2026-05-04 10:47:13.314 DEBUG (MainThread) [custom_components.multisplit_zone_controller.dispatch] Dispatched hvac_mode=off to climate.fake_head_living (zone living_room_zone, re-asserted)
2026-05-04 10:47:13.322 DEBUG (MainThread) [custom_components.multisplit_zone_controller.dispatch] Dispatched hvac_mode=off to climate.fake_head_bedroom (zone bed_zone, re-asserted)
2026-05-04 10:47:13.323 INFO (MainThread) [homeassistant.helpers.script.fake_living_aux_heater_turn_off] Fake Living Aux Heater turn_off: Running template script
2026-05-04 10:47:13.324 INFO (MainThread) [homeassistant.helpers.script.fake_living_aux_heater_turn_off] Fake Living Aux Heater turn_off: Executing step call service
2026-05-04 10:47:13.325 DEBUG (MainThread) [custom_components.multisplit_zone_controller.aux_heat_dispatch] Aux heat for zone living_room_zone -> OFF (entity switch.fake_head_living_heater)
2026-05-04 10:47:13.326 DEBUG (MainThread) [custom_components.multisplit_zone_controller.coordinator] Finished fetching multisplit_zone_controller[unit_1] data in 0.028 seconds (success: True)
2026-05-04 10:47:43.298 DEBUG (MainThread) [custom_components.multisplit_zone_controller.units] Unknown temperature unit '%'; treating value 45.0 as Celsius
2026-05-04 10:47:43.300 DEBUG (MainThread) [custom_components.multisplit_zone_controller.units] Unknown temperature unit '%'; treating value 45.0 as Celsius
2026-05-04 10:47:43.310 DEBUG (MainThread) [custom_components.multisplit_zone_controller.dispatch] Dispatched hvac_mode=off to climate.fake_head_living (zone living_room_zone, re-asserted)
2026-05-04 10:47:43.312 DEBUG (MainThread) [custom_components.multisplit_zone_controller.dispatch] Dispatched hvac_mode=off to climate.fake_head_bedroom (zone bed_zone, re-asserted)
2026-05-04 10:47:43.313 INFO (MainThread) [homeassistant.helpers.script.fake_living_aux_heater_turn_off] Fake Living Aux Heater turn_off: Running template script
2026-05-04 10:47:43.313 INFO (MainThread) [homeassistant.helpers.script.fake_living_aux_heater_turn_off] Fake Living Aux Heater turn_off: Executing step call service
2026-05-04 10:47:43.314 DEBUG (MainThread) [custom_components.multisplit_zone_controller.aux_heat_dispatch] Aux heat for zone living_room_zone -> OFF (entity switch.fake_head_living_heater)
2026-05-04 10:47:43.314 DEBUG (MainThread) [custom_components.multisplit_zone_controller.coordinator] Finished fetching multisplit_zone_controller[unit_1] data in 0.018 seconds (success: True)
2026-05-04 10:48:13.301 DEBUG (MainThread) [custom_components.multisplit_zone_controller.units] Unknown temperature unit '%'; treating value 45.0 as Celsius
2026-05-04 10:48:13.303 DEBUG (MainThread) [custom_components.multisplit_zone_controller.units] Unknown temperature unit '%'; treating value 45.0 as Celsius
2026-05-04 10:48:13.319 DEBUG (MainThread) [custom_components.multisplit_zone_controller.dispatch] Dispatched hvac_mode=off to climate.fake_head_living (zone living_room_zone, re-asserted)
2026-05-04 10:48:13.326 DEBUG (MainThread) [custom_components.multisplit_zone_controller.dispatch] Dispatched hvac_mode=off to climate.fake_head_bedroom (zone bed_zone, re-asserted)
2026-05-04 10:48:13.327 INFO (MainThread) [homeassistant.helpers.script.fake_living_aux_heater_turn_off] Fake Living Aux Heater turn_off: Running template script
2026-05-04 10:48:13.328 INFO (MainThread) [homeassistant.helpers.script.fake_living_aux_heater_turn_off] Fake Living Aux Heater turn_off: Executing step call service
2026-05-04 10:48:13.329 DEBUG (MainThread) [custom_components.multisplit_zone_controller.aux_heat_dispatch] Aux heat for zone living_room_zone -> OFF (entity switch.fake_head_living_heater)
2026-05-04 10:48:13.329 DEBUG (MainThread) [custom_components.multisplit_zone_controller.coordinator] Finished fetching multisplit_zone_controller[unit_1] data in 0.029 seconds (success: True)
2026-05-04 10:48:43.298 DEBUG (MainThread) [custom_components.multisplit_zone_controller.units] Unknown temperature unit '%'; treating value 45.0 as Celsius
2026-05-04 10:48:43.300 DEBUG (MainThread) [custom_components.multisplit_zone_controller.units] Unknown temperature unit '%'; treating value 45.0 as Celsius
2026-05-04 10:48:43.313 DEBUG (MainThread) [custom_components.multisplit_zone_controller.dispatch] Dispatched hvac_mode=off to climate.fake_head_living (zone living_room_zone, re-asserted)
2026-05-04 10:48:43.314 DEBUG (MainThread) [custom_components.multisplit_zone_controller.dispatch] Dispatched hvac_mode=off to climate.fake_head_bedroom (zone bed_zone, re-asserted)
2026-05-04 10:48:43.314 INFO (MainThread) [homeassistant.helpers.script.fake_living_aux_heater_turn_off] Fake Living Aux Heater turn_off: Running template script
2026-05-04 10:48:43.315 INFO (MainThread) [homeassistant.helpers.script.fake_living_aux_heater_turn_off] Fake Living Aux Heater turn_off: Executing step call service
2026-05-04 10:48:43.315 DEBUG (MainThread) [custom_components.multisplit_zone_controller.aux_heat_dispatch] Aux heat for zone living_room_zone -> OFF (entity switch.fake_head_living_heater)
2026-05-04 10:48:43.316 DEBUG (MainThread) [custom_components.multisplit_zone_controller.coordinator] Finished fetching multisplit_zone_controller[unit_1] data in 0.018 seconds (success: True)
2026-05-04 10:49:13.302 DEBUG (MainThread) [custom_components.multisplit_zone_controller.units] Unknown temperature unit '%'; treating value 45.0 as Celsius
2026-05-04 10:49:13.304 DEBUG (MainThread) [custom_components.multisplit_zone_controller.units] Unknown temperature unit '%'; treating value 45.0 as Celsius
2026-05-04 10:49:13.318 DEBUG (MainThread) [custom_components.multisplit_zone_controller.dispatch] Dispatched hvac_mode=off to climate.fake_head_living (zone living_room_zone, re-asserted)
2026-05-04 10:49:13.320 DEBUG (MainThread) [custom_components.multisplit_zone_controller.dispatch] Dispatched hvac_mode=off to climate.fake_head_bedroom (zone bed_zone, re-asserted)
2026-05-04 10:49:13.327 INFO (MainThread) [homeassistant.helpers.script.fake_living_aux_heater_turn_off] Fake Living Aux Heater turn_off: Running template script
2026-05-04 10:49:13.327 INFO (MainThread) [homeassistant.helpers.script.fake_living_aux_heater_turn_off] Fake Living Aux Heater turn_off: Executing step call service
2026-05-04 10:49:13.329 DEBUG (MainThread) [custom_components.multisplit_zone_controller.aux_heat_dispatch] Aux heat for zone living_room_zone -> OFF (entity switch.fake_head_living_heater)
2026-05-04 10:49:13.329 DEBUG (MainThread) [custom_components.multisplit_zone_controller.coordinator] Finished fetching multisplit_zone_controller[unit_1] data in 0.028 seconds (success: True)
2026-05-04 10:49:43.298 DEBUG (MainThread) [custom_components.multisplit_zone_controller.units] Unknown temperature unit '%'; treating value 45.0 as Celsius
2026-05-04 10:49:43.300 DEBUG (MainThread) [custom_components.multisplit_zone_controller.units] Unknown temperature unit '%'; treating value 45.0 as Celsius
2026-05-04 10:49:43.314 DEBUG (MainThread) [custom_components.multisplit_zone_controller.dispatch] Dispatched hvac_mode=off to climate.fake_head_living (zone living_room_zone, re-asserted)
2026-05-04 10:49:43.316 DEBUG (MainThread) [custom_components.multisplit_zone_controller.dispatch] Dispatched hvac_mode=off to climate.fake_head_bedroom (zone bed_zone, re-asserted)
2026-05-04 10:49:43.325 INFO (MainThread) [homeassistant.helpers.script.fake_living_aux_heater_turn_off] Fake Living Aux Heater turn_off: Running template script
2026-05-04 10:49:43.326 INFO (MainThread) [homeassistant.helpers.script.fake_living_aux_heater_turn_off] Fake Living Aux Heater turn_off: Executing step call service
2026-05-04 10:49:43.327 DEBUG (MainThread) [custom_components.multisplit_zone_controller.aux_heat_dispatch] Aux heat for zone living_room_zone -> OFF (entity switch.fake_head_living_heater)
2026-05-04 10:49:43.327 DEBUG (MainThread) [custom_components.multisplit_zone_controller.coordinator] Finished fetching multisplit_zone_controller[unit_1] data in 0.030 seconds (success: True)
2026-05-04 10:50:13.297 DEBUG (MainThread) [custom_components.multisplit_zone_controller.units] Unknown temperature unit '%'; treating value 45.0 as Celsius
2026-05-04 10:50:13.299 DEBUG (MainThread) [custom_components.multisplit_zone_controller.units] Unknown temperature unit '%'; treating value 45.0 as Celsius
2026-05-04 10:50:13.310 DEBUG (MainThread) [custom_components.multisplit_zone_controller.dispatch] Dispatched hvac_mode=off to climate.fake_head_living (zone living_room_zone, re-asserted)
2026-05-04 10:50:13.315 DEBUG (MainThread) [custom_components.multisplit_zone_controller.dispatch] Dispatched hvac_mode=off to climate.fake_head_bedroom (zone bed_zone, re-asserted)
2026-05-04 10:50:13.317 INFO (MainThread) [homeassistant.helpers.script.fake_living_aux_heater_turn_off] Fake Living Aux Heater turn_off: Running template script
2026-05-04 10:50:13.318 INFO (MainThread) [homeassistant.helpers.script.fake_living_aux_heater_turn_off] Fake Living Aux Heater turn_off: Executing step call service
2026-05-04 10:50:13.322 DEBUG (MainThread) [custom_components.multisplit_zone_controller.aux_heat_dispatch] Aux heat for zone living_room_zone -> OFF (entity switch.fake_head_living_heater)
2026-05-04 10:50:13.322 DEBUG (MainThread) [custom_components.multisplit_zone_controller.coordinator] Finished fetching multisplit_zone_controller[unit_1] data in 0.026 seconds (success: True)
2026-05-04 10:50:43.303 DEBUG (MainThread) [custom_components.multisplit_zone_controller.units] Unknown temperature unit '%'; treating value 45.0 as Celsius
2026-05-04 10:50:43.306 DEBUG (MainThread) [custom_components.multisplit_zone_controller.units] Unknown temperature unit '%'; treating value 45.0 as Celsius
2026-05-04 10:50:43.322 DEBUG (MainThread) [custom_components.multisplit_zone_controller.dispatch] Dispatched hvac_mode=off to climate.fake_head_living (zone living_room_zone, re-asserted)
2026-05-04 10:50:43.323 DEBUG (MainThread) [custom_components.multisplit_zone_controller.dispatch] Dispatched hvac_mode=off to climate.fake_head_bedroom (zone bed_zone, re-asserted)
2026-05-04 10:50:43.325 INFO (MainThread) [homeassistant.helpers.script.fake_living_aux_heater_turn_off] Fake Living Aux Heater turn_off: Running template script
2026-05-04 10:50:43.325 INFO (MainThread) [homeassistant.helpers.script.fake_living_aux_heater_turn_off] Fake Living Aux Heater turn_off: Executing step call service
2026-05-04 10:50:43.327 DEBUG (MainThread) [custom_components.multisplit_zone_controller.aux_heat_dispatch] Aux heat for zone living_room_zone -> OFF (entity switch.fake_head_living_heater)
2026-05-04 10:50:43.327 DEBUG (MainThread) [custom_components.multisplit_zone_controller.coordinator] Finished fetching multisplit_zone_controller[unit_1] data in 0.025 seconds (success: True)
2026-05-04 10:51:13.302 DEBUG (MainThread) [custom_components.multisplit_zone_controller.units] Unknown temperature unit '%'; treating value 45.0 as Celsius
2026-05-04 10:51:13.305 DEBUG (MainThread) [custom_components.multisplit_zone_controller.units] Unknown temperature unit '%'; treating value 45.0 as Celsius
2026-05-04 10:51:13.322 DEBUG (MainThread) [custom_components.multisplit_zone_controller.dispatch] Dispatched hvac_mode=off to climate.fake_head_living (zone living_room_zone, re-asserted)
2026-05-04 10:51:13.323 DEBUG (MainThread) [custom_components.multisplit_zone_controller.dispatch] Dispatched hvac_mode=off to climate.fake_head_bedroom (zone bed_zone, re-asserted)
2026-05-04 10:51:13.330 INFO (MainThread) [homeassistant.helpers.script.fake_living_aux_heater_turn_off] Fake Living Aux Heater turn_off: Running template script
2026-05-04 10:51:13.331 INFO (MainThread) [homeassistant.helpers.script.fake_living_aux_heater_turn_off] Fake Living Aux Heater turn_off: Executing step call service
2026-05-04 10:51:13.333 DEBUG (MainThread) [custom_components.multisplit_zone_controller.aux_heat_dispatch] Aux heat for zone living_room_zone -> OFF (entity switch.fake_head_living_heater)
2026-05-04 10:51:13.333 DEBUG (MainThread) [custom_components.multisplit_zone_controller.coordinator] Finished fetching multisplit_zone_controller[unit_1] data in 0.032 seconds (success: True)
2026-05-04 10:51:43.299 DEBUG (MainThread) [custom_components.multisplit_zone_controller.units] Unknown temperature unit '%'; treating value 45.0 as Celsius
2026-05-04 10:51:43.301 DEBUG (MainThread) [custom_components.multisplit_zone_controller.units] Unknown temperature unit '%'; treating value 45.0 as Celsius
2026-05-04 10:51:43.315 DEBUG (MainThread) [custom_components.multisplit_zone_controller.dispatch] Dispatched hvac_mode=off to climate.fake_head_living (zone living_room_zone, re-asserted)
2026-05-04 10:51:43.317 DEBUG (MainThread) [custom_components.multisplit_zone_controller.dispatch] Dispatched hvac_mode=off to climate.fake_head_bedroom (zone bed_zone, re-asserted)
2026-05-04 10:51:43.324 INFO (MainThread) [homeassistant.helpers.script.fake_living_aux_heater_turn_off] Fake Living Aux Heater turn_off: Running template script
2026-05-04 10:51:43.324 INFO (MainThread) [homeassistant.helpers.script.fake_living_aux_heater_turn_off] Fake Living Aux Heater turn_off: Executing step call service
2026-05-04 10:51:43.326 DEBUG (MainThread) [custom_components.multisplit_zone_controller.aux_heat_dispatch] Aux heat for zone living_room_zone -> OFF (entity switch.fake_head_living_heater)
2026-05-04 10:51:43.326 DEBUG (MainThread) [custom_components.multisplit_zone_controller.coordinator] Finished fetching multisplit_zone_controller[unit_1] data in 0.028 seconds (success: True)
2026-05-04 10:52:13.298 DEBUG (MainThread) [custom_components.multisplit_zone_controller.units] Unknown temperature unit '%'; treating value 45.0 as Celsius
2026-05-04 10:52:13.300 DEBUG (MainThread) [custom_components.multisplit_zone_controller.units] Unknown temperature unit '%'; treating value 45.0 as Celsius
2026-05-04 10:52:13.315 DEBUG (MainThread) [custom_components.multisplit_zone_controller.dispatch] Dispatched hvac_mode=off to climate.fake_head_living (zone living_room_zone, re-asserted)
2026-05-04 10:52:13.322 DEBUG (MainThread) [custom_components.multisplit_zone_controller.dispatch] Dispatched hvac_mode=off to climate.fake_head_bedroom (zone bed_zone, re-asserted)
2026-05-04 10:52:13.323 INFO (MainThread) [homeassistant.helpers.script.fake_living_aux_heater_turn_off] Fake Living Aux Heater turn_off: Running template script
2026-05-04 10:52:13.324 INFO (MainThread) [homeassistant.helpers.script.fake_living_aux_heater_turn_off] Fake Living Aux Heater turn_off: Executing step call service
2026-05-04 10:52:13.325 DEBUG (MainThread) [custom_components.multisplit_zone_controller.aux_heat_dispatch] Aux heat for zone living_room_zone -> OFF (entity switch.fake_head_living_heater)
2026-05-04 10:52:13.325 DEBUG (MainThread) [custom_components.multisplit_zone_controller.coordinator] Finished fetching multisplit_zone_controller[unit_1] data in 0.029 seconds (success: True)
2026-05-04 10:52:43.297 DEBUG (MainThread) [custom_components.multisplit_zone_controller.units] Unknown temperature unit '%'; treating value 45.0 as Celsius
2026-05-04 10:52:43.298 DEBUG (MainThread) [custom_components.multisplit_zone_controller.units] Unknown temperature unit '%'; treating value 45.0 as Celsius
2026-05-04 10:52:43.308 DEBUG (MainThread) [custom_components.multisplit_zone_controller.dispatch] Dispatched hvac_mode=off to climate.fake_head_living (zone living_room_zone, re-asserted)
2026-05-04 10:52:43.309 DEBUG (MainThread) [custom_components.multisplit_zone_controller.dispatch] Dispatched hvac_mode=off to climate.fake_head_bedroom (zone bed_zone, re-asserted)
2026-05-04 10:52:43.310 INFO (MainThread) [homeassistant.helpers.script.fake_living_aux_heater_turn_off] Fake Living Aux Heater turn_off: Running template script
2026-05-04 10:52:43.311 INFO (MainThread) [homeassistant.helpers.script.fake_living_aux_heater_turn_off] Fake Living Aux Heater turn_off: Executing step call service
2026-05-04 10:52:43.312 DEBUG (MainThread) [custom_components.multisplit_zone_controller.aux_heat_dispatch] Aux heat for zone living_room_zone -> OFF (entity switch.fake_head_living_heater)
2026-05-04 10:52:43.312 DEBUG (MainThread) [custom_components.multisplit_zone_controller.coordinator] Finished fetching multisplit_zone_controller[unit_1] data in 0.015 seconds (success: True)
2026-05-04 10:53:13.301 DEBUG (MainThread) [custom_components.multisplit_zone_controller.units] Unknown temperature unit '%'; treating value 45.0 as Celsius
2026-05-04 10:53:13.303 DEBUG (MainThread) [custom_components.multisplit_zone_controller.units] Unknown temperature unit '%'; treating value 45.0 as Celsius
2026-05-04 10:53:13.317 DEBUG (MainThread) [custom_components.multisplit_zone_controller.dispatch] Dispatched hvac_mode=off to climate.fake_head_living (zone living_room_zone, re-asserted)
2026-05-04 10:53:13.318 DEBUG (MainThread) [custom_components.multisplit_zone_controller.dispatch] Dispatched hvac_mode=off to climate.fake_head_bedroom (zone bed_zone, re-asserted)
2026-05-04 10:53:13.325 INFO (MainThread) [homeassistant.helpers.script.fake_living_aux_heater_turn_off] Fake Living Aux Heater turn_off: Running template script
2026-05-04 10:53:13.325 INFO (MainThread) [homeassistant.helpers.script.fake_living_aux_heater_turn_off] Fake Living Aux Heater turn_off: Executing step call service
2026-05-04 10:53:13.327 DEBUG (MainThread) [custom_components.multisplit_zone_controller.aux_heat_dispatch] Aux heat for zone living_room_zone -> OFF (entity switch.fake_head_living_heater)
2026-05-04 10:53:13.327 DEBUG (MainThread) [custom_components.multisplit_zone_controller.coordinator] Finished fetching multisplit_zone_controller[unit_1] data in 0.027 seconds (success: True)
2026-05-04 10:53:43.297 DEBUG (MainThread) [custom_components.multisplit_zone_controller.units] Unknown temperature unit '%'; treating value 45.0 as Celsius
2026-05-04 10:53:43.299 DEBUG (MainThread) [custom_components.multisplit_zone_controller.units] Unknown temperature unit '%'; treating value 45.0 as Celsius
2026-05-04 10:53:43.304 DEBUG (MainThread) [custom_components.multisplit_zone_controller.dispatch] Dispatched hvac_mode=off to climate.fake_head_living (zone living_room_zone, re-asserted)
2026-05-04 10:53:43.311 DEBUG (MainThread) [custom_components.multisplit_zone_controller.dispatch] Dispatched hvac_mode=off to climate.fake_head_bedroom (zone bed_zone, re-asserted)
2026-05-04 10:53:43.312 INFO (MainThread) [homeassistant.helpers.script.fake_living_aux_heater_turn_off] Fake Living Aux Heater turn_off: Running template script
2026-05-04 10:53:43.313 INFO (MainThread) [homeassistant.helpers.script.fake_living_aux_heater_turn_off] Fake Living Aux Heater turn_off: Executing step call service
2026-05-04 10:53:43.314 DEBUG (MainThread) [custom_components.multisplit_zone_controller.aux_heat_dispatch] Aux heat for zone living_room_zone -> OFF (entity switch.fake_head_living_heater)
2026-05-04 10:53:43.314 DEBUG (MainThread) [custom_components.multisplit_zone_controller.coordinator] Finished fetching multisplit_zone_controller[unit_1] data in 0.017 seconds (success: True)
2026-05-04 10:54:13.302 DEBUG (MainThread) [custom_components.multisplit_zone_controller.units] Unknown temperature unit '%'; treating value 45.0 as Celsius
2026-05-04 10:54:13.304 DEBUG (MainThread) [custom_components.multisplit_zone_controller.units] Unknown temperature unit '%'; treating value 45.0 as Celsius
2026-05-04 10:54:13.326 DEBUG (MainThread) [custom_components.multisplit_zone_controller.dispatch] Dispatched hvac_mode=off to climate.fake_head_living (zone living_room_zone, re-asserted)
2026-05-04 10:54:13.328 DEBUG (MainThread) [custom_components.multisplit_zone_controller.dispatch] Dispatched hvac_mode=off to climate.fake_head_bedroom (zone bed_zone, re-asserted)
2026-05-04 10:54:13.330 INFO (MainThread) [homeassistant.helpers.script.fake_living_aux_heater_turn_off] Fake Living Aux Heater turn_off: Running template script
2026-05-04 10:54:13.330 INFO (MainThread) [homeassistant.helpers.script.fake_living_aux_heater_turn_off] Fake Living Aux Heater turn_off: Executing step call service
2026-05-04 10:54:13.331 DEBUG (MainThread) [custom_components.multisplit_zone_controller.aux_heat_dispatch] Aux heat for zone living_room_zone -> OFF (entity switch.fake_head_living_heater)
2026-05-04 10:54:13.331 DEBUG (MainThread) [custom_components.multisplit_zone_controller.coordinator] Finished fetching multisplit_zone_controller[unit_1] data in 0.031 seconds (success: True)
2026-05-04 10:54:43.298 DEBUG (MainThread) [custom_components.multisplit_zone_controller.units] Unknown temperature unit '%'; treating value 45.0 as Celsius
2026-05-04 10:54:43.301 DEBUG (MainThread) [custom_components.multisplit_zone_controller.units] Unknown temperature unit '%'; treating value 45.0 as Celsius
2026-05-04 10:54:43.315 DEBUG (MainThread) [custom_components.multisplit_zone_controller.dispatch] Dispatched hvac_mode=off to climate.fake_head_living (zone living_room_zone, re-asserted)
2026-05-04 10:54:43.317 DEBUG (MainThread) [custom_components.multisplit_zone_controller.dispatch] Dispatched hvac_mode=off to climate.fake_head_bedroom (zone bed_zone, re-asserted)
2026-05-04 10:54:43.326 INFO (MainThread) [homeassistant.helpers.script.fake_living_aux_heater_turn_off] Fake Living Aux Heater turn_off: Running template script
2026-05-04 10:54:43.327 INFO (MainThread) [homeassistant.helpers.script.fake_living_aux_heater_turn_off] Fake Living Aux Heater turn_off: Executing step call service
2026-05-04 10:54:43.328 DEBUG (MainThread) [custom_components.multisplit_zone_controller.aux_heat_dispatch] Aux heat for zone living_room_zone -> OFF (entity switch.fake_head_living_heater)
2026-05-04 10:54:43.328 DEBUG (MainThread) [custom_components.multisplit_zone_controller.coordinator] Finished fetching multisplit_zone_controller[unit_1] data in 0.031 seconds (success: True)
2026-05-04 10:55:13.300 DEBUG (MainThread) [custom_components.multisplit_zone_controller.units] Unknown temperature unit '%'; treating value 45.0 as Celsius
2026-05-04 10:55:13.301 DEBUG (MainThread) [custom_components.multisplit_zone_controller.units] Unknown temperature unit '%'; treating value 45.0 as Celsius
2026-05-04 10:55:13.306 DEBUG (MainThread) [custom_components.multisplit_zone_controller.dispatch] Dispatched hvac_mode=off to climate.fake_head_living (zone living_room_zone, re-asserted)
2026-05-04 10:55:13.310 DEBUG (MainThread) [custom_components.multisplit_zone_controller.dispatch] Dispatched hvac_mode=off to climate.fake_head_bedroom (zone bed_zone, re-asserted)
2026-05-04 10:55:13.311 INFO (MainThread) [homeassistant.helpers.script.fake_living_aux_heater_turn_off] Fake Living Aux Heater turn_off: Running template script
2026-05-04 10:55:13.312 INFO (MainThread) [homeassistant.helpers.script.fake_living_aux_heater_turn_off] Fake Living Aux Heater turn_off: Executing step call service
2026-05-04 10:55:13.312 DEBUG (MainThread) [custom_components.multisplit_zone_controller.aux_heat_dispatch] Aux heat for zone living_room_zone -> OFF (entity switch.fake_head_living_heater)
2026-05-04 10:55:13.312 DEBUG (MainThread) [custom_components.multisplit_zone_controller.coordinator] Finished fetching multisplit_zone_controller[unit_1] data in 0.014 seconds (success: True)
2026-05-04 10:55:43.299 DEBUG (MainThread) [custom_components.multisplit_zone_controller.units] Unknown temperature unit '%'; treating value 45.0 as Celsius
2026-05-04 10:55:43.302 DEBUG (MainThread) [custom_components.multisplit_zone_controller.units] Unknown temperature unit '%'; treating value 45.0 as Celsius
2026-05-04 10:55:43.319 DEBUG (MainThread) [custom_components.multisplit_zone_controller.dispatch] Dispatched hvac_mode=off to climate.fake_head_living (zone living_room_zone, re-asserted)
2026-05-04 10:55:43.326 DEBUG (MainThread) [custom_components.multisplit_zone_controller.dispatch] Dispatched hvac_mode=off to climate.fake_head_bedroom (zone bed_zone, re-asserted)
2026-05-04 10:55:43.328 INFO (MainThread) [homeassistant.helpers.script.fake_living_aux_heater_turn_off] Fake Living Aux Heater turn_off: Running template script
2026-05-04 10:55:43.329 INFO (MainThread) [homeassistant.helpers.script.fake_living_aux_heater_turn_off] Fake Living Aux Heater turn_off: Executing step call service
2026-05-04 10:55:43.330 DEBUG (MainThread) [custom_components.multisplit_zone_controller.aux_heat_dispatch] Aux heat for zone living_room_zone -> OFF (entity switch.fake_head_living_heater)
2026-05-04 10:55:43.330 DEBUG (MainThread) [custom_components.multisplit_zone_controller.coordinator] Finished fetching multisplit_zone_controller[unit_1] data in 0.032 seconds (success: True)
2026-05-04 10:56:13.299 DEBUG (MainThread) [custom_components.multisplit_zone_controller.units] Unknown temperature unit '%'; treating value 45.0 as Celsius
2026-05-04 10:56:13.306 DEBUG (MainThread) [custom_components.multisplit_zone_controller.units] Unknown temperature unit '%'; treating value 45.0 as Celsius
2026-05-04 10:56:13.326 DEBUG (MainThread) [custom_components.multisplit_zone_controller.dispatch] Dispatched hvac_mode=off to climate.fake_head_living (zone living_room_zone, re-asserted)
2026-05-04 10:56:13.328 DEBUG (MainThread) [custom_components.multisplit_zone_controller.dispatch] Dispatched hvac_mode=off to climate.fake_head_bedroom (zone bed_zone, re-asserted)
2026-05-04 10:56:13.335 INFO (MainThread) [homeassistant.helpers.script.fake_living_aux_heater_turn_off] Fake Living Aux Heater turn_off: Running template script
2026-05-04 10:56:13.336 INFO (MainThread) [homeassistant.helpers.script.fake_living_aux_heater_turn_off] Fake Living Aux Heater turn_off: Executing step call service
2026-05-04 10:56:13.338 DEBUG (MainThread) [custom_components.multisplit_zone_controller.aux_heat_dispatch] Aux heat for zone living_room_zone -> OFF (entity switch.fake_head_living_heater)
2026-05-04 10:56:13.338 DEBUG (MainThread) [custom_components.multisplit_zone_controller.coordinator] Finished fetching multisplit_zone_controller[unit_1] data in 0.041 seconds (success: True)
2026-05-04 10:56:43.299 DEBUG (MainThread) [custom_components.multisplit_zone_controller.units] Unknown temperature unit '%'; treating value 45.0 as Celsius
2026-05-04 10:56:43.302 DEBUG (MainThread) [custom_components.multisplit_zone_controller.units] Unknown temperature unit '%'; treating value 45.0 as Celsius
2026-05-04 10:56:43.316 DEBUG (MainThread) [custom_components.multisplit_zone_controller.dispatch] Dispatched hvac_mode=off to climate.fake_head_living (zone living_room_zone, re-asserted)
2026-05-04 10:56:43.317 DEBUG (MainThread) [custom_components.multisplit_zone_controller.dispatch] Dispatched hvac_mode=off to climate.fake_head_bedroom (zone bed_zone, re-asserted)
2026-05-04 10:56:43.326 INFO (MainThread) [homeassistant.helpers.script.fake_living_aux_heater_turn_off] Fake Living Aux Heater turn_off: Running template script
2026-05-04 10:56:43.327 INFO (MainThread) [homeassistant.helpers.script.fake_living_aux_heater_turn_off] Fake Living Aux Heater turn_off: Executing step call service
2026-05-04 10:56:43.328 DEBUG (MainThread) [custom_components.multisplit_zone_controller.aux_heat_dispatch] Aux heat for zone living_room_zone -> OFF (entity switch.fake_head_living_heater)
2026-05-04 10:56:43.328 DEBUG (MainThread) [custom_components.multisplit_zone_controller.coordinator] Finished fetching multisplit_zone_controller[unit_1] data in 0.030 seconds (success: True)
2026-05-04 10:57:13.297 DEBUG (MainThread) [custom_components.multisplit_zone_controller.units] Unknown temperature unit '%'; treating value 45.0 as Celsius
2026-05-04 10:57:13.300 DEBUG (MainThread) [custom_components.multisplit_zone_controller.units] Unknown temperature unit '%'; treating value 45.0 as Celsius
2026-05-04 10:57:13.313 DEBUG (MainThread) [custom_components.multisplit_zone_controller.dispatch] Dispatched hvac_mode=off to climate.fake_head_living (zone living_room_zone, re-asserted)
2026-05-04 10:57:13.314 DEBUG (MainThread) [custom_components.multisplit_zone_controller.dispatch] Dispatched hvac_mode=off to climate.fake_head_bedroom (zone bed_zone, re-asserted)
2026-05-04 10:57:13.322 INFO (MainThread) [homeassistant.helpers.script.fake_living_aux_heater_turn_off] Fake Living Aux Heater turn_off: Running template script
2026-05-04 10:57:13.322 INFO (MainThread) [homeassistant.helpers.script.fake_living_aux_heater_turn_off] Fake Living Aux Heater turn_off: Executing step call service
2026-05-04 10:57:13.323 DEBUG (MainThread) [custom_components.multisplit_zone_controller.aux_heat_dispatch] Aux heat for zone living_room_zone -> OFF (entity switch.fake_head_living_heater)
2026-05-04 10:57:13.324 DEBUG (MainThread) [custom_components.multisplit_zone_controller.coordinator] Finished fetching multisplit_zone_controller[unit_1] data in 0.027 seconds (success: True)
2026-05-04 10:57:43.299 DEBUG (MainThread) [custom_components.multisplit_zone_controller.units] Unknown temperature unit '%'; treating value 45.0 as Celsius
2026-05-04 10:57:43.300 DEBUG (MainThread) [custom_components.multisplit_zone_controller.units] Unknown temperature unit '%'; treating value 45.0 as Celsius
2026-05-04 10:57:43.311 DEBUG (MainThread) [custom_components.multisplit_zone_controller.dispatch] Dispatched hvac_mode=off to climate.fake_head_living (zone living_room_zone, re-asserted)
2026-05-04 10:57:43.313 DEBUG (MainThread) [custom_components.multisplit_zone_controller.dispatch] Dispatched hvac_mode=off to climate.fake_head_bedroom (zone bed_zone, re-asserted)
2026-05-04 10:57:43.314 INFO (MainThread) [homeassistant.helpers.script.fake_living_aux_heater_turn_off] Fake Living Aux Heater turn_off: Running template script
2026-05-04 10:57:43.314 INFO (MainThread) [homeassistant.helpers.script.fake_living_aux_heater_turn_off] Fake Living Aux Heater turn_off: Executing step call service
2026-05-04 10:57:43.315 DEBUG (MainThread) [custom_components.multisplit_zone_controller.aux_heat_dispatch] Aux heat for zone living_room_zone -> OFF (entity switch.fake_head_living_heater)
2026-05-04 10:57:43.315 DEBUG (MainThread) [custom_components.multisplit_zone_controller.coordinator] Finished fetching multisplit_zone_controller[unit_1] data in 0.017 seconds (success: True)
2026-05-04 10:58:13.298 DEBUG (MainThread) [custom_components.multisplit_zone_controller.units] Unknown temperature unit '%'; treating value 45.0 as Celsius
2026-05-04 10:58:13.300 DEBUG (MainThread) [custom_components.multisplit_zone_controller.units] Unknown temperature unit '%'; treating value 45.0 as Celsius
2026-05-04 10:58:13.317 DEBUG (MainThread) [custom_components.multisplit_zone_controller.dispatch] Dispatched hvac_mode=off to climate.fake_head_living (zone living_room_zone, re-asserted)
2026-05-04 10:58:13.319 DEBUG (MainThread) [custom_components.multisplit_zone_controller.dispatch] Dispatched hvac_mode=off to climate.fake_head_bedroom (zone bed_zone, re-asserted)
2026-05-04 10:58:13.322 INFO (MainThread) [homeassistant.helpers.script.fake_living_aux_heater_turn_off] Fake Living Aux Heater turn_off: Running template script
2026-05-04 10:58:13.323 INFO (MainThread) [homeassistant.helpers.script.fake_living_aux_heater_turn_off] Fake Living Aux Heater turn_off: Executing step call service
2026-05-04 10:58:13.324 DEBUG (MainThread) [custom_components.multisplit_zone_controller.aux_heat_dispatch] Aux heat for zone living_room_zone -> OFF (entity switch.fake_head_living_heater)
2026-05-04 10:58:13.325 DEBUG (MainThread) [custom_components.multisplit_zone_controller.coordinator] Finished fetching multisplit_zone_controller[unit_1] data in 0.028 seconds (success: True)
2026-05-04 10:58:43.300 DEBUG (MainThread) [custom_components.multisplit_zone_controller.units] Unknown temperature unit '%'; treating value 45.0 as Celsius
2026-05-04 10:58:43.302 DEBUG (MainThread) [custom_components.multisplit_zone_controller.units] Unknown temperature unit '%'; treating value 45.0 as Celsius
2026-05-04 10:58:43.314 DEBUG (MainThread) [custom_components.multisplit_zone_controller.dispatch] Dispatched hvac_mode=off to climate.fake_head_living (zone living_room_zone, re-asserted)
2026-05-04 10:58:43.315 DEBUG (MainThread) [custom_components.multisplit_zone_controller.dispatch] Dispatched hvac_mode=off to climate.fake_head_bedroom (zone bed_zone, re-asserted)
2026-05-04 10:58:43.316 INFO (MainThread) [homeassistant.helpers.script.fake_living_aux_heater_turn_off] Fake Living Aux Heater turn_off: Running template script
2026-05-04 10:58:43.321 INFO (MainThread) [homeassistant.helpers.script.fake_living_aux_heater_turn_off] Fake Living Aux Heater turn_off: Executing step call service
2026-05-04 10:58:43.322 DEBUG (MainThread) [custom_components.multisplit_zone_controller.aux_heat_dispatch] Aux heat for zone living_room_zone -> OFF (entity switch.fake_head_living_heater)
2026-05-04 10:58:43.322 DEBUG (MainThread) [custom_components.multisplit_zone_controller.coordinator] Finished fetching multisplit_zone_controller[unit_1] data in 0.023 seconds (success: True)
2026-05-04 10:59:13.304 DEBUG (MainThread) [custom_components.multisplit_zone_controller.units] Unknown temperature unit '%'; treating value 45.0 as Celsius
2026-05-04 10:59:13.307 DEBUG (MainThread) [custom_components.multisplit_zone_controller.units] Unknown temperature unit '%'; treating value 45.0 as Celsius
2026-05-04 10:59:13.325 DEBUG (MainThread) [custom_components.multisplit_zone_controller.dispatch] Dispatched hvac_mode=off to climate.fake_head_living (zone living_room_zone, re-asserted)
2026-05-04 10:59:13.326 DEBUG (MainThread) [custom_components.multisplit_zone_controller.dispatch] Dispatched hvac_mode=off to climate.fake_head_bedroom (zone bed_zone, re-asserted)
2026-05-04 10:59:13.328 INFO (MainThread) [homeassistant.helpers.script.fake_living_aux_heater_turn_off] Fake Living Aux Heater turn_off: Running template script
2026-05-04 10:59:13.328 INFO (MainThread) [homeassistant.helpers.script.fake_living_aux_heater_turn_off] Fake Living Aux Heater turn_off: Executing step call service
2026-05-04 10:59:13.338 DEBUG (MainThread) [custom_components.multisplit_zone_controller.aux_heat_dispatch] Aux heat for zone living_room_zone -> OFF (entity switch.fake_head_living_heater)
2026-05-04 10:59:13.338 DEBUG (MainThread) [custom_components.multisplit_zone_controller.coordinator] Finished fetching multisplit_zone_controller[unit_1] data in 0.035 seconds (success: True)
2026-05-04 10:59:43.301 DEBUG (MainThread) [custom_components.multisplit_zone_controller.units] Unknown temperature unit '%'; treating value 45.0 as Celsius
2026-05-04 10:59:43.303 DEBUG (MainThread) [custom_components.multisplit_zone_controller.units] Unknown temperature unit '%'; treating value 45.0 as Celsius
2026-05-04 10:59:43.319 DEBUG (MainThread) [custom_components.multisplit_zone_controller.dispatch] Dispatched hvac_mode=off to climate.fake_head_living (zone living_room_zone, re-asserted)
2026-05-04 10:59:43.321 DEBUG (MainThread) [custom_components.multisplit_zone_controller.dispatch] Dispatched hvac_mode=off to climate.fake_head_bedroom (zone bed_zone, re-asserted)
2026-05-04 10:59:43.322 INFO (MainThread) [homeassistant.helpers.script.fake_living_aux_heater_turn_off] Fake Living Aux Heater turn_off: Running template script
2026-05-04 10:59:43.323 INFO (MainThread) [homeassistant.helpers.script.fake_living_aux_heater_turn_off] Fake Living Aux Heater turn_off: Executing step call service
2026-05-04 10:59:43.324 DEBUG (MainThread) [custom_components.multisplit_zone_controller.aux_heat_dispatch] Aux heat for zone living_room_zone -> OFF (entity switch.fake_head_living_heater)
2026-05-04 10:59:43.324 DEBUG (MainThread) [custom_components.multisplit_zone_controller.coordinator] Finished fetching multisplit_zone_controller[unit_1] data in 0.025 seconds (success: True)
2026-05-04 11:00:13.303 DEBUG (MainThread) [custom_components.multisplit_zone_controller.units] Unknown temperature unit '%'; treating value 45.0 as Celsius
2026-05-04 11:00:13.304 DEBUG (MainThread) [custom_components.multisplit_zone_controller.units] Unknown temperature unit '%'; treating value 45.0 as Celsius
2026-05-04 11:00:13.312 DEBUG (MainThread) [custom_components.multisplit_zone_controller.dispatch] Dispatched hvac_mode=off to climate.fake_head_living (zone living_room_zone, re-asserted)
2026-05-04 11:00:13.313 DEBUG (MainThread) [custom_components.multisplit_zone_controller.dispatch] Dispatched hvac_mode=off to climate.fake_head_bedroom (zone bed_zone, re-asserted)
2026-05-04 11:00:13.314 INFO (MainThread) [homeassistant.helpers.script.fake_living_aux_heater_turn_off] Fake Living Aux Heater turn_off: Running template script
2026-05-04 11:00:13.314 INFO (MainThread) [homeassistant.helpers.script.fake_living_aux_heater_turn_off] Fake Living Aux Heater turn_off: Executing step call service
2026-05-04 11:00:13.315 DEBUG (MainThread) [custom_components.multisplit_zone_controller.aux_heat_dispatch] Aux heat for zone living_room_zone -> OFF (entity switch.fake_head_living_heater)
2026-05-04 11:00:13.315 DEBUG (MainThread) [custom_components.multisplit_zone_controller.coordinator] Finished fetching multisplit_zone_controller[unit_1] data in 0.013 seconds (success: True)
2026-05-04 11:00:43.301 DEBUG (MainThread) [custom_components.multisplit_zone_controller.units] Unknown temperature unit '%'; treating value 45.0 as Celsius
2026-05-04 11:00:43.303 DEBUG (MainThread) [custom_components.multisplit_zone_controller.units] Unknown temperature unit '%'; treating value 45.0 as Celsius
2026-05-04 11:00:43.314 DEBUG (MainThread) [custom_components.multisplit_zone_controller.dispatch] Dispatched hvac_mode=off to climate.fake_head_living (zone living_room_zone, re-asserted)
2026-05-04 11:00:43.321 DEBUG (MainThread) [custom_components.multisplit_zone_controller.dispatch] Dispatched hvac_mode=off to climate.fake_head_bedroom (zone bed_zone, re-asserted)
2026-05-04 11:00:43.323 INFO (MainThread) [homeassistant.helpers.script.fake_living_aux_heater_turn_off] Fake Living Aux Heater turn_off: Running template script
2026-05-04 11:00:43.323 INFO (MainThread) [homeassistant.helpers.script.fake_living_aux_heater_turn_off] Fake Living Aux Heater turn_off: Executing step call service
2026-05-04 11:00:43.325 DEBUG (MainThread) [custom_components.multisplit_zone_controller.aux_heat_dispatch] Aux heat for zone living_room_zone -> OFF (entity switch.fake_head_living_heater)
2026-05-04 11:00:43.325 DEBUG (MainThread) [custom_components.multisplit_zone_controller.coordinator] Finished fetching multisplit_zone_controller[unit_1] data in 0.025 seconds (success: True)
2026-05-04 11:01:13.300 DEBUG (MainThread) [custom_components.multisplit_zone_controller.units] Unknown temperature unit '%'; treating value 45.0 as Celsius
2026-05-04 11:01:13.302 DEBUG (MainThread) [custom_components.multisplit_zone_controller.units] Unknown temperature unit '%'; treating value 45.0 as Celsius
2026-05-04 11:01:13.317 DEBUG (MainThread) [custom_components.multisplit_zone_controller.dispatch] Dispatched hvac_mode=off to climate.fake_head_living (zone living_room_zone, re-asserted)
2026-05-04 11:01:13.324 DEBUG (MainThread) [custom_components.multisplit_zone_controller.dispatch] Dispatched hvac_mode=off to climate.fake_head_bedroom (zone bed_zone, re-asserted)
2026-05-04 11:01:13.325 INFO (MainThread) [homeassistant.helpers.script.fake_living_aux_heater_turn_off] Fake Living Aux Heater turn_off: Running template script
2026-05-04 11:01:13.326 INFO (MainThread) [homeassistant.helpers.script.fake_living_aux_heater_turn_off] Fake Living Aux Heater turn_off: Executing step call service
2026-05-04 11:01:13.327 DEBUG (MainThread) [custom_components.multisplit_zone_controller.aux_heat_dispatch] Aux heat for zone living_room_zone -> OFF (entity switch.fake_head_living_heater)
2026-05-04 11:01:13.327 DEBUG (MainThread) [custom_components.multisplit_zone_controller.coordinator] Finished fetching multisplit_zone_controller[unit_1] data in 0.029 seconds (success: True)
2026-05-04 11:01:43.298 DEBUG (MainThread) [custom_components.multisplit_zone_controller.units] Unknown temperature unit '%'; treating value 45.0 as Celsius
2026-05-04 11:01:43.300 DEBUG (MainThread) [custom_components.multisplit_zone_controller.units] Unknown temperature unit '%'; treating value 45.0 as Celsius
2026-05-04 11:01:43.324 DEBUG (MainThread) [custom_components.multisplit_zone_controller.dispatch] Dispatched hvac_mode=off to climate.fake_head_living (zone living_room_zone, re-asserted)
2026-05-04 11:01:43.325 DEBUG (MainThread) [custom_components.multisplit_zone_controller.dispatch] Dispatched hvac_mode=off to climate.fake_head_bedroom (zone bed_zone, re-asserted)
2026-05-04 11:01:43.325 INFO (MainThread) [homeassistant.helpers.script.fake_living_aux_heater_turn_off] Fake Living Aux Heater turn_off: Running template script
2026-05-04 11:01:43.326 INFO (MainThread) [homeassistant.helpers.script.fake_living_aux_heater_turn_off] Fake Living Aux Heater turn_off: Executing step call service
2026-05-04 11:01:43.330 DEBUG (MainThread) [custom_components.multisplit_zone_controller.aux_heat_dispatch] Aux heat for zone living_room_zone -> OFF (entity switch.fake_head_living_heater)
2026-05-04 11:01:43.331 DEBUG (MainThread) [custom_components.multisplit_zone_controller.coordinator] Finished fetching multisplit_zone_controller[unit_1] data in 0.034 seconds (success: True)
2026-05-04 11:02:13.298 DEBUG (MainThread) [custom_components.multisplit_zone_controller.units] Unknown temperature unit '%'; treating value 45.0 as Celsius
2026-05-04 11:02:13.300 DEBUG (MainThread) [custom_components.multisplit_zone_controller.units] Unknown temperature unit '%'; treating value 45.0 as Celsius
2026-05-04 11:02:13.313 DEBUG (MainThread) [custom_components.multisplit_zone_controller.dispatch] Dispatched hvac_mode=off to climate.fake_head_living (zone living_room_zone, re-asserted)
2026-05-04 11:02:13.315 DEBUG (MainThread) [custom_components.multisplit_zone_controller.dispatch] Dispatched hvac_mode=off to climate.fake_head_bedroom (zone bed_zone, re-asserted)
2026-05-04 11:02:13.321 INFO (MainThread) [homeassistant.helpers.script.fake_living_aux_heater_turn_off] Fake Living Aux Heater turn_off: Running template script
2026-05-04 11:02:13.322 INFO (MainThread) [homeassistant.helpers.script.fake_living_aux_heater_turn_off] Fake Living Aux Heater turn_off: Executing step call service
2026-05-04 11:02:13.323 DEBUG (MainThread) [custom_components.multisplit_zone_controller.aux_heat_dispatch] Aux heat for zone living_room_zone -> OFF (entity switch.fake_head_living_heater)
2026-05-04 11:02:13.323 DEBUG (MainThread) [custom_components.multisplit_zone_controller.coordinator] Finished fetching multisplit_zone_controller[unit_1] data in 0.026 seconds (success: True)
2026-05-04 11:02:43.297 DEBUG (MainThread) [custom_components.multisplit_zone_controller.units] Unknown temperature unit '%'; treating value 45.0 as Celsius
2026-05-04 11:02:43.300 DEBUG (MainThread) [custom_components.multisplit_zone_controller.units] Unknown temperature unit '%'; treating value 45.0 as Celsius
2026-05-04 11:02:43.311 DEBUG (MainThread) [custom_components.multisplit_zone_controller.dispatch] Dispatched hvac_mode=off to climate.fake_head_living (zone living_room_zone, re-asserted)
2026-05-04 11:02:43.319 DEBUG (MainThread) [custom_components.multisplit_zone_controller.dispatch] Dispatched hvac_mode=off to climate.fake_head_bedroom (zone bed_zone, re-asserted)
2026-05-04 11:02:43.320 INFO (MainThread) [homeassistant.helpers.script.fake_living_aux_heater_turn_off] Fake Living Aux Heater turn_off: Running template script
2026-05-04 11:02:43.321 INFO (MainThread) [homeassistant.helpers.script.fake_living_aux_heater_turn_off] Fake Living Aux Heater turn_off: Executing step call service
2026-05-04 11:02:43.322 DEBUG (MainThread) [custom_components.multisplit_zone_controller.aux_heat_dispatch] Aux heat for zone living_room_zone -> OFF (entity switch.fake_head_living_heater)
2026-05-04 11:02:43.322 DEBUG (MainThread) [custom_components.multisplit_zone_controller.coordinator] Finished fetching multisplit_zone_controller[unit_1] data in 0.026 seconds (success: True)
2026-05-04 11:03:13.301 DEBUG (MainThread) [custom_components.multisplit_zone_controller.units] Unknown temperature unit '%'; treating value 45.0 as Celsius
2026-05-04 11:03:13.303 DEBUG (MainThread) [custom_components.multisplit_zone_controller.units] Unknown temperature unit '%'; treating value 45.0 as Celsius
2026-05-04 11:03:13.330 DEBUG (MainThread) [custom_components.multisplit_zone_controller.dispatch] Dispatched hvac_mode=off to climate.fake_head_living (zone living_room_zone, re-asserted)
2026-05-04 11:03:13.331 DEBUG (MainThread) [custom_components.multisplit_zone_controller.dispatch] Dispatched hvac_mode=off to climate.fake_head_bedroom (zone bed_zone, re-asserted)
2026-05-04 11:03:13.332 INFO (MainThread) [homeassistant.helpers.script.fake_living_aux_heater_turn_off] Fake Living Aux Heater turn_off: Running template script
2026-05-04 11:03:13.333 INFO (MainThread) [homeassistant.helpers.script.fake_living_aux_heater_turn_off] Fake Living Aux Heater turn_off: Executing step call service
2026-05-04 11:03:13.334 DEBUG (MainThread) [custom_components.multisplit_zone_controller.aux_heat_dispatch] Aux heat for zone living_room_zone -> OFF (entity switch.fake_head_living_heater)
2026-05-04 11:03:13.334 DEBUG (MainThread) [custom_components.multisplit_zone_controller.coordinator] Finished fetching multisplit_zone_controller[unit_1] data in 0.034 seconds (success: True)
2026-05-04 11:03:43.301 DEBUG (MainThread) [custom_components.multisplit_zone_controller.units] Unknown temperature unit '%'; treating value 45.0 as Celsius
2026-05-04 11:03:43.303 DEBUG (MainThread) [custom_components.multisplit_zone_controller.units] Unknown temperature unit '%'; treating value 45.0 as Celsius
2026-05-04 11:03:43.320 DEBUG (MainThread) [custom_components.multisplit_zone_controller.dispatch] Dispatched hvac_mode=off to climate.fake_head_living (zone living_room_zone, re-asserted)
2026-05-04 11:03:43.321 DEBUG (MainThread) [custom_components.multisplit_zone_controller.dispatch] Dispatched hvac_mode=off to climate.fake_head_bedroom (zone bed_zone, re-asserted)
2026-05-04 11:03:43.322 INFO (MainThread) [homeassistant.helpers.script.fake_living_aux_heater_turn_off] Fake Living Aux Heater turn_off: Running template script
2026-05-04 11:03:43.323 INFO (MainThread) [homeassistant.helpers.script.fake_living_aux_heater_turn_off] Fake Living Aux Heater turn_off: Executing step call service
2026-05-04 11:03:43.324 DEBUG (MainThread) [custom_components.multisplit_zone_controller.aux_heat_dispatch] Aux heat for zone living_room_zone -> OFF (entity switch.fake_head_living_heater)
2026-05-04 11:03:43.324 DEBUG (MainThread) [custom_components.multisplit_zone_controller.coordinator] Finished fetching multisplit_zone_controller[unit_1] data in 0.025 seconds (success: True)
2026-05-04 11:04:13.300 DEBUG (MainThread) [custom_components.multisplit_zone_controller.units] Unknown temperature unit '%'; treating value 45.0 as Celsius
2026-05-04 11:04:13.302 DEBUG (MainThread) [custom_components.multisplit_zone_controller.units] Unknown temperature unit '%'; treating value 45.0 as Celsius
2026-05-04 11:04:13.314 DEBUG (MainThread) [custom_components.multisplit_zone_controller.dispatch] Dispatched hvac_mode=off to climate.fake_head_living (zone living_room_zone, re-asserted)
2026-05-04 11:04:13.315 DEBUG (MainThread) [custom_components.multisplit_zone_controller.dispatch] Dispatched hvac_mode=off to climate.fake_head_bedroom (zone bed_zone, re-asserted)
2026-05-04 11:04:13.317 INFO (MainThread) [homeassistant.helpers.script.fake_living_aux_heater_turn_off] Fake Living Aux Heater turn_off: Running template script
2026-05-04 11:04:13.322 INFO (MainThread) [homeassistant.helpers.script.fake_living_aux_heater_turn_off] Fake Living Aux Heater turn_off: Executing step call service
2026-05-04 11:04:13.323 DEBUG (MainThread) [custom_components.multisplit_zone_controller.aux_heat_dispatch] Aux heat for zone living_room_zone -> OFF (entity switch.fake_head_living_heater)
2026-05-04 11:04:13.323 DEBUG (MainThread) [custom_components.multisplit_zone_controller.coordinator] Finished fetching multisplit_zone_controller[unit_1] data in 0.025 seconds (success: True)
2026-05-04 11:04:43.300 DEBUG (MainThread) [custom_components.multisplit_zone_controller.units] Unknown temperature unit '%'; treating value 45.0 as Celsius
2026-05-04 11:04:43.302 DEBUG (MainThread) [custom_components.multisplit_zone_controller.units] Unknown temperature unit '%'; treating value 45.0 as Celsius
2026-05-04 11:04:43.325 DEBUG (MainThread) [custom_components.multisplit_zone_controller.dispatch] Dispatched hvac_mode=off to climate.fake_head_living (zone living_room_zone, re-asserted)
2026-05-04 11:04:43.326 DEBUG (MainThread) [custom_components.multisplit_zone_controller.dispatch] Dispatched hvac_mode=off to climate.fake_head_bedroom (zone bed_zone, re-asserted)
2026-05-04 11:04:43.327 INFO (MainThread) [homeassistant.helpers.script.fake_living_aux_heater_turn_off] Fake Living Aux Heater turn_off: Running template script
2026-05-04 11:04:43.327 INFO (MainThread) [homeassistant.helpers.script.fake_living_aux_heater_turn_off] Fake Living Aux Heater turn_off: Executing step call service
2026-05-04 11:04:43.334 DEBUG (MainThread) [custom_components.multisplit_zone_controller.aux_heat_dispatch] Aux heat for zone living_room_zone -> OFF (entity switch.fake_head_living_heater)
2026-05-04 11:04:43.334 DEBUG (MainThread) [custom_components.multisplit_zone_controller.coordinator] Finished fetching multisplit_zone_controller[unit_1] data in 0.037 seconds (success: True)
2026-05-04 11:05:13.299 DEBUG (MainThread) [custom_components.multisplit_zone_controller.units] Unknown temperature unit '%'; treating value 45.0 as Celsius
2026-05-04 11:05:13.300 DEBUG (MainThread) [custom_components.multisplit_zone_controller.units] Unknown temperature unit '%'; treating value 45.0 as Celsius
2026-05-04 11:05:13.307 DEBUG (MainThread) [custom_components.multisplit_zone_controller.dispatch] Dispatched hvac_mode=off to climate.fake_head_living (zone living_room_zone, re-asserted)
2026-05-04 11:05:13.308 DEBUG (MainThread) [custom_components.multisplit_zone_controller.dispatch] Dispatched hvac_mode=off to climate.fake_head_bedroom (zone bed_zone, re-asserted)
2026-05-04 11:05:13.309 INFO (MainThread) [homeassistant.helpers.script.fake_living_aux_heater_turn_off] Fake Living Aux Heater turn_off: Running template script
2026-05-04 11:05:13.309 INFO (MainThread) [homeassistant.helpers.script.fake_living_aux_heater_turn_off] Fake Living Aux Heater turn_off: Executing step call service
2026-05-04 11:05:13.310 DEBUG (MainThread) [custom_components.multisplit_zone_controller.aux_heat_dispatch] Aux heat for zone living_room_zone -> OFF (entity switch.fake_head_living_heater)
2026-05-04 11:05:13.310 DEBUG (MainThread) [custom_components.multisplit_zone_controller.coordinator] Finished fetching multisplit_zone_controller[unit_1] data in 0.012 seconds (success: True)
2026-05-04 11:05:43.299 DEBUG (MainThread) [custom_components.multisplit_zone_controller.units] Unknown temperature unit '%'; treating value 45.0 as Celsius
2026-05-04 11:05:43.302 DEBUG (MainThread) [custom_components.multisplit_zone_controller.units] Unknown temperature unit '%'; treating value 45.0 as Celsius
2026-05-04 11:05:43.322 DEBUG (MainThread) [custom_components.multisplit_zone_controller.dispatch] Dispatched hvac_mode=off to climate.fake_head_living (zone living_room_zone, re-asserted)
2026-05-04 11:05:43.324 DEBUG (MainThread) [custom_components.multisplit_zone_controller.dispatch] Dispatched hvac_mode=off to climate.fake_head_bedroom (zone bed_zone, re-asserted)
2026-05-04 11:05:43.325 INFO (MainThread) [homeassistant.helpers.script.fake_living_aux_heater_turn_off] Fake Living Aux Heater turn_off: Running template script
2026-05-04 11:05:43.326 INFO (MainThread) [homeassistant.helpers.script.fake_living_aux_heater_turn_off] Fake Living Aux Heater turn_off: Executing step call service
2026-05-04 11:05:43.331 DEBUG (MainThread) [custom_components.multisplit_zone_controller.aux_heat_dispatch] Aux heat for zone living_room_zone -> OFF (entity switch.fake_head_living_heater)
2026-05-04 11:05:43.332 DEBUG (MainThread) [custom_components.multisplit_zone_controller.coordinator] Finished fetching multisplit_zone_controller[unit_1] data in 0.035 seconds (success: True)
2026-05-04 11:06:13.300 DEBUG (MainThread) [custom_components.multisplit_zone_controller.units] Unknown temperature unit '%'; treating value 45.0 as Celsius
2026-05-04 11:06:13.303 DEBUG (MainThread) [custom_components.multisplit_zone_controller.units] Unknown temperature unit '%'; treating value 45.0 as Celsius
2026-05-04 11:06:13.321 DEBUG (MainThread) [custom_components.multisplit_zone_controller.dispatch] Dispatched hvac_mode=off to climate.fake_head_living (zone living_room_zone, re-asserted)
2026-05-04 11:06:13.322 DEBUG (MainThread) [custom_components.multisplit_zone_controller.dispatch] Dispatched hvac_mode=off to climate.fake_head_bedroom (zone bed_zone, re-asserted)
2026-05-04 11:06:13.324 INFO (MainThread) [homeassistant.helpers.script.fake_living_aux_heater_turn_off] Fake Living Aux Heater turn_off: Running template script
2026-05-04 11:06:13.325 INFO (MainThread) [homeassistant.helpers.script.fake_living_aux_heater_turn_off] Fake Living Aux Heater turn_off: Executing step call service
2026-05-04 11:06:13.331 DEBUG (MainThread) [custom_components.multisplit_zone_controller.aux_heat_dispatch] Aux heat for zone living_room_zone -> OFF (entity switch.fake_head_living_heater)
2026-05-04 11:06:13.332 DEBUG (MainThread) [custom_components.multisplit_zone_controller.coordinator] Finished fetching multisplit_zone_controller[unit_1] data in 0.034 seconds (success: True)
2026-05-04 11:06:43.303 DEBUG (MainThread) [custom_components.multisplit_zone_controller.units] Unknown temperature unit '%'; treating value 45.0 as Celsius
2026-05-04 11:06:43.307 DEBUG (MainThread) [custom_components.multisplit_zone_controller.units] Unknown temperature unit '%'; treating value 45.0 as Celsius
2026-05-04 11:06:43.326 DEBUG (MainThread) [custom_components.multisplit_zone_controller.dispatch] Dispatched hvac_mode=off to climate.fake_head_living (zone living_room_zone, re-asserted)
2026-05-04 11:06:43.328 DEBUG (MainThread) [custom_components.multisplit_zone_controller.dispatch] Dispatched hvac_mode=off to climate.fake_head_bedroom (zone bed_zone, re-asserted)
2026-05-04 11:06:43.335 INFO (MainThread) [homeassistant.helpers.script.fake_living_aux_heater_turn_off] Fake Living Aux Heater turn_off: Running template script
2026-05-04 11:06:43.336 INFO (MainThread) [homeassistant.helpers.script.fake_living_aux_heater_turn_off] Fake Living Aux Heater turn_off: Executing step call service
2026-05-04 11:06:43.337 DEBUG (MainThread) [custom_components.multisplit_zone_controller.aux_heat_dispatch] Aux heat for zone living_room_zone -> OFF (entity switch.fake_head_living_heater)
2026-05-04 11:06:43.337 DEBUG (MainThread) [custom_components.multisplit_zone_controller.coordinator] Finished fetching multisplit_zone_controller[unit_1] data in 0.035 seconds (success: True)
2026-05-04 11:07:13.298 DEBUG (MainThread) [custom_components.multisplit_zone_controller.units] Unknown temperature unit '%'; treating value 45.0 as Celsius
2026-05-04 11:07:13.300 DEBUG (MainThread) [custom_components.multisplit_zone_controller.units] Unknown temperature unit '%'; treating value 45.0 as Celsius
2026-05-04 11:07:13.318 DEBUG (MainThread) [custom_components.multisplit_zone_controller.dispatch] Dispatched hvac_mode=off to climate.fake_head_living (zone living_room_zone, re-asserted)
2026-05-04 11:07:13.319 DEBUG (MainThread) [custom_components.multisplit_zone_controller.dispatch] Dispatched hvac_mode=off to climate.fake_head_bedroom (zone bed_zone, re-asserted)
2026-05-04 11:07:13.321 INFO (MainThread) [homeassistant.helpers.script.fake_living_aux_heater_turn_off] Fake Living Aux Heater turn_off: Running template script
2026-05-04 11:07:13.321 INFO (MainThread) [homeassistant.helpers.script.fake_living_aux_heater_turn_off] Fake Living Aux Heater turn_off: Executing step call service
2026-05-04 11:07:13.323 DEBUG (MainThread) [custom_components.multisplit_zone_controller.aux_heat_dispatch] Aux heat for zone living_room_zone -> OFF (entity switch.fake_head_living_heater)
2026-05-04 11:07:13.328 DEBUG (MainThread) [custom_components.multisplit_zone_controller.coordinator] Finished fetching multisplit_zone_controller[unit_1] data in 0.026 seconds (success: True)
2026-05-04 11:07:43.297 DEBUG (MainThread) [custom_components.multisplit_zone_controller.units] Unknown temperature unit '%'; treating value 45.0 as Celsius
2026-05-04 11:07:43.299 DEBUG (MainThread) [custom_components.multisplit_zone_controller.units] Unknown temperature unit '%'; treating value 45.0 as Celsius
2026-05-04 11:07:43.312 DEBUG (MainThread) [custom_components.multisplit_zone_controller.dispatch] Dispatched hvac_mode=off to climate.fake_head_living (zone living_room_zone, re-asserted)
2026-05-04 11:07:43.313 DEBUG (MainThread) [custom_components.multisplit_zone_controller.dispatch] Dispatched hvac_mode=off to climate.fake_head_bedroom (zone bed_zone, re-asserted)
2026-05-04 11:07:43.314 INFO (MainThread) [homeassistant.helpers.script.fake_living_aux_heater_turn_off] Fake Living Aux Heater turn_off: Running template script
2026-05-04 11:07:43.315 INFO (MainThread) [homeassistant.helpers.script.fake_living_aux_heater_turn_off] Fake Living Aux Heater turn_off: Executing step call service
2026-05-04 11:07:43.316 DEBUG (MainThread) [custom_components.multisplit_zone_controller.aux_heat_dispatch] Aux heat for zone living_room_zone -> OFF (entity switch.fake_head_living_heater)
2026-05-04 11:07:43.316 DEBUG (MainThread) [custom_components.multisplit_zone_controller.coordinator] Finished fetching multisplit_zone_controller[unit_1] data in 0.020 seconds (success: True)
2026-05-04 11:08:13.301 DEBUG (MainThread) [custom_components.multisplit_zone_controller.units] Unknown temperature unit '%'; treating value 45.0 as Celsius
2026-05-04 11:08:13.303 DEBUG (MainThread) [custom_components.multisplit_zone_controller.units] Unknown temperature unit '%'; treating value 45.0 as Celsius
2026-05-04 11:08:13.314 DEBUG (MainThread) [custom_components.multisplit_zone_controller.dispatch] Dispatched hvac_mode=off to climate.fake_head_living (zone living_room_zone, re-asserted)
2026-05-04 11:08:13.321 DEBUG (MainThread) [custom_components.multisplit_zone_controller.dispatch] Dispatched hvac_mode=off to climate.fake_head_bedroom (zone bed_zone, re-asserted)
2026-05-04 11:08:13.322 INFO (MainThread) [homeassistant.helpers.script.fake_living_aux_heater_turn_off] Fake Living Aux Heater turn_off: Running template script
2026-05-04 11:08:13.323 INFO (MainThread) [homeassistant.helpers.script.fake_living_aux_heater_turn_off] Fake Living Aux Heater turn_off: Executing step call service
2026-05-04 11:08:13.324 DEBUG (MainThread) [custom_components.multisplit_zone_controller.aux_heat_dispatch] Aux heat for zone living_room_zone -> OFF (entity switch.fake_head_living_heater)
2026-05-04 11:08:13.324 DEBUG (MainThread) [custom_components.multisplit_zone_controller.coordinator] Finished fetching multisplit_zone_controller[unit_1] data in 0.026 seconds (success: True)
2026-05-04 11:08:43.301 DEBUG (MainThread) [custom_components.multisplit_zone_controller.units] Unknown temperature unit '%'; treating value 45.0 as Celsius
2026-05-04 11:08:43.304 DEBUG (MainThread) [custom_components.multisplit_zone_controller.units] Unknown temperature unit '%'; treating value 45.0 as Celsius
2026-05-04 11:08:43.319 DEBUG (MainThread) [custom_components.multisplit_zone_controller.dispatch] Dispatched hvac_mode=off to climate.fake_head_living (zone living_room_zone, re-asserted)
2026-05-04 11:08:43.320 DEBUG (MainThread) [custom_components.multisplit_zone_controller.dispatch] Dispatched hvac_mode=off to climate.fake_head_bedroom (zone bed_zone, re-asserted)
2026-05-04 11:08:43.322 INFO (MainThread) [homeassistant.helpers.script.fake_living_aux_heater_turn_off] Fake Living Aux Heater turn_off: Running template script
2026-05-04 11:08:43.322 INFO (MainThread) [homeassistant.helpers.script.fake_living_aux_heater_turn_off] Fake Living Aux Heater turn_off: Executing step call service
2026-05-04 11:08:43.324 DEBUG (MainThread) [custom_components.multisplit_zone_controller.aux_heat_dispatch] Aux heat for zone living_room_zone -> OFF (entity switch.fake_head_living_heater)
2026-05-04 11:08:43.324 DEBUG (MainThread) [custom_components.multisplit_zone_controller.coordinator] Finished fetching multisplit_zone_controller[unit_1] data in 0.024 seconds (success: True)
2026-05-04 11:09:13.301 DEBUG (MainThread) [custom_components.multisplit_zone_controller.units] Unknown temperature unit '%'; treating value 45.0 as Celsius
2026-05-04 11:09:13.303 DEBUG (MainThread) [custom_components.multisplit_zone_controller.units] Unknown temperature unit '%'; treating value 45.0 as Celsius
2026-05-04 11:09:13.316 DEBUG (MainThread) [custom_components.multisplit_zone_controller.dispatch] Dispatched hvac_mode=off to climate.fake_head_living (zone living_room_zone, re-asserted)
2026-05-04 11:09:13.317 DEBUG (MainThread) [custom_components.multisplit_zone_controller.dispatch] Dispatched hvac_mode=off to climate.fake_head_bedroom (zone bed_zone, re-asserted)
2026-05-04 11:09:13.323 INFO (MainThread) [homeassistant.helpers.script.fake_living_aux_heater_turn_off] Fake Living Aux Heater turn_off: Running template script
2026-05-04 11:09:13.324 INFO (MainThread) [homeassistant.helpers.script.fake_living_aux_heater_turn_off] Fake Living Aux Heater turn_off: Executing step call service
2026-05-04 11:09:13.325 DEBUG (MainThread) [custom_components.multisplit_zone_controller.aux_heat_dispatch] Aux heat for zone living_room_zone -> OFF (entity switch.fake_head_living_heater)
2026-05-04 11:09:13.325 DEBUG (MainThread) [custom_components.multisplit_zone_controller.coordinator] Finished fetching multisplit_zone_controller[unit_1] data in 0.026 seconds (success: True)
2026-05-04 11:09:43.299 DEBUG (MainThread) [custom_components.multisplit_zone_controller.units] Unknown temperature unit '%'; treating value 45.0 as Celsius
2026-05-04 11:09:43.302 DEBUG (MainThread) [custom_components.multisplit_zone_controller.units] Unknown temperature unit '%'; treating value 45.0 as Celsius
2026-05-04 11:09:43.316 DEBUG (MainThread) [custom_components.multisplit_zone_controller.dispatch] Dispatched hvac_mode=off to climate.fake_head_living (zone living_room_zone, re-asserted)
2026-05-04 11:09:43.317 DEBUG (MainThread) [custom_components.multisplit_zone_controller.dispatch] Dispatched hvac_mode=off to climate.fake_head_bedroom (zone bed_zone, re-asserted)
2026-05-04 11:09:43.324 INFO (MainThread) [homeassistant.helpers.script.fake_living_aux_heater_turn_off] Fake Living Aux Heater turn_off: Running template script
2026-05-04 11:09:43.324 INFO (MainThread) [homeassistant.helpers.script.fake_living_aux_heater_turn_off] Fake Living Aux Heater turn_off: Executing step call service
2026-05-04 11:09:43.325 DEBUG (MainThread) [custom_components.multisplit_zone_controller.aux_heat_dispatch] Aux heat for zone living_room_zone -> OFF (entity switch.fake_head_living_heater)
2026-05-04 11:09:43.326 DEBUG (MainThread) [custom_components.multisplit_zone_controller.coordinator] Finished fetching multisplit_zone_controller[unit_1] data in 0.028 seconds (success: True)
2026-05-04 11:10:13.298 DEBUG (MainThread) [custom_components.multisplit_zone_controller.units] Unknown temperature unit '%'; treating value 45.0 as Celsius
2026-05-04 11:10:13.299 DEBUG (MainThread) [custom_components.multisplit_zone_controller.units] Unknown temperature unit '%'; treating value 45.0 as Celsius
2026-05-04 11:10:13.307 DEBUG (MainThread) [custom_components.multisplit_zone_controller.dispatch] Dispatched hvac_mode=off to climate.fake_head_living (zone living_room_zone, re-asserted)
2026-05-04 11:10:13.308 DEBUG (MainThread) [custom_components.multisplit_zone_controller.dispatch] Dispatched hvac_mode=off to climate.fake_head_bedroom (zone bed_zone, re-asserted)
2026-05-04 11:10:13.309 INFO (MainThread) [homeassistant.helpers.script.fake_living_aux_heater_turn_off] Fake Living Aux Heater turn_off: Running template script
2026-05-04 11:10:13.310 INFO (MainThread) [homeassistant.helpers.script.fake_living_aux_heater_turn_off] Fake Living Aux Heater turn_off: Executing step call service
2026-05-04 11:10:13.311 DEBUG (MainThread) [custom_components.multisplit_zone_controller.aux_heat_dispatch] Aux heat for zone living_room_zone -> OFF (entity switch.fake_head_living_heater)
2026-05-04 11:10:13.311 DEBUG (MainThread) [custom_components.multisplit_zone_controller.coordinator] Finished fetching multisplit_zone_controller[unit_1] data in 0.014 seconds (success: True)
2026-05-04 11:10:43.295 DEBUG (MainThread) [custom_components.multisplit_zone_controller.units] Unknown temperature unit '%'; treating value 45.0 as Celsius
2026-05-04 11:10:43.295 DEBUG (MainThread) [custom_components.multisplit_zone_controller.units] Unknown temperature unit '%'; treating value 45.0 as Celsius
2026-05-04 11:10:43.296 DEBUG (MainThread) [custom_components.multisplit_zone_controller.dispatch] Dispatched hvac_mode=off to climate.fake_head_living (zone living_room_zone, re-asserted)
2026-05-04 11:10:43.296 DEBUG (MainThread) [custom_components.multisplit_zone_controller.dispatch] Dispatched hvac_mode=off to climate.fake_head_bedroom (zone bed_zone, re-asserted)
2026-05-04 11:10:43.296 INFO (MainThread) [homeassistant.helpers.script.fake_living_aux_heater_turn_off] Fake Living Aux Heater turn_off: Running template script
2026-05-04 11:10:43.297 INFO (MainThread) [homeassistant.helpers.script.fake_living_aux_heater_turn_off] Fake Living Aux Heater turn_off: Executing step call service
2026-05-04 11:10:43.297 DEBUG (MainThread) [custom_components.multisplit_zone_controller.aux_heat_dispatch] Aux heat for zone living_room_zone -> OFF (entity switch.fake_head_living_heater)
2026-05-04 11:10:43.297 DEBUG (MainThread) [custom_components.multisplit_zone_controller.coordinator] Finished fetching multisplit_zone_controller[unit_1] data in 0.002 seconds (success: True)
2026-05-04 11:11:13.301 DEBUG (MainThread) [custom_components.multisplit_zone_controller.units] Unknown temperature unit '%'; treating value 45.0 as Celsius
2026-05-04 11:11:13.304 DEBUG (MainThread) [custom_components.multisplit_zone_controller.units] Unknown temperature unit '%'; treating value 45.0 as Celsius
2026-05-04 11:11:13.321 DEBUG (MainThread) [custom_components.multisplit_zone_controller.dispatch] Dispatched hvac_mode=off to climate.fake_head_living (zone living_room_zone, re-asserted)
2026-05-04 11:11:13.322 DEBUG (MainThread) [custom_components.multisplit_zone_controller.dispatch] Dispatched hvac_mode=off to climate.fake_head_bedroom (zone bed_zone, re-asserted)
2026-05-04 11:11:13.323 INFO (MainThread) [homeassistant.helpers.script.fake_living_aux_heater_turn_off] Fake Living Aux Heater turn_off: Running template script
2026-05-04 11:11:13.324 INFO (MainThread) [homeassistant.helpers.script.fake_living_aux_heater_turn_off] Fake Living Aux Heater turn_off: Executing step call service
2026-05-04 11:11:13.325 DEBUG (MainThread) [custom_components.multisplit_zone_controller.aux_heat_dispatch] Aux heat for zone living_room_zone -> OFF (entity switch.fake_head_living_heater)
2026-05-04 11:11:13.325 DEBUG (MainThread) [custom_components.multisplit_zone_controller.coordinator] Finished fetching multisplit_zone_controller[unit_1] data in 0.026 seconds (success: True)
2026-05-04 11:11:43.301 DEBUG (MainThread) [custom_components.multisplit_zone_controller.units] Unknown temperature unit '%'; treating value 45.0 as Celsius
2026-05-04 11:11:43.304 DEBUG (MainThread) [custom_components.multisplit_zone_controller.units] Unknown temperature unit '%'; treating value 45.0 as Celsius
2026-05-04 11:11:43.314 DEBUG (MainThread) [custom_components.multisplit_zone_controller.dispatch] Dispatched hvac_mode=off to climate.fake_head_living (zone living_room_zone, re-asserted)
2026-05-04 11:11:43.321 DEBUG (MainThread) [custom_components.multisplit_zone_controller.dispatch] Dispatched hvac_mode=off to climate.fake_head_bedroom (zone bed_zone, re-asserted)
2026-05-04 11:11:43.323 INFO (MainThread) [homeassistant.helpers.script.fake_living_aux_heater_turn_off] Fake Living Aux Heater turn_off: Running template script
2026-05-04 11:11:43.323 INFO (MainThread) [homeassistant.helpers.script.fake_living_aux_heater_turn_off] Fake Living Aux Heater turn_off: Executing step call service
2026-05-04 11:11:43.325 DEBUG (MainThread) [custom_components.multisplit_zone_controller.aux_heat_dispatch] Aux heat for zone living_room_zone -> OFF (entity switch.fake_head_living_heater)
2026-05-04 11:11:43.325 DEBUG (MainThread) [custom_components.multisplit_zone_controller.coordinator] Finished fetching multisplit_zone_controller[unit_1] data in 0.025 seconds (success: True)
2026-05-04 11:12:13.299 DEBUG (MainThread) [custom_components.multisplit_zone_controller.units] Unknown temperature unit '%'; treating value 45.0 as Celsius
2026-05-04 11:12:13.301 DEBUG (MainThread) [custom_components.multisplit_zone_controller.units] Unknown temperature unit '%'; treating value 45.0 as Celsius
2026-05-04 11:12:13.315 DEBUG (MainThread) [custom_components.multisplit_zone_controller.dispatch] Dispatched hvac_mode=off to climate.fake_head_living (zone living_room_zone, re-asserted)
2026-05-04 11:12:13.316 DEBUG (MainThread) [custom_components.multisplit_zone_controller.dispatch] Dispatched hvac_mode=off to climate.fake_head_bedroom (zone bed_zone, re-asserted)
2026-05-04 11:12:13.323 INFO (MainThread) [homeassistant.helpers.script.fake_living_aux_heater_turn_off] Fake Living Aux Heater turn_off: Running template script
2026-05-04 11:12:13.324 INFO (MainThread) [homeassistant.helpers.script.fake_living_aux_heater_turn_off] Fake Living Aux Heater turn_off: Executing step call service
2026-05-04 11:12:13.325 DEBUG (MainThread) [custom_components.multisplit_zone_controller.aux_heat_dispatch] Aux heat for zone living_room_zone -> OFF (entity switch.fake_head_living_heater)
2026-05-04 11:12:13.325 DEBUG (MainThread) [custom_components.multisplit_zone_controller.coordinator] Finished fetching multisplit_zone_controller[unit_1] data in 0.028 seconds (success: True)
2026-05-04 11:12:43.298 DEBUG (MainThread) [custom_components.multisplit_zone_controller.units] Unknown temperature unit '%'; treating value 45.0 as Celsius
2026-05-04 11:12:43.298 DEBUG (MainThread) [custom_components.multisplit_zone_controller.units] Unknown temperature unit '%'; treating value 45.0 as Celsius
2026-05-04 11:12:43.299 DEBUG (MainThread) [custom_components.multisplit_zone_controller.dispatch] Dispatched hvac_mode=off to climate.fake_head_living (zone living_room_zone, re-asserted)
2026-05-04 11:12:43.299 DEBUG (MainThread) [custom_components.multisplit_zone_controller.dispatch] Dispatched hvac_mode=off to climate.fake_head_bedroom (zone bed_zone, re-asserted)
2026-05-04 11:12:43.299 INFO (MainThread) [homeassistant.helpers.script.fake_living_aux_heater_turn_off] Fake Living Aux Heater turn_off: Running template script
2026-05-04 11:12:43.299 INFO (MainThread) [homeassistant.helpers.script.fake_living_aux_heater_turn_off] Fake Living Aux Heater turn_off: Executing step call service
2026-05-04 11:12:43.300 DEBUG (MainThread) [custom_components.multisplit_zone_controller.aux_heat_dispatch] Aux heat for zone living_room_zone -> OFF (entity switch.fake_head_living_heater)
2026-05-04 11:12:43.300 DEBUG (MainThread) [custom_components.multisplit_zone_controller.coordinator] Finished fetching multisplit_zone_controller[unit_1] data in 0.002 seconds (success: True)
2026-05-04 11:13:13.304 DEBUG (MainThread) [custom_components.multisplit_zone_controller.units] Unknown temperature unit '%'; treating value 45.0 as Celsius
2026-05-04 11:13:13.312 DEBUG (MainThread) [custom_components.multisplit_zone_controller.units] Unknown temperature unit '%'; treating value 45.0 as Celsius
2026-05-04 11:13:13.324 DEBUG (MainThread) [custom_components.multisplit_zone_controller.dispatch] Dispatched hvac_mode=off to climate.fake_head_living (zone living_room_zone, re-asserted)
2026-05-04 11:13:13.324 DEBUG (MainThread) [custom_components.multisplit_zone_controller.dispatch] Dispatched hvac_mode=off to climate.fake_head_bedroom (zone bed_zone, re-asserted)
2026-05-04 11:13:13.325 INFO (MainThread) [homeassistant.helpers.script.fake_living_aux_heater_turn_off] Fake Living Aux Heater turn_off: Running template script
2026-05-04 11:13:13.325 INFO (MainThread) [homeassistant.helpers.script.fake_living_aux_heater_turn_off] Fake Living Aux Heater turn_off: Executing step call service
2026-05-04 11:13:13.326 DEBUG (MainThread) [custom_components.multisplit_zone_controller.aux_heat_dispatch] Aux heat for zone living_room_zone -> OFF (entity switch.fake_head_living_heater)
2026-05-04 11:13:13.326 DEBUG (MainThread) [custom_components.multisplit_zone_controller.coordinator] Finished fetching multisplit_zone_controller[unit_1] data in 0.024 seconds (success: True)
2026-05-04 11:13:43.303 DEBUG (MainThread) [custom_components.multisplit_zone_controller.units] Unknown temperature unit '%'; treating value 45.0 as Celsius
2026-05-04 11:13:43.306 DEBUG (MainThread) [custom_components.multisplit_zone_controller.units] Unknown temperature unit '%'; treating value 45.0 as Celsius
2026-05-04 11:13:43.317 DEBUG (MainThread) [custom_components.multisplit_zone_controller.dispatch] Dispatched hvac_mode=off to climate.fake_head_living (zone living_room_zone, re-asserted)
2026-05-04 11:13:43.323 DEBUG (MainThread) [custom_components.multisplit_zone_controller.dispatch] Dispatched hvac_mode=off to climate.fake_head_bedroom (zone bed_zone, re-asserted)
2026-05-04 11:13:43.325 INFO (MainThread) [homeassistant.helpers.script.fake_living_aux_heater_turn_off] Fake Living Aux Heater turn_off: Running template script
2026-05-04 11:13:43.325 INFO (MainThread) [homeassistant.helpers.script.fake_living_aux_heater_turn_off] Fake Living Aux Heater turn_off: Executing step call service
2026-05-04 11:13:43.327 DEBUG (MainThread) [custom_components.multisplit_zone_controller.aux_heat_dispatch] Aux heat for zone living_room_zone -> OFF (entity switch.fake_head_living_heater)
2026-05-04 11:13:43.327 DEBUG (MainThread) [custom_components.multisplit_zone_controller.coordinator] Finished fetching multisplit_zone_controller[unit_1] data in 0.025 seconds (success: True)
2026-05-04 11:23:43.295 DEBUG (MainThread) [custom_components.multisplit_zone_controller.units] Unknown temperature unit '%'; treating value 45.0 as Celsius
2026-05-04 11:23:43.297 DEBUG (MainThread) [custom_components.multisplit_zone_controller.units] Unknown temperature unit '%'; treating value 45.0 as Celsius
2026-05-04 11:23:43.308 DEBUG (MainThread) [custom_components.multisplit_zone_controller.dispatch] Dispatched hvac_mode=off to climate.fake_head_living (zone living_room_zone, re-asserted)
2026-05-04 11:23:43.315 DEBUG (MainThread) [custom_components.multisplit_zone_controller.dispatch] Dispatched hvac_mode=off to climate.fake_head_bedroom (zone bed_zone, re-asserted)
2026-05-04 11:23:43.316 INFO (MainThread) [homeassistant.helpers.script.fake_living_aux_heater_turn_off] Fake Living Aux Heater turn_off: Running template script
2026-05-04 11:23:43.317 INFO (MainThread) [homeassistant.helpers.script.fake_living_aux_heater_turn_off] Fake Living Aux Heater turn_off: Executing step call service
2026-05-04 11:23:43.318 DEBUG (MainThread) [custom_components.multisplit_zone_controller.aux_heat_dispatch] Aux heat for zone living_room_zone -> OFF (entity switch.fake_head_living_heater)
2026-05-04 11:23:43.318 DEBUG (MainThread) [custom_components.multisplit_zone_controller.coordinator] Finished fetching multisplit_zone_controller[unit_1] data in 0.025 seconds (success: True)
2026-05-04 11:24:13.293 DEBUG (MainThread) [custom_components.multisplit_zone_controller.units] Unknown temperature unit '%'; treating value 45.0 as Celsius
2026-05-04 11:24:13.295 DEBUG (MainThread) [custom_components.multisplit_zone_controller.units] Unknown temperature unit '%'; treating value 45.0 as Celsius
2026-05-04 11:24:13.306 DEBUG (MainThread) [custom_components.multisplit_zone_controller.dispatch] Dispatched hvac_mode=off to climate.fake_head_living (zone living_room_zone, re-asserted)
2026-05-04 11:24:13.307 DEBUG (MainThread) [custom_components.multisplit_zone_controller.dispatch] Dispatched hvac_mode=off to climate.fake_head_bedroom (zone bed_zone, re-asserted)
2026-05-04 11:24:13.308 INFO (MainThread) [homeassistant.helpers.script.fake_living_aux_heater_turn_off] Fake Living Aux Heater turn_off: Running template script
2026-05-04 11:24:13.309 INFO (MainThread) [homeassistant.helpers.script.fake_living_aux_heater_turn_off] Fake Living Aux Heater turn_off: Executing step call service
2026-05-04 11:24:13.318 DEBUG (MainThread) [custom_components.multisplit_zone_controller.aux_heat_dispatch] Aux heat for zone living_room_zone -> OFF (entity switch.fake_head_living_heater)
2026-05-04 11:24:13.318 DEBUG (MainThread) [custom_components.multisplit_zone_controller.coordinator] Finished fetching multisplit_zone_controller[unit_1] data in 0.027 seconds (success: True)
2026-05-04 11:24:43.294 DEBUG (MainThread) [custom_components.multisplit_zone_controller.units] Unknown temperature unit '%'; treating value 45.0 as Celsius
2026-05-04 11:24:43.295 DEBUG (MainThread) [custom_components.multisplit_zone_controller.units] Unknown temperature unit '%'; treating value 45.0 as Celsius
2026-05-04 11:24:43.302 DEBUG (MainThread) [custom_components.multisplit_zone_controller.dispatch] Dispatched hvac_mode=off to climate.fake_head_living (zone living_room_zone, re-asserted)
2026-05-04 11:24:43.302 DEBUG (MainThread) [custom_components.multisplit_zone_controller.dispatch] Dispatched hvac_mode=off to climate.fake_head_bedroom (zone bed_zone, re-asserted)
2026-05-04 11:24:43.303 INFO (MainThread) [homeassistant.helpers.script.fake_living_aux_heater_turn_off] Fake Living Aux Heater turn_off: Running template script
2026-05-04 11:24:43.304 INFO (MainThread) [homeassistant.helpers.script.fake_living_aux_heater_turn_off] Fake Living Aux Heater turn_off: Executing step call service
2026-05-04 11:24:43.305 DEBUG (MainThread) [custom_components.multisplit_zone_controller.aux_heat_dispatch] Aux heat for zone living_room_zone -> OFF (entity switch.fake_head_living_heater)
2026-05-04 11:24:43.305 DEBUG (MainThread) [custom_components.multisplit_zone_controller.coordinator] Finished fetching multisplit_zone_controller[unit_1] data in 0.013 seconds (success: True)
2026-05-04 11:25:13.291 DEBUG (MainThread) [custom_components.multisplit_zone_controller.units] Unknown temperature unit '%'; treating value 45.0 as Celsius
2026-05-04 11:25:13.291 DEBUG (MainThread) [custom_components.multisplit_zone_controller.units] Unknown temperature unit '%'; treating value 45.0 as Celsius
2026-05-04 11:25:13.292 DEBUG (MainThread) [custom_components.multisplit_zone_controller.dispatch] Dispatched hvac_mode=off to climate.fake_head_living (zone living_room_zone, re-asserted)
2026-05-04 11:25:13.293 DEBUG (MainThread) [custom_components.multisplit_zone_controller.dispatch] Dispatched hvac_mode=off to climate.fake_head_bedroom (zone bed_zone, re-asserted)
2026-05-04 11:25:13.293 INFO (MainThread) [homeassistant.helpers.script.fake_living_aux_heater_turn_off] Fake Living Aux Heater turn_off: Running template script
2026-05-04 11:25:13.293 INFO (MainThread) [homeassistant.helpers.script.fake_living_aux_heater_turn_off] Fake Living Aux Heater turn_off: Executing step call service
2026-05-04 11:25:13.294 DEBUG (MainThread) [custom_components.multisplit_zone_controller.aux_heat_dispatch] Aux heat for zone living_room_zone -> OFF (entity switch.fake_head_living_heater)
2026-05-04 11:25:13.294 DEBUG (MainThread) [custom_components.multisplit_zone_controller.coordinator] Finished fetching multisplit_zone_controller[unit_1] data in 0.003 seconds (success: True)
2026-05-04 11:25:43.293 DEBUG (MainThread) [custom_components.multisplit_zone_controller.units] Unknown temperature unit '%'; treating value 45.0 as Celsius
2026-05-04 11:25:43.295 DEBUG (MainThread) [custom_components.multisplit_zone_controller.units] Unknown temperature unit '%'; treating value 45.0 as Celsius
2026-05-04 11:25:43.301 DEBUG (MainThread) [custom_components.multisplit_zone_controller.dispatch] Dispatched hvac_mode=off to climate.fake_head_living (zone living_room_zone, re-asserted)
2026-05-04 11:25:43.305 DEBUG (MainThread) [custom_components.multisplit_zone_controller.dispatch] Dispatched hvac_mode=off to climate.fake_head_bedroom (zone bed_zone, re-asserted)
2026-05-04 11:25:43.306 INFO (MainThread) [homeassistant.helpers.script.fake_living_aux_heater_turn_off] Fake Living Aux Heater turn_off: Running template script
2026-05-04 11:25:43.306 INFO (MainThread) [homeassistant.helpers.script.fake_living_aux_heater_turn_off] Fake Living Aux Heater turn_off: Executing step call service
2026-05-04 11:25:43.307 DEBUG (MainThread) [custom_components.multisplit_zone_controller.aux_heat_dispatch] Aux heat for zone living_room_zone -> OFF (entity switch.fake_head_living_heater)
2026-05-04 11:25:43.307 DEBUG (MainThread) [custom_components.multisplit_zone_controller.coordinator] Finished fetching multisplit_zone_controller[unit_1] data in 0.015 seconds (success: True)
2026-05-04 11:26:13.294 DEBUG (MainThread) [custom_components.multisplit_zone_controller.units] Unknown temperature unit '%'; treating value 45.0 as Celsius
2026-05-04 11:26:13.296 DEBUG (MainThread) [custom_components.multisplit_zone_controller.units] Unknown temperature unit '%'; treating value 45.0 as Celsius
2026-05-04 11:26:13.306 DEBUG (MainThread) [custom_components.multisplit_zone_controller.dispatch] Dispatched hvac_mode=off to climate.fake_head_living (zone living_room_zone, re-asserted)
2026-05-04 11:26:13.307 DEBUG (MainThread) [custom_components.multisplit_zone_controller.dispatch] Dispatched hvac_mode=off to climate.fake_head_bedroom (zone bed_zone, re-asserted)
2026-05-04 11:26:13.308 INFO (MainThread) [homeassistant.helpers.script.fake_living_aux_heater_turn_off] Fake Living Aux Heater turn_off: Running template script
2026-05-04 11:26:13.309 INFO (MainThread) [homeassistant.helpers.script.fake_living_aux_heater_turn_off] Fake Living Aux Heater turn_off: Executing step call service
2026-05-04 11:26:13.310 DEBUG (MainThread) [custom_components.multisplit_zone_controller.aux_heat_dispatch] Aux heat for zone living_room_zone -> OFF (entity switch.fake_head_living_heater)
2026-05-04 11:26:13.310 DEBUG (MainThread) [custom_components.multisplit_zone_controller.coordinator] Finished fetching multisplit_zone_controller[unit_1] data in 0.017 seconds (success: True)
2026-05-04 11:26:43.293 DEBUG (MainThread) [custom_components.multisplit_zone_controller.units] Unknown temperature unit '%'; treating value 45.0 as Celsius
2026-05-04 11:26:43.295 DEBUG (MainThread) [custom_components.multisplit_zone_controller.units] Unknown temperature unit '%'; treating value 45.0 as Celsius
2026-05-04 11:26:43.305 DEBUG (MainThread) [custom_components.multisplit_zone_controller.dispatch] Dispatched hvac_mode=off to climate.fake_head_living (zone living_room_zone, re-asserted)
2026-05-04 11:26:43.306 DEBUG (MainThread) [custom_components.multisplit_zone_controller.dispatch] Dispatched hvac_mode=off to climate.fake_head_bedroom (zone bed_zone, re-asserted)
2026-05-04 11:26:43.307 INFO (MainThread) [homeassistant.helpers.script.fake_living_aux_heater_turn_off] Fake Living Aux Heater turn_off: Running template script
2026-05-04 11:26:43.308 INFO (MainThread) [homeassistant.helpers.script.fake_living_aux_heater_turn_off] Fake Living Aux Heater turn_off: Executing step call service
2026-05-04 11:26:43.309 DEBUG (MainThread) [custom_components.multisplit_zone_controller.aux_heat_dispatch] Aux heat for zone living_room_zone -> OFF (entity switch.fake_head_living_heater)
2026-05-04 11:26:43.309 DEBUG (MainThread) [custom_components.multisplit_zone_controller.coordinator] Finished fetching multisplit_zone_controller[unit_1] data in 0.017 seconds (success: True)
2026-05-04 11:27:13.292 DEBUG (MainThread) [custom_components.multisplit_zone_controller.units] Unknown temperature unit '%'; treating value 45.0 as Celsius
2026-05-04 11:27:13.292 DEBUG (MainThread) [custom_components.multisplit_zone_controller.units] Unknown temperature unit '%'; treating value 45.0 as Celsius
2026-05-04 11:27:13.292 DEBUG (MainThread) [custom_components.multisplit_zone_controller.dispatch] Dispatched hvac_mode=off to climate.fake_head_living (zone living_room_zone, re-asserted)
2026-05-04 11:27:13.292 DEBUG (MainThread) [custom_components.multisplit_zone_controller.dispatch] Dispatched hvac_mode=off to climate.fake_head_bedroom (zone bed_zone, re-asserted)
2026-05-04 11:27:13.292 INFO (MainThread) [homeassistant.helpers.script.fake_living_aux_heater_turn_off] Fake Living Aux Heater turn_off: Running template script
2026-05-04 11:27:13.292 INFO (MainThread) [homeassistant.helpers.script.fake_living_aux_heater_turn_off] Fake Living Aux Heater turn_off: Executing step call service
2026-05-04 11:27:13.293 DEBUG (MainThread) [custom_components.multisplit_zone_controller.aux_heat_dispatch] Aux heat for zone living_room_zone -> OFF (entity switch.fake_head_living_heater)
2026-05-04 11:27:13.293 DEBUG (MainThread) [custom_components.multisplit_zone_controller.coordinator] Finished fetching multisplit_zone_controller[unit_1] data in 0.001 seconds (success: True)
2026-05-04 11:27:43.293 DEBUG (MainThread) [custom_components.multisplit_zone_controller.units] Unknown temperature unit '%'; treating value 45.0 as Celsius
2026-05-04 11:27:43.295 DEBUG (MainThread) [custom_components.multisplit_zone_controller.units] Unknown temperature unit '%'; treating value 45.0 as Celsius
2026-05-04 11:27:43.299 DEBUG (MainThread) [custom_components.multisplit_zone_controller.dispatch] Dispatched hvac_mode=off to climate.fake_head_living (zone living_room_zone, re-asserted)
2026-05-04 11:27:43.304 DEBUG (MainThread) [custom_components.multisplit_zone_controller.dispatch] Dispatched hvac_mode=off to climate.fake_head_bedroom (zone bed_zone, re-asserted)
2026-05-04 11:27:43.305 INFO (MainThread) [homeassistant.helpers.script.fake_living_aux_heater_turn_off] Fake Living Aux Heater turn_off: Running template script
2026-05-04 11:27:43.305 INFO (MainThread) [homeassistant.helpers.script.fake_living_aux_heater_turn_off] Fake Living Aux Heater turn_off: Executing step call service
2026-05-04 11:27:43.307 DEBUG (MainThread) [custom_components.multisplit_zone_controller.aux_heat_dispatch] Aux heat for zone living_room_zone -> OFF (entity switch.fake_head_living_heater)
2026-05-04 11:27:43.307 DEBUG (MainThread) [custom_components.multisplit_zone_controller.coordinator] Finished fetching multisplit_zone_controller[unit_1] data in 0.015 seconds (success: True)
2026-05-04 11:28:13.291 DEBUG (MainThread) [custom_components.multisplit_zone_controller.units] Unknown temperature unit '%'; treating value 45.0 as Celsius
2026-05-04 11:28:13.292 DEBUG (MainThread) [custom_components.multisplit_zone_controller.units] Unknown temperature unit '%'; treating value 45.0 as Celsius
2026-05-04 11:28:13.295 DEBUG (MainThread) [custom_components.multisplit_zone_controller.dispatch] Dispatched hvac_mode=off to climate.fake_head_living (zone living_room_zone, re-asserted)
2026-05-04 11:28:13.295 DEBUG (MainThread) [custom_components.multisplit_zone_controller.dispatch] Dispatched hvac_mode=off to climate.fake_head_bedroom (zone bed_zone, re-asserted)
2026-05-04 11:28:13.295 INFO (MainThread) [homeassistant.helpers.script.fake_living_aux_heater_turn_off] Fake Living Aux Heater turn_off: Running template script
2026-05-04 11:28:13.296 INFO (MainThread) [homeassistant.helpers.script.fake_living_aux_heater_turn_off] Fake Living Aux Heater turn_off: Executing step call service
2026-05-04 11:28:13.296 DEBUG (MainThread) [custom_components.multisplit_zone_controller.aux_heat_dispatch] Aux heat for zone living_room_zone -> OFF (entity switch.fake_head_living_heater)
2026-05-04 11:28:13.296 DEBUG (MainThread) [custom_components.multisplit_zone_controller.coordinator] Finished fetching multisplit_zone_controller[unit_1] data in 0.005 seconds (success: True)
2026-05-04 11:28:43.293 DEBUG (MainThread) [custom_components.multisplit_zone_controller.units] Unknown temperature unit '%'; treating value 45.0 as Celsius
2026-05-04 11:28:43.296 DEBUG (MainThread) [custom_components.multisplit_zone_controller.units] Unknown temperature unit '%'; treating value 45.0 as Celsius
2026-05-04 11:28:43.305 DEBUG (MainThread) [custom_components.multisplit_zone_controller.dispatch] Dispatched hvac_mode=off to climate.fake_head_living (zone living_room_zone, re-asserted)
2026-05-04 11:28:43.306 DEBUG (MainThread) [custom_components.multisplit_zone_controller.dispatch] Dispatched hvac_mode=off to climate.fake_head_bedroom (zone bed_zone, re-asserted)
2026-05-04 11:28:43.314 INFO (MainThread) [homeassistant.helpers.script.fake_living_aux_heater_turn_off] Fake Living Aux Heater turn_off: Running template script
2026-05-04 11:28:43.315 INFO (MainThread) [homeassistant.helpers.script.fake_living_aux_heater_turn_off] Fake Living Aux Heater turn_off: Executing step call service
2026-05-04 11:28:43.317 DEBUG (MainThread) [custom_components.multisplit_zone_controller.aux_heat_dispatch] Aux heat for zone living_room_zone -> OFF (entity switch.fake_head_living_heater)
2026-05-04 11:28:43.317 DEBUG (MainThread) [custom_components.multisplit_zone_controller.coordinator] Finished fetching multisplit_zone_controller[unit_1] data in 0.026 seconds (success: True)
2026-05-04 11:29:13.293 DEBUG (MainThread) [custom_components.multisplit_zone_controller.units] Unknown temperature unit '%'; treating value 45.0 as Celsius
2026-05-04 11:29:13.295 DEBUG (MainThread) [custom_components.multisplit_zone_controller.units] Unknown temperature unit '%'; treating value 45.0 as Celsius
2026-05-04 11:29:13.306 DEBUG (MainThread) [custom_components.multisplit_zone_controller.dispatch] Dispatched hvac_mode=off to climate.fake_head_living (zone living_room_zone, re-asserted)
2026-05-04 11:29:13.306 DEBUG (MainThread) [custom_components.multisplit_zone_controller.dispatch] Dispatched hvac_mode=off to climate.fake_head_bedroom (zone bed_zone, re-asserted)
2026-05-04 11:29:13.308 INFO (MainThread) [homeassistant.helpers.script.fake_living_aux_heater_turn_off] Fake Living Aux Heater turn_off: Running template script
2026-05-04 11:29:13.309 INFO (MainThread) [homeassistant.helpers.script.fake_living_aux_heater_turn_off] Fake Living Aux Heater turn_off: Executing step call service
2026-05-04 11:29:13.318 DEBUG (MainThread) [custom_components.multisplit_zone_controller.aux_heat_dispatch] Aux heat for zone living_room_zone -> OFF (entity switch.fake_head_living_heater)
2026-05-04 11:29:13.318 DEBUG (MainThread) [custom_components.multisplit_zone_controller.coordinator] Finished fetching multisplit_zone_controller[unit_1] data in 0.026 seconds (success: True)
2026-05-04 11:29:43.295 DEBUG (MainThread) [custom_components.multisplit_zone_controller.units] Unknown temperature unit '%'; treating value 45.0 as Celsius
2026-05-04 11:29:43.308 DEBUG (MainThread) [custom_components.multisplit_zone_controller.units] Unknown temperature unit '%'; treating value 45.0 as Celsius
2026-05-04 11:29:43.317 DEBUG (MainThread) [custom_components.multisplit_zone_controller.dispatch] Dispatched hvac_mode=off to climate.fake_head_living (zone living_room_zone, re-asserted)
2026-05-04 11:29:43.317 DEBUG (MainThread) [custom_components.multisplit_zone_controller.dispatch] Dispatched hvac_mode=off to climate.fake_head_bedroom (zone bed_zone, re-asserted)
2026-05-04 11:29:43.324 INFO (MainThread) [homeassistant.helpers.script.fake_living_aux_heater_turn_off] Fake Living Aux Heater turn_off: Running template script
2026-05-04 11:29:43.324 INFO (MainThread) [homeassistant.helpers.script.fake_living_aux_heater_turn_off] Fake Living Aux Heater turn_off: Executing step call service
2026-05-04 11:29:43.325 DEBUG (MainThread) [custom_components.multisplit_zone_controller.aux_heat_dispatch] Aux heat for zone living_room_zone -> OFF (entity switch.fake_head_living_heater)
2026-05-04 11:29:43.325 DEBUG (MainThread) [custom_components.multisplit_zone_controller.coordinator] Finished fetching multisplit_zone_controller[unit_1] data in 0.032 seconds (success: True)
2026-05-04 11:30:13.292 DEBUG (MainThread) [custom_components.multisplit_zone_controller.units] Unknown temperature unit '%'; treating value 45.0 as Celsius
2026-05-04 11:30:13.293 DEBUG (MainThread) [custom_components.multisplit_zone_controller.units] Unknown temperature unit '%'; treating value 45.0 as Celsius
2026-05-04 11:30:13.296 DEBUG (MainThread) [custom_components.multisplit_zone_controller.dispatch] Dispatched hvac_mode=off to climate.fake_head_living (zone living_room_zone, re-asserted)
2026-05-04 11:30:13.297 DEBUG (MainThread) [custom_components.multisplit_zone_controller.dispatch] Dispatched hvac_mode=off to climate.fake_head_bedroom (zone bed_zone, re-asserted)
2026-05-04 11:30:13.298 INFO (MainThread) [homeassistant.helpers.script.fake_living_aux_heater_turn_off] Fake Living Aux Heater turn_off: Running template script
2026-05-04 11:30:13.298 INFO (MainThread) [homeassistant.helpers.script.fake_living_aux_heater_turn_off] Fake Living Aux Heater turn_off: Executing step call service
2026-05-04 11:30:13.299 DEBUG (MainThread) [custom_components.multisplit_zone_controller.aux_heat_dispatch] Aux heat for zone living_room_zone -> OFF (entity switch.fake_head_living_heater)
2026-05-04 11:30:13.299 DEBUG (MainThread) [custom_components.multisplit_zone_controller.coordinator] Finished fetching multisplit_zone_controller[unit_1] data in 0.008 seconds (success: True)
2026-05-04 11:30:43.292 DEBUG (MainThread) [custom_components.multisplit_zone_controller.units] Unknown temperature unit '%'; treating value 45.0 as Celsius
2026-05-04 11:30:43.292 DEBUG (MainThread) [custom_components.multisplit_zone_controller.units] Unknown temperature unit '%'; treating value 45.0 as Celsius
2026-05-04 11:30:43.295 DEBUG (MainThread) [custom_components.multisplit_zone_controller.dispatch] Dispatched hvac_mode=off to climate.fake_head_living (zone living_room_zone, re-asserted)
2026-05-04 11:30:43.295 DEBUG (MainThread) [custom_components.multisplit_zone_controller.dispatch] Dispatched hvac_mode=off to climate.fake_head_bedroom (zone bed_zone, re-asserted)
2026-05-04 11:30:43.295 INFO (MainThread) [homeassistant.helpers.script.fake_living_aux_heater_turn_off] Fake Living Aux Heater turn_off: Running template script
2026-05-04 11:30:43.296 INFO (MainThread) [homeassistant.helpers.script.fake_living_aux_heater_turn_off] Fake Living Aux Heater turn_off: Executing step call service
2026-05-04 11:30:43.296 DEBUG (MainThread) [custom_components.multisplit_zone_controller.aux_heat_dispatch] Aux heat for zone living_room_zone -> OFF (entity switch.fake_head_living_heater)
2026-05-04 11:30:43.296 DEBUG (MainThread) [custom_components.multisplit_zone_controller.coordinator] Finished fetching multisplit_zone_controller[unit_1] data in 0.005 seconds (success: True)
2026-05-04 11:31:13.293 DEBUG (MainThread) [custom_components.multisplit_zone_controller.units] Unknown temperature unit '%'; treating value 45.0 as Celsius
2026-05-04 11:31:13.296 DEBUG (MainThread) [custom_components.multisplit_zone_controller.units] Unknown temperature unit '%'; treating value 45.0 as Celsius
2026-05-04 11:31:13.311 DEBUG (MainThread) [custom_components.multisplit_zone_controller.dispatch] Dispatched hvac_mode=off to climate.fake_head_living (zone living_room_zone, re-asserted)
2026-05-04 11:31:13.312 DEBUG (MainThread) [custom_components.multisplit_zone_controller.dispatch] Dispatched hvac_mode=off to climate.fake_head_bedroom (zone bed_zone, re-asserted)
2026-05-04 11:31:13.319 INFO (MainThread) [homeassistant.helpers.script.fake_living_aux_heater_turn_off] Fake Living Aux Heater turn_off: Running template script
2026-05-04 11:31:13.320 INFO (MainThread) [homeassistant.helpers.script.fake_living_aux_heater_turn_off] Fake Living Aux Heater turn_off: Executing step call service
2026-05-04 11:31:13.321 DEBUG (MainThread) [custom_components.multisplit_zone_controller.aux_heat_dispatch] Aux heat for zone living_room_zone -> OFF (entity switch.fake_head_living_heater)
2026-05-04 11:31:13.321 DEBUG (MainThread) [custom_components.multisplit_zone_controller.coordinator] Finished fetching multisplit_zone_controller[unit_1] data in 0.029 seconds (success: True)
2026-05-04 11:31:43.295 DEBUG (MainThread) [custom_components.multisplit_zone_controller.units] Unknown temperature unit '%'; treating value 45.0 as Celsius
2026-05-04 11:31:43.297 DEBUG (MainThread) [custom_components.multisplit_zone_controller.units] Unknown temperature unit '%'; treating value 45.0 as Celsius
2026-05-04 11:31:43.307 DEBUG (MainThread) [custom_components.multisplit_zone_controller.dispatch] Dispatched hvac_mode=off to climate.fake_head_living (zone living_room_zone, re-asserted)
2026-05-04 11:31:43.308 DEBUG (MainThread) [custom_components.multisplit_zone_controller.dispatch] Dispatched hvac_mode=off to climate.fake_head_bedroom (zone bed_zone, re-asserted)
2026-05-04 11:31:43.309 INFO (MainThread) [homeassistant.helpers.script.fake_living_aux_heater_turn_off] Fake Living Aux Heater turn_off: Running template script
2026-05-04 11:31:43.310 INFO (MainThread) [homeassistant.helpers.script.fake_living_aux_heater_turn_off] Fake Living Aux Heater turn_off: Executing step call service
2026-05-04 11:31:43.317 DEBUG (MainThread) [custom_components.multisplit_zone_controller.aux_heat_dispatch] Aux heat for zone living_room_zone -> OFF (entity switch.fake_head_living_heater)
2026-05-04 11:31:43.317 DEBUG (MainThread) [custom_components.multisplit_zone_controller.coordinator] Finished fetching multisplit_zone_controller[unit_1] data in 0.023 seconds (success: True)
2026-05-04 11:32:13.292 DEBUG (MainThread) [custom_components.multisplit_zone_controller.units] Unknown temperature unit '%'; treating value 45.0 as Celsius
2026-05-04 11:32:13.293 DEBUG (MainThread) [custom_components.multisplit_zone_controller.units] Unknown temperature unit '%'; treating value 45.0 as Celsius
2026-05-04 11:32:13.296 DEBUG (MainThread) [custom_components.multisplit_zone_controller.dispatch] Dispatched hvac_mode=off to climate.fake_head_living (zone living_room_zone, re-asserted)
2026-05-04 11:32:13.297 DEBUG (MainThread) [custom_components.multisplit_zone_controller.dispatch] Dispatched hvac_mode=off to climate.fake_head_bedroom (zone bed_zone, re-asserted)
2026-05-04 11:32:13.297 INFO (MainThread) [homeassistant.helpers.script.fake_living_aux_heater_turn_off] Fake Living Aux Heater turn_off: Running template script
2026-05-04 11:32:13.297 INFO (MainThread) [homeassistant.helpers.script.fake_living_aux_heater_turn_off] Fake Living Aux Heater turn_off: Executing step call service
2026-05-04 11:32:13.298 DEBUG (MainThread) [custom_components.multisplit_zone_controller.aux_heat_dispatch] Aux heat for zone living_room_zone -> OFF (entity switch.fake_head_living_heater)
2026-05-04 11:32:13.298 DEBUG (MainThread) [custom_components.multisplit_zone_controller.coordinator] Finished fetching multisplit_zone_controller[unit_1] data in 0.007 seconds (success: True)
2026-05-04 11:32:43.290 DEBUG (MainThread) [custom_components.multisplit_zone_controller.units] Unknown temperature unit '%'; treating value 45.0 as Celsius
2026-05-04 11:32:43.291 DEBUG (MainThread) [custom_components.multisplit_zone_controller.units] Unknown temperature unit '%'; treating value 45.0 as Celsius
2026-05-04 11:32:43.293 DEBUG (MainThread) [custom_components.multisplit_zone_controller.dispatch] Dispatched hvac_mode=off to climate.fake_head_living (zone living_room_zone, re-asserted)
2026-05-04 11:32:43.293 DEBUG (MainThread) [custom_components.multisplit_zone_controller.dispatch] Dispatched hvac_mode=off to climate.fake_head_bedroom (zone bed_zone, re-asserted)
2026-05-04 11:32:43.293 INFO (MainThread) [homeassistant.helpers.script.fake_living_aux_heater_turn_off] Fake Living Aux Heater turn_off: Running template script
2026-05-04 11:32:43.294 INFO (MainThread) [homeassistant.helpers.script.fake_living_aux_heater_turn_off] Fake Living Aux Heater turn_off: Executing step call service
2026-05-04 11:32:43.294 DEBUG (MainThread) [custom_components.multisplit_zone_controller.aux_heat_dispatch] Aux heat for zone living_room_zone -> OFF (entity switch.fake_head_living_heater)
2026-05-04 11:32:43.294 DEBUG (MainThread) [custom_components.multisplit_zone_controller.coordinator] Finished fetching multisplit_zone_controller[unit_1] data in 0.004 seconds (success: True)
2026-05-04 11:33:13.293 DEBUG (MainThread) [custom_components.multisplit_zone_controller.units] Unknown temperature unit '%'; treating value 45.0 as Celsius
2026-05-04 11:33:13.295 DEBUG (MainThread) [custom_components.multisplit_zone_controller.units] Unknown temperature unit '%'; treating value 45.0 as Celsius
2026-05-04 11:33:13.306 DEBUG (MainThread) [custom_components.multisplit_zone_controller.dispatch] Dispatched hvac_mode=off to climate.fake_head_living (zone living_room_zone, re-asserted)
2026-05-04 11:33:13.307 DEBUG (MainThread) [custom_components.multisplit_zone_controller.dispatch] Dispatched hvac_mode=off to climate.fake_head_bedroom (zone bed_zone, re-asserted)
2026-05-04 11:33:13.309 INFO (MainThread) [homeassistant.helpers.script.fake_living_aux_heater_turn_off] Fake Living Aux Heater turn_off: Running template script
2026-05-04 11:33:13.315 INFO (MainThread) [homeassistant.helpers.script.fake_living_aux_heater_turn_off] Fake Living Aux Heater turn_off: Executing step call service
2026-05-04 11:33:13.316 DEBUG (MainThread) [custom_components.multisplit_zone_controller.aux_heat_dispatch] Aux heat for zone living_room_zone -> OFF (entity switch.fake_head_living_heater)
2026-05-04 11:33:13.316 DEBUG (MainThread) [custom_components.multisplit_zone_controller.coordinator] Finished fetching multisplit_zone_controller[unit_1] data in 0.024 seconds (success: True)
2026-05-04 11:33:43.294 DEBUG (MainThread) [custom_components.multisplit_zone_controller.units] Unknown temperature unit '%'; treating value 45.0 as Celsius
2026-05-04 11:33:43.297 DEBUG (MainThread) [custom_components.multisplit_zone_controller.units] Unknown temperature unit '%'; treating value 45.0 as Celsius
2026-05-04 11:33:43.308 DEBUG (MainThread) [custom_components.multisplit_zone_controller.dispatch] Dispatched hvac_mode=off to climate.fake_head_living (zone living_room_zone, re-asserted)
2026-05-04 11:33:43.309 DEBUG (MainThread) [custom_components.multisplit_zone_controller.dispatch] Dispatched hvac_mode=off to climate.fake_head_bedroom (zone bed_zone, re-asserted)
2026-05-04 11:33:43.319 INFO (MainThread) [homeassistant.helpers.script.fake_living_aux_heater_turn_off] Fake Living Aux Heater turn_off: Running template script
2026-05-04 11:33:43.320 INFO (MainThread) [homeassistant.helpers.script.fake_living_aux_heater_turn_off] Fake Living Aux Heater turn_off: Executing step call service
2026-05-04 11:33:43.321 DEBUG (MainThread) [custom_components.multisplit_zone_controller.aux_heat_dispatch] Aux heat for zone living_room_zone -> OFF (entity switch.fake_head_living_heater)
2026-05-04 11:33:43.322 DEBUG (MainThread) [custom_components.multisplit_zone_controller.coordinator] Finished fetching multisplit_zone_controller[unit_1] data in 0.029 seconds (success: True)
2026-05-04 11:34:13.293 DEBUG (MainThread) [custom_components.multisplit_zone_controller.units] Unknown temperature unit '%'; treating value 45.0 as Celsius
2026-05-04 11:34:13.294 DEBUG (MainThread) [custom_components.multisplit_zone_controller.units] Unknown temperature unit '%'; treating value 45.0 as Celsius
2026-05-04 11:34:13.298 DEBUG (MainThread) [custom_components.multisplit_zone_controller.dispatch] Dispatched hvac_mode=off to climate.fake_head_living (zone living_room_zone, re-asserted)
2026-05-04 11:34:13.299 DEBUG (MainThread) [custom_components.multisplit_zone_controller.dispatch] Dispatched hvac_mode=off to climate.fake_head_bedroom (zone bed_zone, re-asserted)
2026-05-04 11:34:13.306 INFO (MainThread) [homeassistant.helpers.script.fake_living_aux_heater_turn_off] Fake Living Aux Heater turn_off: Running template script
2026-05-04 11:34:13.306 INFO (MainThread) [homeassistant.helpers.script.fake_living_aux_heater_turn_off] Fake Living Aux Heater turn_off: Executing step call service
2026-05-04 11:34:13.307 DEBUG (MainThread) [custom_components.multisplit_zone_controller.aux_heat_dispatch] Aux heat for zone living_room_zone -> OFF (entity switch.fake_head_living_heater)
2026-05-04 11:34:13.307 DEBUG (MainThread) [custom_components.multisplit_zone_controller.coordinator] Finished fetching multisplit_zone_controller[unit_1] data in 0.015 seconds (success: True)
2026-05-04 11:34:43.290 DEBUG (MainThread) [custom_components.multisplit_zone_controller.units] Unknown temperature unit '%'; treating value 45.0 as Celsius
2026-05-04 11:34:43.291 DEBUG (MainThread) [custom_components.multisplit_zone_controller.units] Unknown temperature unit '%'; treating value 45.0 as Celsius
2026-05-04 11:34:43.292 DEBUG (MainThread) [custom_components.multisplit_zone_controller.dispatch] Dispatched hvac_mode=off to climate.fake_head_living (zone living_room_zone, re-asserted)
2026-05-04 11:34:43.293 DEBUG (MainThread) [custom_components.multisplit_zone_controller.dispatch] Dispatched hvac_mode=off to climate.fake_head_bedroom (zone bed_zone, re-asserted)
2026-05-04 11:34:43.293 INFO (MainThread) [homeassistant.helpers.script.fake_living_aux_heater_turn_off] Fake Living Aux Heater turn_off: Running template script
2026-05-04 11:34:43.293 INFO (MainThread) [homeassistant.helpers.script.fake_living_aux_heater_turn_off] Fake Living Aux Heater turn_off: Executing step call service
2026-05-04 11:34:43.294 DEBUG (MainThread) [custom_components.multisplit_zone_controller.aux_heat_dispatch] Aux heat for zone living_room_zone -> OFF (entity switch.fake_head_living_heater)
2026-05-04 11:34:43.294 DEBUG (MainThread) [custom_components.multisplit_zone_controller.coordinator] Finished fetching multisplit_zone_controller[unit_1] data in 0.004 seconds (success: True)
2026-05-04 11:35:13.295 DEBUG (MainThread) [custom_components.multisplit_zone_controller.units] Unknown temperature unit '%'; treating value 45.0 as Celsius
2026-05-04 11:35:13.297 DEBUG (MainThread) [custom_components.multisplit_zone_controller.units] Unknown temperature unit '%'; treating value 45.0 as Celsius
2026-05-04 11:35:13.307 DEBUG (MainThread) [custom_components.multisplit_zone_controller.dispatch] Dispatched hvac_mode=off to climate.fake_head_living (zone living_room_zone, re-asserted)
2026-05-04 11:35:13.308 DEBUG (MainThread) [custom_components.multisplit_zone_controller.dispatch] Dispatched hvac_mode=off to climate.fake_head_bedroom (zone bed_zone, re-asserted)
2026-05-04 11:35:13.310 INFO (MainThread) [homeassistant.helpers.script.fake_living_aux_heater_turn_off] Fake Living Aux Heater turn_off: Running template script
2026-05-04 11:35:13.314 INFO (MainThread) [homeassistant.helpers.script.fake_living_aux_heater_turn_off] Fake Living Aux Heater turn_off: Executing step call service
2026-05-04 11:35:13.316 DEBUG (MainThread) [custom_components.multisplit_zone_controller.aux_heat_dispatch] Aux heat for zone living_room_zone -> OFF (entity switch.fake_head_living_heater)
2026-05-04 11:35:13.316 DEBUG (MainThread) [custom_components.multisplit_zone_controller.coordinator] Finished fetching multisplit_zone_controller[unit_1] data in 0.022 seconds (success: True)
2026-05-04 11:35:43.291 DEBUG (MainThread) [custom_components.multisplit_zone_controller.units] Unknown temperature unit '%'; treating value 45.0 as Celsius
2026-05-04 11:35:43.292 DEBUG (MainThread) [custom_components.multisplit_zone_controller.units] Unknown temperature unit '%'; treating value 45.0 as Celsius
2026-05-04 11:35:43.294 DEBUG (MainThread) [custom_components.multisplit_zone_controller.dispatch] Dispatched hvac_mode=off to climate.fake_head_living (zone living_room_zone, re-asserted)
2026-05-04 11:35:43.295 DEBUG (MainThread) [custom_components.multisplit_zone_controller.dispatch] Dispatched hvac_mode=off to climate.fake_head_bedroom (zone bed_zone, re-asserted)
2026-05-04 11:35:43.295 INFO (MainThread) [homeassistant.helpers.script.fake_living_aux_heater_turn_off] Fake Living Aux Heater turn_off: Running template script
2026-05-04 11:35:43.296 INFO (MainThread) [homeassistant.helpers.script.fake_living_aux_heater_turn_off] Fake Living Aux Heater turn_off: Executing step call service
2026-05-04 11:35:43.296 DEBUG (MainThread) [custom_components.multisplit_zone_controller.aux_heat_dispatch] Aux heat for zone living_room_zone -> OFF (entity switch.fake_head_living_heater)
2026-05-04 11:35:43.296 DEBUG (MainThread) [custom_components.multisplit_zone_controller.coordinator] Finished fetching multisplit_zone_controller[unit_1] data in 0.006 seconds (success: True)
2026-05-04 11:36:13.294 DEBUG (MainThread) [custom_components.multisplit_zone_controller.units] Unknown temperature unit '%'; treating value 45.0 as Celsius
2026-05-04 11:36:13.296 DEBUG (MainThread) [custom_components.multisplit_zone_controller.units] Unknown temperature unit '%'; treating value 45.0 as Celsius
2026-05-04 11:36:13.307 DEBUG (MainThread) [custom_components.multisplit_zone_controller.dispatch] Dispatched hvac_mode=off to climate.fake_head_living (zone living_room_zone, re-asserted)
2026-05-04 11:36:13.308 DEBUG (MainThread) [custom_components.multisplit_zone_controller.dispatch] Dispatched hvac_mode=off to climate.fake_head_bedroom (zone bed_zone, re-asserted)
2026-05-04 11:36:13.309 INFO (MainThread) [homeassistant.helpers.script.fake_living_aux_heater_turn_off] Fake Living Aux Heater turn_off: Running template script
2026-05-04 11:36:13.310 INFO (MainThread) [homeassistant.helpers.script.fake_living_aux_heater_turn_off] Fake Living Aux Heater turn_off: Executing step call service
2026-05-04 11:36:13.317 DEBUG (MainThread) [custom_components.multisplit_zone_controller.aux_heat_dispatch] Aux heat for zone living_room_zone -> OFF (entity switch.fake_head_living_heater)
2026-05-04 11:36:13.318 DEBUG (MainThread) [custom_components.multisplit_zone_controller.coordinator] Finished fetching multisplit_zone_controller[unit_1] data in 0.025 seconds (success: True)
2026-05-04 11:36:43.291 DEBUG (MainThread) [custom_components.multisplit_zone_controller.units] Unknown temperature unit '%'; treating value 45.0 as Celsius
2026-05-04 11:36:43.292 DEBUG (MainThread) [custom_components.multisplit_zone_controller.units] Unknown temperature unit '%'; treating value 45.0 as Celsius
2026-05-04 11:36:43.293 DEBUG (MainThread) [custom_components.multisplit_zone_controller.dispatch] Dispatched hvac_mode=off to climate.fake_head_living (zone living_room_zone, re-asserted)
2026-05-04 11:36:43.294 DEBUG (MainThread) [custom_components.multisplit_zone_controller.dispatch] Dispatched hvac_mode=off to climate.fake_head_bedroom (zone bed_zone, re-asserted)
2026-05-04 11:36:43.294 INFO (MainThread) [homeassistant.helpers.script.fake_living_aux_heater_turn_off] Fake Living Aux Heater turn_off: Running template script
2026-05-04 11:36:43.294 INFO (MainThread) [homeassistant.helpers.script.fake_living_aux_heater_turn_off] Fake Living Aux Heater turn_off: Executing step call service
2026-05-04 11:36:43.295 DEBUG (MainThread) [custom_components.multisplit_zone_controller.aux_heat_dispatch] Aux heat for zone living_room_zone -> OFF (entity switch.fake_head_living_heater)
2026-05-04 11:36:43.295 DEBUG (MainThread) [custom_components.multisplit_zone_controller.coordinator] Finished fetching multisplit_zone_controller[unit_1] data in 0.004 seconds (success: True)
2026-05-04 11:37:13.294 DEBUG (MainThread) [custom_components.multisplit_zone_controller.units] Unknown temperature unit '%'; treating value 45.0 as Celsius
2026-05-04 11:37:13.296 DEBUG (MainThread) [custom_components.multisplit_zone_controller.units] Unknown temperature unit '%'; treating value 45.0 as Celsius
2026-05-04 11:37:13.304 DEBUG (MainThread) [custom_components.multisplit_zone_controller.dispatch] Dispatched hvac_mode=off to climate.fake_head_living (zone living_room_zone, re-asserted)
2026-05-04 11:37:13.304 DEBUG (MainThread) [custom_components.multisplit_zone_controller.dispatch] Dispatched hvac_mode=off to climate.fake_head_bedroom (zone bed_zone, re-asserted)
2026-05-04 11:37:13.306 INFO (MainThread) [homeassistant.helpers.script.fake_living_aux_heater_turn_off] Fake Living Aux Heater turn_off: Running template script
2026-05-04 11:37:13.306 INFO (MainThread) [homeassistant.helpers.script.fake_living_aux_heater_turn_off] Fake Living Aux Heater turn_off: Executing step call service
2026-05-04 11:37:13.312 DEBUG (MainThread) [custom_components.multisplit_zone_controller.aux_heat_dispatch] Aux heat for zone living_room_zone -> OFF (entity switch.fake_head_living_heater)
2026-05-04 11:37:13.312 DEBUG (MainThread) [custom_components.multisplit_zone_controller.coordinator] Finished fetching multisplit_zone_controller[unit_1] data in 0.019 seconds (success: True)
2026-05-04 11:37:43.292 DEBUG (MainThread) [custom_components.multisplit_zone_controller.units] Unknown temperature unit '%'; treating value 45.0 as Celsius
2026-05-04 11:37:43.292 DEBUG (MainThread) [custom_components.multisplit_zone_controller.units] Unknown temperature unit '%'; treating value 45.0 as Celsius
2026-05-04 11:37:43.294 DEBUG (MainThread) [custom_components.multisplit_zone_controller.dispatch] Dispatched hvac_mode=off to climate.fake_head_living (zone living_room_zone, re-asserted)
2026-05-04 11:37:43.295 DEBUG (MainThread) [custom_components.multisplit_zone_controller.dispatch] Dispatched hvac_mode=off to climate.fake_head_bedroom (zone bed_zone, re-asserted)
2026-05-04 11:37:43.295 INFO (MainThread) [homeassistant.helpers.script.fake_living_aux_heater_turn_off] Fake Living Aux Heater turn_off: Running template script
2026-05-04 11:37:43.296 INFO (MainThread) [homeassistant.helpers.script.fake_living_aux_heater_turn_off] Fake Living Aux Heater turn_off: Executing step call service
2026-05-04 11:37:43.296 DEBUG (MainThread) [custom_components.multisplit_zone_controller.aux_heat_dispatch] Aux heat for zone living_room_zone -> OFF (entity switch.fake_head_living_heater)
2026-05-04 11:37:43.296 DEBUG (MainThread) [custom_components.multisplit_zone_controller.coordinator] Finished fetching multisplit_zone_controller[unit_1] data in 0.005 seconds (success: True)
2026-05-04 11:38:13.292 DEBUG (MainThread) [custom_components.multisplit_zone_controller.units] Unknown temperature unit '%'; treating value 45.0 as Celsius
2026-05-04 11:38:13.292 DEBUG (MainThread) [custom_components.multisplit_zone_controller.units] Unknown temperature unit '%'; treating value 45.0 as Celsius
2026-05-04 11:38:13.294 DEBUG (MainThread) [custom_components.multisplit_zone_controller.dispatch] Dispatched hvac_mode=off to climate.fake_head_living (zone living_room_zone, re-asserted)
2026-05-04 11:38:13.294 DEBUG (MainThread) [custom_components.multisplit_zone_controller.dispatch] Dispatched hvac_mode=off to climate.fake_head_bedroom (zone bed_zone, re-asserted)
2026-05-04 11:38:13.294 INFO (MainThread) [homeassistant.helpers.script.fake_living_aux_heater_turn_off] Fake Living Aux Heater turn_off: Running template script
2026-05-04 11:38:13.295 INFO (MainThread) [homeassistant.helpers.script.fake_living_aux_heater_turn_off] Fake Living Aux Heater turn_off: Executing step call service
2026-05-04 11:38:13.295 DEBUG (MainThread) [custom_components.multisplit_zone_controller.aux_heat_dispatch] Aux heat for zone living_room_zone -> OFF (entity switch.fake_head_living_heater)
2026-05-04 11:38:13.295 DEBUG (MainThread) [custom_components.multisplit_zone_controller.coordinator] Finished fetching multisplit_zone_controller[unit_1] data in 0.004 seconds (success: True)
2026-05-04 11:38:43.293 DEBUG (MainThread) [custom_components.multisplit_zone_controller.units] Unknown temperature unit '%'; treating value 45.0 as Celsius
2026-05-04 11:38:43.296 DEBUG (MainThread) [custom_components.multisplit_zone_controller.units] Unknown temperature unit '%'; treating value 45.0 as Celsius
2026-05-04 11:38:43.305 DEBUG (MainThread) [custom_components.multisplit_zone_controller.dispatch] Dispatched hvac_mode=off to climate.fake_head_living (zone living_room_zone, re-asserted)
2026-05-04 11:38:43.306 DEBUG (MainThread) [custom_components.multisplit_zone_controller.dispatch] Dispatched hvac_mode=off to climate.fake_head_bedroom (zone bed_zone, re-asserted)
2026-05-04 11:38:43.318 INFO (MainThread) [homeassistant.helpers.script.fake_living_aux_heater_turn_off] Fake Living Aux Heater turn_off: Running template script
2026-05-04 11:38:43.319 INFO (MainThread) [homeassistant.helpers.script.fake_living_aux_heater_turn_off] Fake Living Aux Heater turn_off: Executing step call service
2026-05-04 11:38:43.320 DEBUG (MainThread) [custom_components.multisplit_zone_controller.aux_heat_dispatch] Aux heat for zone living_room_zone -> OFF (entity switch.fake_head_living_heater)
2026-05-04 11:38:43.321 DEBUG (MainThread) [custom_components.multisplit_zone_controller.coordinator] Finished fetching multisplit_zone_controller[unit_1] data in 0.029 seconds (success: True)
2026-05-04 11:39:13.293 DEBUG (MainThread) [custom_components.multisplit_zone_controller.units] Unknown temperature unit '%'; treating value 45.0 as Celsius
2026-05-04 11:39:13.294 DEBUG (MainThread) [custom_components.multisplit_zone_controller.units] Unknown temperature unit '%'; treating value 45.0 as Celsius
2026-05-04 11:39:13.299 DEBUG (MainThread) [custom_components.multisplit_zone_controller.dispatch] Dispatched hvac_mode=off to climate.fake_head_living (zone living_room_zone, re-asserted)
2026-05-04 11:39:13.299 DEBUG (MainThread) [custom_components.multisplit_zone_controller.dispatch] Dispatched hvac_mode=off to climate.fake_head_bedroom (zone bed_zone, re-asserted)
2026-05-04 11:39:13.306 INFO (MainThread) [homeassistant.helpers.script.fake_living_aux_heater_turn_off] Fake Living Aux Heater turn_off: Running template script
2026-05-04 11:39:13.308 INFO (MainThread) [homeassistant.helpers.script.fake_living_aux_heater_turn_off] Fake Living Aux Heater turn_off: Executing step call service
2026-05-04 11:39:13.310 DEBUG (MainThread) [custom_components.multisplit_zone_controller.aux_heat_dispatch] Aux heat for zone living_room_zone -> OFF (entity switch.fake_head_living_heater)
2026-05-04 11:39:13.310 DEBUG (MainThread) [custom_components.multisplit_zone_controller.coordinator] Finished fetching multisplit_zone_controller[unit_1] data in 0.018 seconds (success: True)
2026-05-04 11:39:43.293 DEBUG (MainThread) [custom_components.multisplit_zone_controller.units] Unknown temperature unit '%'; treating value 45.0 as Celsius
2026-05-04 11:39:43.295 DEBUG (MainThread) [custom_components.multisplit_zone_controller.units] Unknown temperature unit '%'; treating value 45.0 as Celsius
2026-05-04 11:39:43.299 DEBUG (MainThread) [custom_components.multisplit_zone_controller.dispatch] Dispatched hvac_mode=off to climate.fake_head_living (zone living_room_zone, re-asserted)
2026-05-04 11:39:43.299 DEBUG (MainThread) [custom_components.multisplit_zone_controller.dispatch] Dispatched hvac_mode=off to climate.fake_head_bedroom (zone bed_zone, re-asserted)
2026-05-04 11:39:43.300 INFO (MainThread) [homeassistant.helpers.script.fake_living_aux_heater_turn_off] Fake Living Aux Heater turn_off: Running template script
2026-05-04 11:39:43.306 INFO (MainThread) [homeassistant.helpers.script.fake_living_aux_heater_turn_off] Fake Living Aux Heater turn_off: Executing step call service
2026-05-04 11:39:43.307 DEBUG (MainThread) [custom_components.multisplit_zone_controller.aux_heat_dispatch] Aux heat for zone living_room_zone -> OFF (entity switch.fake_head_living_heater)
2026-05-04 11:39:43.307 DEBUG (MainThread) [custom_components.multisplit_zone_controller.coordinator] Finished fetching multisplit_zone_controller[unit_1] data in 0.015 seconds (success: True)
2026-05-04 11:40:13.291 DEBUG (MainThread) [custom_components.multisplit_zone_controller.units] Unknown temperature unit '%'; treating value 45.0 as Celsius
2026-05-04 11:40:13.291 DEBUG (MainThread) [custom_components.multisplit_zone_controller.units] Unknown temperature unit '%'; treating value 45.0 as Celsius
2026-05-04 11:40:13.292 DEBUG (MainThread) [custom_components.multisplit_zone_controller.dispatch] Dispatched hvac_mode=off to climate.fake_head_living (zone living_room_zone, re-asserted)
2026-05-04 11:40:13.293 DEBUG (MainThread) [custom_components.multisplit_zone_controller.dispatch] Dispatched hvac_mode=off to climate.fake_head_bedroom (zone bed_zone, re-asserted)
2026-05-04 11:40:13.293 INFO (MainThread) [homeassistant.helpers.script.fake_living_aux_heater_turn_off] Fake Living Aux Heater turn_off: Running template script
2026-05-04 11:40:13.293 INFO (MainThread) [homeassistant.helpers.script.fake_living_aux_heater_turn_off] Fake Living Aux Heater turn_off: Executing step call service
2026-05-04 11:40:13.294 DEBUG (MainThread) [custom_components.multisplit_zone_controller.aux_heat_dispatch] Aux heat for zone living_room_zone -> OFF (entity switch.fake_head_living_heater)
2026-05-04 11:40:13.294 DEBUG (MainThread) [custom_components.multisplit_zone_controller.coordinator] Finished fetching multisplit_zone_controller[unit_1] data in 0.003 seconds (success: True)
2026-05-04 11:40:43.293 DEBUG (MainThread) [custom_components.multisplit_zone_controller.units] Unknown temperature unit '%'; treating value 45.0 as Celsius
2026-05-04 11:40:43.295 DEBUG (MainThread) [custom_components.multisplit_zone_controller.units] Unknown temperature unit '%'; treating value 45.0 as Celsius
2026-05-04 11:40:43.299 DEBUG (MainThread) [custom_components.multisplit_zone_controller.dispatch] Dispatched hvac_mode=off to climate.fake_head_living (zone living_room_zone, re-asserted)
2026-05-04 11:40:43.305 DEBUG (MainThread) [custom_components.multisplit_zone_controller.dispatch] Dispatched hvac_mode=off to climate.fake_head_bedroom (zone bed_zone, re-asserted)
2026-05-04 11:40:43.306 INFO (MainThread) [homeassistant.helpers.script.fake_living_aux_heater_turn_off] Fake Living Aux Heater turn_off: Running template script
2026-05-04 11:40:43.307 INFO (MainThread) [homeassistant.helpers.script.fake_living_aux_heater_turn_off] Fake Living Aux Heater turn_off: Executing step call service
2026-05-04 11:40:43.308 DEBUG (MainThread) [custom_components.multisplit_zone_controller.aux_heat_dispatch] Aux heat for zone living_room_zone -> OFF (entity switch.fake_head_living_heater)
2026-05-04 11:40:43.308 DEBUG (MainThread) [custom_components.multisplit_zone_controller.coordinator] Finished fetching multisplit_zone_controller[unit_1] data in 0.016 seconds (success: True)
2026-05-04 11:41:13.291 DEBUG (MainThread) [custom_components.multisplit_zone_controller.units] Unknown temperature unit '%'; treating value 45.0 as Celsius
2026-05-04 11:41:13.291 DEBUG (MainThread) [custom_components.multisplit_zone_controller.units] Unknown temperature unit '%'; treating value 45.0 as Celsius
2026-05-04 11:41:13.292 DEBUG (MainThread) [custom_components.multisplit_zone_controller.dispatch] Dispatched hvac_mode=off to climate.fake_head_living (zone living_room_zone, re-asserted)
2026-05-04 11:41:13.293 DEBUG (MainThread) [custom_components.multisplit_zone_controller.dispatch] Dispatched hvac_mode=off to climate.fake_head_bedroom (zone bed_zone, re-asserted)
2026-05-04 11:41:13.293 INFO (MainThread) [homeassistant.helpers.script.fake_living_aux_heater_turn_off] Fake Living Aux Heater turn_off: Running template script
2026-05-04 11:41:13.293 INFO (MainThread) [homeassistant.helpers.script.fake_living_aux_heater_turn_off] Fake Living Aux Heater turn_off: Executing step call service
2026-05-04 11:41:13.293 DEBUG (MainThread) [custom_components.multisplit_zone_controller.aux_heat_dispatch] Aux heat for zone living_room_zone -> OFF (entity switch.fake_head_living_heater)
2026-05-04 11:41:13.294 DEBUG (MainThread) [custom_components.multisplit_zone_controller.coordinator] Finished fetching multisplit_zone_controller[unit_1] data in 0.003 seconds (success: True)
2026-05-04 11:41:43.293 DEBUG (MainThread) [custom_components.multisplit_zone_controller.units] Unknown temperature unit '%'; treating value 45.0 as Celsius
2026-05-04 11:41:43.294 DEBUG (MainThread) [custom_components.multisplit_zone_controller.units] Unknown temperature unit '%'; treating value 45.0 as Celsius
2026-05-04 11:41:43.297 DEBUG (MainThread) [custom_components.multisplit_zone_controller.dispatch] Dispatched hvac_mode=off to climate.fake_head_living (zone living_room_zone, re-asserted)
2026-05-04 11:41:43.298 DEBUG (MainThread) [custom_components.multisplit_zone_controller.dispatch] Dispatched hvac_mode=off to climate.fake_head_bedroom (zone bed_zone, re-asserted)
2026-05-04 11:41:43.298 INFO (MainThread) [homeassistant.helpers.script.fake_living_aux_heater_turn_off] Fake Living Aux Heater turn_off: Running template script
2026-05-04 11:41:43.299 INFO (MainThread) [homeassistant.helpers.script.fake_living_aux_heater_turn_off] Fake Living Aux Heater turn_off: Executing step call service
2026-05-04 11:41:43.307 DEBUG (MainThread) [custom_components.multisplit_zone_controller.aux_heat_dispatch] Aux heat for zone living_room_zone -> OFF (entity switch.fake_head_living_heater)
2026-05-04 11:41:43.307 DEBUG (MainThread) [custom_components.multisplit_zone_controller.coordinator] Finished fetching multisplit_zone_controller[unit_1] data in 0.015 seconds (success: True)
2026-05-04 11:42:13.292 DEBUG (MainThread) [custom_components.multisplit_zone_controller.units] Unknown temperature unit '%'; treating value 45.0 as Celsius
2026-05-04 11:42:13.294 DEBUG (MainThread) [custom_components.multisplit_zone_controller.units] Unknown temperature unit '%'; treating value 45.0 as Celsius
2026-05-04 11:42:13.298 DEBUG (MainThread) [custom_components.multisplit_zone_controller.dispatch] Dispatched hvac_mode=off to climate.fake_head_living (zone living_room_zone, re-asserted)
2026-05-04 11:42:13.299 DEBUG (MainThread) [custom_components.multisplit_zone_controller.dispatch] Dispatched hvac_mode=off to climate.fake_head_bedroom (zone bed_zone, re-asserted)
2026-05-04 11:42:13.306 INFO (MainThread) [homeassistant.helpers.script.fake_living_aux_heater_turn_off] Fake Living Aux Heater turn_off: Running template script
2026-05-04 11:42:13.306 INFO (MainThread) [homeassistant.helpers.script.fake_living_aux_heater_turn_off] Fake Living Aux Heater turn_off: Executing step call service
2026-05-04 11:42:13.308 DEBUG (MainThread) [custom_components.multisplit_zone_controller.aux_heat_dispatch] Aux heat for zone living_room_zone -> OFF (entity switch.fake_head_living_heater)
2026-05-04 11:42:13.308 DEBUG (MainThread) [custom_components.multisplit_zone_controller.coordinator] Finished fetching multisplit_zone_controller[unit_1] data in 0.016 seconds (success: True)
2026-05-04 11:42:43.293 DEBUG (MainThread) [custom_components.multisplit_zone_controller.units] Unknown temperature unit '%'; treating value 45.0 as Celsius
2026-05-04 11:42:43.295 DEBUG (MainThread) [custom_components.multisplit_zone_controller.units] Unknown temperature unit '%'; treating value 45.0 as Celsius
2026-05-04 11:42:43.299 DEBUG (MainThread) [custom_components.multisplit_zone_controller.dispatch] Dispatched hvac_mode=off to climate.fake_head_living (zone living_room_zone, re-asserted)
2026-05-04 11:42:43.300 DEBUG (MainThread) [custom_components.multisplit_zone_controller.dispatch] Dispatched hvac_mode=off to climate.fake_head_bedroom (zone bed_zone, re-asserted)
2026-05-04 11:42:43.300 INFO (MainThread) [homeassistant.helpers.script.fake_living_aux_heater_turn_off] Fake Living Aux Heater turn_off: Running template script
2026-05-04 11:42:43.308 INFO (MainThread) [homeassistant.helpers.script.fake_living_aux_heater_turn_off] Fake Living Aux Heater turn_off: Executing step call service
2026-05-04 11:42:43.310 DEBUG (MainThread) [custom_components.multisplit_zone_controller.aux_heat_dispatch] Aux heat for zone living_room_zone -> OFF (entity switch.fake_head_living_heater)
2026-05-04 11:42:43.310 DEBUG (MainThread) [custom_components.multisplit_zone_controller.coordinator] Finished fetching multisplit_zone_controller[unit_1] data in 0.018 seconds (success: True)
2026-05-04 11:43:13.292 DEBUG (MainThread) [custom_components.multisplit_zone_controller.units] Unknown temperature unit '%'; treating value 45.0 as Celsius
2026-05-04 11:43:13.292 DEBUG (MainThread) [custom_components.multisplit_zone_controller.units] Unknown temperature unit '%'; treating value 45.0 as Celsius
2026-05-04 11:43:13.294 DEBUG (MainThread) [custom_components.multisplit_zone_controller.dispatch] Dispatched hvac_mode=off to climate.fake_head_living (zone living_room_zone, re-asserted)
2026-05-04 11:43:13.294 DEBUG (MainThread) [custom_components.multisplit_zone_controller.dispatch] Dispatched hvac_mode=off to climate.fake_head_bedroom (zone bed_zone, re-asserted)
2026-05-04 11:43:13.294 INFO (MainThread) [homeassistant.helpers.script.fake_living_aux_heater_turn_off] Fake Living Aux Heater turn_off: Running template script
2026-05-04 11:43:13.294 INFO (MainThread) [homeassistant.helpers.script.fake_living_aux_heater_turn_off] Fake Living Aux Heater turn_off: Executing step call service
2026-05-04 11:43:13.295 DEBUG (MainThread) [custom_components.multisplit_zone_controller.aux_heat_dispatch] Aux heat for zone living_room_zone -> OFF (entity switch.fake_head_living_heater)
2026-05-04 11:43:13.295 DEBUG (MainThread) [custom_components.multisplit_zone_controller.coordinator] Finished fetching multisplit_zone_controller[unit_1] data in 0.003 seconds (success: True)
2026-05-04 11:43:43.293 DEBUG (MainThread) [custom_components.multisplit_zone_controller.units] Unknown temperature unit '%'; treating value 45.0 as Celsius
2026-05-04 11:43:43.308 DEBUG (MainThread) [custom_components.multisplit_zone_controller.units] Unknown temperature unit '%'; treating value 45.0 as Celsius
2026-05-04 11:43:43.328 DEBUG (MainThread) [custom_components.multisplit_zone_controller.dispatch] Dispatched hvac_mode=off to climate.fake_head_living (zone living_room_zone, re-asserted)
2026-05-04 11:43:43.329 DEBUG (MainThread) [custom_components.multisplit_zone_controller.dispatch] Dispatched hvac_mode=off to climate.fake_head_bedroom (zone bed_zone, re-asserted)
2026-05-04 11:43:43.336 INFO (MainThread) [homeassistant.helpers.script.fake_living_aux_heater_turn_off] Fake Living Aux Heater turn_off: Running template script
2026-05-04 11:43:43.336 INFO (MainThread) [homeassistant.helpers.script.fake_living_aux_heater_turn_off] Fake Living Aux Heater turn_off: Executing step call service
2026-05-04 11:43:43.337 DEBUG (MainThread) [custom_components.multisplit_zone_controller.aux_heat_dispatch] Aux heat for zone living_room_zone -> OFF (entity switch.fake_head_living_heater)
2026-05-04 11:43:43.337 DEBUG (MainThread) [custom_components.multisplit_zone_controller.coordinator] Finished fetching multisplit_zone_controller[unit_1] data in 0.046 seconds (success: True)
2026-05-04 11:44:13.292 DEBUG (MainThread) [custom_components.multisplit_zone_controller.units] Unknown temperature unit '%'; treating value 45.0 as Celsius
2026-05-04 11:44:13.293 DEBUG (MainThread) [custom_components.multisplit_zone_controller.units] Unknown temperature unit '%'; treating value 45.0 as Celsius
2026-05-04 11:44:13.297 DEBUG (MainThread) [custom_components.multisplit_zone_controller.dispatch] Dispatched hvac_mode=off to climate.fake_head_living (zone living_room_zone, re-asserted)
2026-05-04 11:44:13.297 DEBUG (MainThread) [custom_components.multisplit_zone_controller.dispatch] Dispatched hvac_mode=off to climate.fake_head_bedroom (zone bed_zone, re-asserted)
2026-05-04 11:44:13.298 INFO (MainThread) [homeassistant.helpers.script.fake_living_aux_heater_turn_off] Fake Living Aux Heater turn_off: Running template script
2026-05-04 11:44:13.304 INFO (MainThread) [homeassistant.helpers.script.fake_living_aux_heater_turn_off] Fake Living Aux Heater turn_off: Executing step call service
2026-05-04 11:44:13.305 DEBUG (MainThread) [custom_components.multisplit_zone_controller.aux_heat_dispatch] Aux heat for zone living_room_zone -> OFF (entity switch.fake_head_living_heater)
2026-05-04 11:44:13.305 DEBUG (MainThread) [custom_components.multisplit_zone_controller.coordinator] Finished fetching multisplit_zone_controller[unit_1] data in 0.013 seconds (success: True)
2026-05-04 11:44:43.292 DEBUG (MainThread) [custom_components.multisplit_zone_controller.units] Unknown temperature unit '%'; treating value 45.0 as Celsius
2026-05-04 11:44:43.292 DEBUG (MainThread) [custom_components.multisplit_zone_controller.units] Unknown temperature unit '%'; treating value 45.0 as Celsius
2026-05-04 11:44:43.294 DEBUG (MainThread) [custom_components.multisplit_zone_controller.dispatch] Dispatched hvac_mode=off to climate.fake_head_living (zone living_room_zone, re-asserted)
2026-05-04 11:44:43.294 DEBUG (MainThread) [custom_components.multisplit_zone_controller.dispatch] Dispatched hvac_mode=off to climate.fake_head_bedroom (zone bed_zone, re-asserted)
2026-05-04 11:44:43.295 INFO (MainThread) [homeassistant.helpers.script.fake_living_aux_heater_turn_off] Fake Living Aux Heater turn_off: Running template script
2026-05-04 11:44:43.295 INFO (MainThread) [homeassistant.helpers.script.fake_living_aux_heater_turn_off] Fake Living Aux Heater turn_off: Executing step call service
2026-05-04 11:44:43.296 DEBUG (MainThread) [custom_components.multisplit_zone_controller.aux_heat_dispatch] Aux heat for zone living_room_zone -> OFF (entity switch.fake_head_living_heater)
2026-05-04 11:44:43.296 DEBUG (MainThread) [custom_components.multisplit_zone_controller.coordinator] Finished fetching multisplit_zone_controller[unit_1] data in 0.004 seconds (success: True)
2026-05-04 11:45:13.292 DEBUG (MainThread) [custom_components.multisplit_zone_controller.units] Unknown temperature unit '%'; treating value 45.0 as Celsius
2026-05-04 11:45:13.294 DEBUG (MainThread) [custom_components.multisplit_zone_controller.units] Unknown temperature unit '%'; treating value 45.0 as Celsius
2026-05-04 11:45:13.298 DEBUG (MainThread) [custom_components.multisplit_zone_controller.dispatch] Dispatched hvac_mode=off to climate.fake_head_living (zone living_room_zone, re-asserted)
2026-05-04 11:45:13.298 DEBUG (MainThread) [custom_components.multisplit_zone_controller.dispatch] Dispatched hvac_mode=off to climate.fake_head_bedroom (zone bed_zone, re-asserted)
2026-05-04 11:45:13.302 INFO (MainThread) [homeassistant.helpers.script.fake_living_aux_heater_turn_off] Fake Living Aux Heater turn_off: Running template script
2026-05-04 11:45:13.303 INFO (MainThread) [homeassistant.helpers.script.fake_living_aux_heater_turn_off] Fake Living Aux Heater turn_off: Executing step call service
2026-05-04 11:45:13.304 DEBUG (MainThread) [custom_components.multisplit_zone_controller.aux_heat_dispatch] Aux heat for zone living_room_zone -> OFF (entity switch.fake_head_living_heater)
2026-05-04 11:45:13.304 DEBUG (MainThread) [custom_components.multisplit_zone_controller.coordinator] Finished fetching multisplit_zone_controller[unit_1] data in 0.013 seconds (success: True)
2026-05-04 11:45:43.292 DEBUG (MainThread) [custom_components.multisplit_zone_controller.units] Unknown temperature unit '%'; treating value 45.0 as Celsius
2026-05-04 11:45:43.293 DEBUG (MainThread) [custom_components.multisplit_zone_controller.units] Unknown temperature unit '%'; treating value 45.0 as Celsius
2026-05-04 11:45:43.303 DEBUG (MainThread) [custom_components.multisplit_zone_controller.dispatch] Dispatched hvac_mode=off to climate.fake_head_living (zone living_room_zone, re-asserted)
2026-05-04 11:45:43.303 DEBUG (MainThread) [custom_components.multisplit_zone_controller.dispatch] Dispatched hvac_mode=off to climate.fake_head_bedroom (zone bed_zone, re-asserted)
2026-05-04 11:45:43.311 INFO (MainThread) [homeassistant.helpers.script.fake_living_aux_heater_turn_off] Fake Living Aux Heater turn_off: Running template script
2026-05-04 11:45:43.312 INFO (MainThread) [homeassistant.helpers.script.fake_living_aux_heater_turn_off] Fake Living Aux Heater turn_off: Executing step call service
2026-05-04 11:45:43.313 DEBUG (MainThread) [custom_components.multisplit_zone_controller.aux_heat_dispatch] Aux heat for zone living_room_zone -> OFF (entity switch.fake_head_living_heater)
2026-05-04 11:45:43.313 DEBUG (MainThread) [custom_components.multisplit_zone_controller.coordinator] Finished fetching multisplit_zone_controller[unit_1] data in 0.022 seconds (success: True)
2026-05-04 11:46:13.292 DEBUG (MainThread) [custom_components.multisplit_zone_controller.units] Unknown temperature unit '%'; treating value 45.0 as Celsius
2026-05-04 11:46:13.293 DEBUG (MainThread) [custom_components.multisplit_zone_controller.units] Unknown temperature unit '%'; treating value 45.0 as Celsius
2026-05-04 11:46:13.298 DEBUG (MainThread) [custom_components.multisplit_zone_controller.dispatch] Dispatched hvac_mode=off to climate.fake_head_living (zone living_room_zone, re-asserted)
2026-05-04 11:46:13.305 DEBUG (MainThread) [custom_components.multisplit_zone_controller.dispatch] Dispatched hvac_mode=off to climate.fake_head_bedroom (zone bed_zone, re-asserted)
2026-05-04 11:46:13.306 INFO (MainThread) [homeassistant.helpers.script.fake_living_aux_heater_turn_off] Fake Living Aux Heater turn_off: Running template script
2026-05-04 11:46:13.306 INFO (MainThread) [homeassistant.helpers.script.fake_living_aux_heater_turn_off] Fake Living Aux Heater turn_off: Executing step call service
2026-05-04 11:46:13.307 DEBUG (MainThread) [custom_components.multisplit_zone_controller.aux_heat_dispatch] Aux heat for zone living_room_zone -> OFF (entity switch.fake_head_living_heater)
2026-05-04 11:46:13.307 DEBUG (MainThread) [custom_components.multisplit_zone_controller.coordinator] Finished fetching multisplit_zone_controller[unit_1] data in 0.016 seconds (success: True)
2026-05-04 11:46:43.292 DEBUG (MainThread) [custom_components.multisplit_zone_controller.units] Unknown temperature unit '%'; treating value 45.0 as Celsius
2026-05-04 11:46:43.293 DEBUG (MainThread) [custom_components.multisplit_zone_controller.units] Unknown temperature unit '%'; treating value 45.0 as Celsius
2026-05-04 11:46:43.297 DEBUG (MainThread) [custom_components.multisplit_zone_controller.dispatch] Dispatched hvac_mode=off to climate.fake_head_living (zone living_room_zone, re-asserted)
2026-05-04 11:46:43.297 DEBUG (MainThread) [custom_components.multisplit_zone_controller.dispatch] Dispatched hvac_mode=off to climate.fake_head_bedroom (zone bed_zone, re-asserted)
2026-05-04 11:46:43.304 INFO (MainThread) [homeassistant.helpers.script.fake_living_aux_heater_turn_off] Fake Living Aux Heater turn_off: Running template script
2026-05-04 11:46:43.304 INFO (MainThread) [homeassistant.helpers.script.fake_living_aux_heater_turn_off] Fake Living Aux Heater turn_off: Executing step call service
2026-05-04 11:46:43.320 DEBUG (MainThread) [custom_components.multisplit_zone_controller.aux_heat_dispatch] Aux heat for zone living_room_zone -> OFF (entity switch.fake_head_living_heater)
2026-05-04 11:46:43.320 DEBUG (MainThread) [custom_components.multisplit_zone_controller.coordinator] Finished fetching multisplit_zone_controller[unit_1] data in 0.029 seconds (success: True)
2026-05-04 11:47:13.292 DEBUG (MainThread) [custom_components.multisplit_zone_controller.units] Unknown temperature unit '%'; treating value 45.0 as Celsius
2026-05-04 11:47:13.293 DEBUG (MainThread) [custom_components.multisplit_zone_controller.units] Unknown temperature unit '%'; treating value 45.0 as Celsius
2026-05-04 11:47:13.296 DEBUG (MainThread) [custom_components.multisplit_zone_controller.dispatch] Dispatched hvac_mode=off to climate.fake_head_living (zone living_room_zone, re-asserted)
2026-05-04 11:47:13.297 DEBUG (MainThread) [custom_components.multisplit_zone_controller.dispatch] Dispatched hvac_mode=off to climate.fake_head_bedroom (zone bed_zone, re-asserted)
2026-05-04 11:47:13.297 INFO (MainThread) [homeassistant.helpers.script.fake_living_aux_heater_turn_off] Fake Living Aux Heater turn_off: Running template script
2026-05-04 11:47:13.298 INFO (MainThread) [homeassistant.helpers.script.fake_living_aux_heater_turn_off] Fake Living Aux Heater turn_off: Executing step call service
2026-05-04 11:47:13.304 DEBUG (MainThread) [custom_components.multisplit_zone_controller.aux_heat_dispatch] Aux heat for zone living_room_zone -> OFF (entity switch.fake_head_living_heater)
2026-05-04 11:47:13.304 DEBUG (MainThread) [custom_components.multisplit_zone_controller.coordinator] Finished fetching multisplit_zone_controller[unit_1] data in 0.013 seconds (success: True)
2026-05-04 11:47:43.291 DEBUG (MainThread) [custom_components.multisplit_zone_controller.units] Unknown temperature unit '%'; treating value 45.0 as Celsius
2026-05-04 11:47:43.291 DEBUG (MainThread) [custom_components.multisplit_zone_controller.units] Unknown temperature unit '%'; treating value 45.0 as Celsius
2026-05-04 11:47:43.292 DEBUG (MainThread) [custom_components.multisplit_zone_controller.dispatch] Dispatched hvac_mode=off to climate.fake_head_living (zone living_room_zone, re-asserted)
2026-05-04 11:47:43.292 DEBUG (MainThread) [custom_components.multisplit_zone_controller.dispatch] Dispatched hvac_mode=off to climate.fake_head_bedroom (zone bed_zone, re-asserted)
2026-05-04 11:47:43.292 INFO (MainThread) [homeassistant.helpers.script.fake_living_aux_heater_turn_off] Fake Living Aux Heater turn_off: Running template script
2026-05-04 11:47:43.292 INFO (MainThread) [homeassistant.helpers.script.fake_living_aux_heater_turn_off] Fake Living Aux Heater turn_off: Executing step call service
2026-05-04 11:47:43.292 DEBUG (MainThread) [custom_components.multisplit_zone_controller.aux_heat_dispatch] Aux heat for zone living_room_zone -> OFF (entity switch.fake_head_living_heater)
2026-05-04 11:47:43.293 DEBUG (MainThread) [custom_components.multisplit_zone_controller.coordinator] Finished fetching multisplit_zone_controller[unit_1] data in 0.001 seconds (success: True)
2026-05-04 11:48:13.291 DEBUG (MainThread) [custom_components.multisplit_zone_controller.units] Unknown temperature unit '%'; treating value 45.0 as Celsius
2026-05-04 11:48:13.292 DEBUG (MainThread) [custom_components.multisplit_zone_controller.units] Unknown temperature unit '%'; treating value 45.0 as Celsius
2026-05-04 11:48:13.295 DEBUG (MainThread) [custom_components.multisplit_zone_controller.dispatch] Dispatched hvac_mode=off to climate.fake_head_living (zone living_room_zone, re-asserted)
2026-05-04 11:48:13.295 DEBUG (MainThread) [custom_components.multisplit_zone_controller.dispatch] Dispatched hvac_mode=off to climate.fake_head_bedroom (zone bed_zone, re-asserted)
2026-05-04 11:48:13.296 INFO (MainThread) [homeassistant.helpers.script.fake_living_aux_heater_turn_off] Fake Living Aux Heater turn_off: Running template script
2026-05-04 11:48:13.296 INFO (MainThread) [homeassistant.helpers.script.fake_living_aux_heater_turn_off] Fake Living Aux Heater turn_off: Executing step call service
2026-05-04 11:48:13.297 DEBUG (MainThread) [custom_components.multisplit_zone_controller.aux_heat_dispatch] Aux heat for zone living_room_zone -> OFF (entity switch.fake_head_living_heater)
2026-05-04 11:48:13.297 DEBUG (MainThread) [custom_components.multisplit_zone_controller.coordinator] Finished fetching multisplit_zone_controller[unit_1] data in 0.006 seconds (success: True)
2026-05-04 11:48:43.291 DEBUG (MainThread) [custom_components.multisplit_zone_controller.units] Unknown temperature unit '%'; treating value 45.0 as Celsius
2026-05-04 11:48:43.292 DEBUG (MainThread) [custom_components.multisplit_zone_controller.units] Unknown temperature unit '%'; treating value 45.0 as Celsius
2026-05-04 11:48:43.296 DEBUG (MainThread) [custom_components.multisplit_zone_controller.dispatch] Dispatched hvac_mode=off to climate.fake_head_living (zone living_room_zone, re-asserted)
2026-05-04 11:48:43.296 DEBUG (MainThread) [custom_components.multisplit_zone_controller.dispatch] Dispatched hvac_mode=off to climate.fake_head_bedroom (zone bed_zone, re-asserted)
2026-05-04 11:48:43.297 INFO (MainThread) [homeassistant.helpers.script.fake_living_aux_heater_turn_off] Fake Living Aux Heater turn_off: Running template script
2026-05-04 11:48:43.297 INFO (MainThread) [homeassistant.helpers.script.fake_living_aux_heater_turn_off] Fake Living Aux Heater turn_off: Executing step call service
2026-05-04 11:48:43.303 DEBUG (MainThread) [custom_components.multisplit_zone_controller.aux_heat_dispatch] Aux heat for zone living_room_zone -> OFF (entity switch.fake_head_living_heater)
2026-05-04 11:48:43.303 DEBUG (MainThread) [custom_components.multisplit_zone_controller.coordinator] Finished fetching multisplit_zone_controller[unit_1] data in 0.012 seconds (success: True)
2026-05-04 11:49:13.292 DEBUG (MainThread) [custom_components.multisplit_zone_controller.units] Unknown temperature unit '%'; treating value 45.0 as Celsius
2026-05-04 11:49:13.293 DEBUG (MainThread) [custom_components.multisplit_zone_controller.units] Unknown temperature unit '%'; treating value 45.0 as Celsius
2026-05-04 11:49:13.302 DEBUG (MainThread) [custom_components.multisplit_zone_controller.dispatch] Dispatched hvac_mode=off to climate.fake_head_living (zone living_room_zone, re-asserted)
2026-05-04 11:49:13.302 DEBUG (MainThread) [custom_components.multisplit_zone_controller.dispatch] Dispatched hvac_mode=off to climate.fake_head_bedroom (zone bed_zone, re-asserted)
2026-05-04 11:49:13.303 INFO (MainThread) [homeassistant.helpers.script.fake_living_aux_heater_turn_off] Fake Living Aux Heater turn_off: Running template script
2026-05-04 11:49:13.303 INFO (MainThread) [homeassistant.helpers.script.fake_living_aux_heater_turn_off] Fake Living Aux Heater turn_off: Executing step call service
2026-05-04 11:49:13.304 DEBUG (MainThread) [custom_components.multisplit_zone_controller.aux_heat_dispatch] Aux heat for zone living_room_zone -> OFF (entity switch.fake_head_living_heater)
2026-05-04 11:49:13.304 DEBUG (MainThread) [custom_components.multisplit_zone_controller.coordinator] Finished fetching multisplit_zone_controller[unit_1] data in 0.012 seconds (success: True)
2026-05-04 11:49:43.292 DEBUG (MainThread) [custom_components.multisplit_zone_controller.units] Unknown temperature unit '%'; treating value 45.0 as Celsius
2026-05-04 11:49:43.293 DEBUG (MainThread) [custom_components.multisplit_zone_controller.units] Unknown temperature unit '%'; treating value 45.0 as Celsius
2026-05-04 11:49:43.297 DEBUG (MainThread) [custom_components.multisplit_zone_controller.dispatch] Dispatched hvac_mode=off to climate.fake_head_living (zone living_room_zone, re-asserted)
2026-05-04 11:49:43.298 DEBUG (MainThread) [custom_components.multisplit_zone_controller.dispatch] Dispatched hvac_mode=off to climate.fake_head_bedroom (zone bed_zone, re-asserted)
2026-05-04 11:49:43.309 INFO (MainThread) [homeassistant.helpers.script.fake_living_aux_heater_turn_off] Fake Living Aux Heater turn_off: Running template script
2026-05-04 11:49:43.309 INFO (MainThread) [homeassistant.helpers.script.fake_living_aux_heater_turn_off] Fake Living Aux Heater turn_off: Executing step call service
2026-05-04 11:49:43.310 DEBUG (MainThread) [custom_components.multisplit_zone_controller.aux_heat_dispatch] Aux heat for zone living_room_zone -> OFF (entity switch.fake_head_living_heater)
2026-05-04 11:49:43.310 DEBUG (MainThread) [custom_components.multisplit_zone_controller.coordinator] Finished fetching multisplit_zone_controller[unit_1] data in 0.019 seconds (success: True)
2026-05-04 11:50:13.292 DEBUG (MainThread) [custom_components.multisplit_zone_controller.units] Unknown temperature unit '%'; treating value 45.0 as Celsius
2026-05-04 11:50:13.293 DEBUG (MainThread) [custom_components.multisplit_zone_controller.units] Unknown temperature unit '%'; treating value 45.0 as Celsius
2026-05-04 11:50:13.299 DEBUG (MainThread) [custom_components.multisplit_zone_controller.dispatch] Dispatched hvac_mode=off to climate.fake_head_living (zone living_room_zone, re-asserted)
2026-05-04 11:50:13.299 DEBUG (MainThread) [custom_components.multisplit_zone_controller.dispatch] Dispatched hvac_mode=off to climate.fake_head_bedroom (zone bed_zone, re-asserted)
2026-05-04 11:50:13.301 INFO (MainThread) [homeassistant.helpers.script.fake_living_aux_heater_turn_off] Fake Living Aux Heater turn_off: Running template script
2026-05-04 11:50:13.301 INFO (MainThread) [homeassistant.helpers.script.fake_living_aux_heater_turn_off] Fake Living Aux Heater turn_off: Executing step call service
2026-05-04 11:50:13.302 DEBUG (MainThread) [custom_components.multisplit_zone_controller.aux_heat_dispatch] Aux heat for zone living_room_zone -> OFF (entity switch.fake_head_living_heater)
2026-05-04 11:50:13.302 DEBUG (MainThread) [custom_components.multisplit_zone_controller.coordinator] Finished fetching multisplit_zone_controller[unit_1] data in 0.011 seconds (success: True)
2026-05-04 11:50:43.291 DEBUG (MainThread) [custom_components.multisplit_zone_controller.units] Unknown temperature unit '%'; treating value 45.0 as Celsius
2026-05-04 11:50:43.292 DEBUG (MainThread) [custom_components.multisplit_zone_controller.units] Unknown temperature unit '%'; treating value 45.0 as Celsius
2026-05-04 11:50:43.300 DEBUG (MainThread) [custom_components.multisplit_zone_controller.dispatch] Dispatched hvac_mode=off to climate.fake_head_living (zone living_room_zone, re-asserted)
2026-05-04 11:50:43.301 DEBUG (MainThread) [custom_components.multisplit_zone_controller.dispatch] Dispatched hvac_mode=off to climate.fake_head_bedroom (zone bed_zone, re-asserted)
2026-05-04 11:50:43.301 INFO (MainThread) [homeassistant.helpers.script.fake_living_aux_heater_turn_off] Fake Living Aux Heater turn_off: Running template script
2026-05-04 11:50:43.302 INFO (MainThread) [homeassistant.helpers.script.fake_living_aux_heater_turn_off] Fake Living Aux Heater turn_off: Executing step call service
2026-05-04 11:50:43.303 DEBUG (MainThread) [custom_components.multisplit_zone_controller.aux_heat_dispatch] Aux heat for zone living_room_zone -> OFF (entity switch.fake_head_living_heater)
2026-05-04 11:50:43.303 DEBUG (MainThread) [custom_components.multisplit_zone_controller.coordinator] Finished fetching multisplit_zone_controller[unit_1] data in 0.012 seconds (success: True)
2026-05-04 11:51:13.293 DEBUG (MainThread) [custom_components.multisplit_zone_controller.units] Unknown temperature unit '%'; treating value 45.0 as Celsius
2026-05-04 11:51:13.294 DEBUG (MainThread) [custom_components.multisplit_zone_controller.units] Unknown temperature unit '%'; treating value 45.0 as Celsius
2026-05-04 11:51:13.302 DEBUG (MainThread) [custom_components.multisplit_zone_controller.dispatch] Dispatched hvac_mode=off to climate.fake_head_living (zone living_room_zone, re-asserted)
2026-05-04 11:51:13.303 DEBUG (MainThread) [custom_components.multisplit_zone_controller.dispatch] Dispatched hvac_mode=off to climate.fake_head_bedroom (zone bed_zone, re-asserted)
2026-05-04 11:51:13.304 INFO (MainThread) [homeassistant.helpers.script.fake_living_aux_heater_turn_off] Fake Living Aux Heater turn_off: Running template script
2026-05-04 11:51:13.304 INFO (MainThread) [homeassistant.helpers.script.fake_living_aux_heater_turn_off] Fake Living Aux Heater turn_off: Executing step call service
2026-05-04 11:51:13.305 DEBUG (MainThread) [custom_components.multisplit_zone_controller.aux_heat_dispatch] Aux heat for zone living_room_zone -> OFF (entity switch.fake_head_living_heater)
2026-05-04 11:51:13.305 DEBUG (MainThread) [custom_components.multisplit_zone_controller.coordinator] Finished fetching multisplit_zone_controller[unit_1] data in 0.014 seconds (success: True)
2026-05-04 11:51:43.293 DEBUG (MainThread) [custom_components.multisplit_zone_controller.units] Unknown temperature unit '%'; treating value 45.0 as Celsius
2026-05-04 11:51:43.296 DEBUG (MainThread) [custom_components.multisplit_zone_controller.units] Unknown temperature unit '%'; treating value 45.0 as Celsius
2026-05-04 11:51:43.316 DEBUG (MainThread) [custom_components.multisplit_zone_controller.dispatch] Dispatched hvac_mode=off to climate.fake_head_living (zone living_room_zone, re-asserted)
2026-05-04 11:51:43.318 DEBUG (MainThread) [custom_components.multisplit_zone_controller.dispatch] Dispatched hvac_mode=off to climate.fake_head_bedroom (zone bed_zone, re-asserted)
2026-05-04 11:51:43.320 INFO (MainThread) [homeassistant.helpers.script.fake_living_aux_heater_turn_off] Fake Living Aux Heater turn_off: Running template script
2026-05-04 11:51:43.327 INFO (MainThread) [homeassistant.helpers.script.fake_living_aux_heater_turn_off] Fake Living Aux Heater turn_off: Executing step call service
2026-05-04 11:51:43.328 DEBUG (MainThread) [custom_components.multisplit_zone_controller.aux_heat_dispatch] Aux heat for zone living_room_zone -> OFF (entity switch.fake_head_living_heater)
2026-05-04 11:51:43.329 DEBUG (MainThread) [custom_components.multisplit_zone_controller.coordinator] Finished fetching multisplit_zone_controller[unit_1] data in 0.037 seconds (success: True)
2026-05-04 11:52:13.295 DEBUG (MainThread) [custom_components.multisplit_zone_controller.units] Unknown temperature unit '%'; treating value 45.0 as Celsius
2026-05-04 11:52:13.301 DEBUG (MainThread) [custom_components.multisplit_zone_controller.units] Unknown temperature unit '%'; treating value 45.0 as Celsius
2026-05-04 11:52:13.317 DEBUG (MainThread) [custom_components.multisplit_zone_controller.dispatch] Dispatched hvac_mode=off to climate.fake_head_living (zone living_room_zone, re-asserted)
2026-05-04 11:52:13.317 DEBUG (MainThread) [custom_components.multisplit_zone_controller.dispatch] Dispatched hvac_mode=off to climate.fake_head_bedroom (zone bed_zone, re-asserted)
2026-05-04 11:52:13.319 INFO (MainThread) [homeassistant.helpers.script.fake_living_aux_heater_turn_off] Fake Living Aux Heater turn_off: Running template script
2026-05-04 11:52:13.320 INFO (MainThread) [homeassistant.helpers.script.fake_living_aux_heater_turn_off] Fake Living Aux Heater turn_off: Executing step call service
2026-05-04 11:52:13.321 DEBUG (MainThread) [custom_components.multisplit_zone_controller.aux_heat_dispatch] Aux heat for zone living_room_zone -> OFF (entity switch.fake_head_living_heater)
2026-05-04 11:52:13.322 DEBUG (MainThread) [custom_components.multisplit_zone_controller.coordinator] Finished fetching multisplit_zone_controller[unit_1] data in 0.029 seconds (success: True)
2026-05-04 11:52:43.293 DEBUG (MainThread) [custom_components.multisplit_zone_controller.units] Unknown temperature unit '%'; treating value 45.0 as Celsius
2026-05-04 11:52:43.295 DEBUG (MainThread) [custom_components.multisplit_zone_controller.units] Unknown temperature unit '%'; treating value 45.0 as Celsius
2026-05-04 11:52:43.318 DEBUG (MainThread) [custom_components.multisplit_zone_controller.dispatch] Dispatched hvac_mode=off to climate.fake_head_living (zone living_room_zone, re-asserted)
2026-05-04 11:52:43.321 DEBUG (MainThread) [custom_components.multisplit_zone_controller.dispatch] Dispatched hvac_mode=off to climate.fake_head_bedroom (zone bed_zone, re-asserted)
2026-05-04 11:52:43.340 INFO (MainThread) [homeassistant.helpers.script.fake_living_aux_heater_turn_off] Fake Living Aux Heater turn_off: Running template script
2026-05-04 11:52:43.341 INFO (MainThread) [homeassistant.helpers.script.fake_living_aux_heater_turn_off] Fake Living Aux Heater turn_off: Executing step call service
2026-05-04 11:52:43.343 DEBUG (MainThread) [custom_components.multisplit_zone_controller.aux_heat_dispatch] Aux heat for zone living_room_zone -> OFF (entity switch.fake_head_living_heater)
2026-05-04 11:52:43.343 DEBUG (MainThread) [custom_components.multisplit_zone_controller.coordinator] Finished fetching multisplit_zone_controller[unit_1] data in 0.051 seconds (success: True)
2026-05-04 11:53:13.295 DEBUG (MainThread) [custom_components.multisplit_zone_controller.units] Unknown temperature unit '%'; treating value 45.0 as Celsius
2026-05-04 11:53:13.296 DEBUG (MainThread) [custom_components.multisplit_zone_controller.units] Unknown temperature unit '%'; treating value 45.0 as Celsius
2026-05-04 11:53:13.307 DEBUG (MainThread) [custom_components.multisplit_zone_controller.dispatch] Dispatched hvac_mode=off to climate.fake_head_living (zone living_room_zone, re-asserted)
2026-05-04 11:53:13.307 DEBUG (MainThread) [custom_components.multisplit_zone_controller.dispatch] Dispatched hvac_mode=off to climate.fake_head_bedroom (zone bed_zone, re-asserted)
2026-05-04 11:53:13.308 INFO (MainThread) [homeassistant.helpers.script.fake_living_aux_heater_turn_off] Fake Living Aux Heater turn_off: Running template script
2026-05-04 11:53:13.309 INFO (MainThread) [homeassistant.helpers.script.fake_living_aux_heater_turn_off] Fake Living Aux Heater turn_off: Executing step call service
2026-05-04 11:53:13.315 DEBUG (MainThread) [custom_components.multisplit_zone_controller.aux_heat_dispatch] Aux heat for zone living_room_zone -> OFF (entity switch.fake_head_living_heater)
2026-05-04 11:53:13.315 DEBUG (MainThread) [custom_components.multisplit_zone_controller.coordinator] Finished fetching multisplit_zone_controller[unit_1] data in 0.022 seconds (success: True)
2026-05-04 11:53:43.294 DEBUG (MainThread) [custom_components.multisplit_zone_controller.units] Unknown temperature unit '%'; treating value 45.0 as Celsius
2026-05-04 11:53:43.299 DEBUG (MainThread) [custom_components.multisplit_zone_controller.units] Unknown temperature unit '%'; treating value 45.0 as Celsius
2026-05-04 11:53:43.326 DEBUG (MainThread) [custom_components.multisplit_zone_controller.dispatch] Dispatched hvac_mode=off to climate.fake_head_living (zone living_room_zone, re-asserted)
2026-05-04 11:53:43.326 DEBUG (MainThread) [custom_components.multisplit_zone_controller.dispatch] Dispatched hvac_mode=off to climate.fake_head_bedroom (zone bed_zone, re-asserted)
2026-05-04 11:53:43.327 INFO (MainThread) [homeassistant.helpers.script.fake_living_aux_heater_turn_off] Fake Living Aux Heater turn_off: Running template script
2026-05-04 11:53:43.328 INFO (MainThread) [homeassistant.helpers.script.fake_living_aux_heater_turn_off] Fake Living Aux Heater turn_off: Executing step call service
2026-05-04 11:53:43.328 DEBUG (MainThread) [custom_components.multisplit_zone_controller.aux_heat_dispatch] Aux heat for zone living_room_zone -> OFF (entity switch.fake_head_living_heater)
2026-05-04 11:53:43.328 DEBUG (MainThread) [custom_components.multisplit_zone_controller.coordinator] Finished fetching multisplit_zone_controller[unit_1] data in 0.036 seconds (success: True)
2026-05-04 11:54:13.295 DEBUG (MainThread) [custom_components.multisplit_zone_controller.units] Unknown temperature unit '%'; treating value 45.0 as Celsius
2026-05-04 11:54:13.297 DEBUG (MainThread) [custom_components.multisplit_zone_controller.units] Unknown temperature unit '%'; treating value 45.0 as Celsius
2026-05-04 11:54:13.306 DEBUG (MainThread) [custom_components.multisplit_zone_controller.dispatch] Dispatched hvac_mode=off to climate.fake_head_living (zone living_room_zone, re-asserted)
2026-05-04 11:54:13.307 DEBUG (MainThread) [custom_components.multisplit_zone_controller.dispatch] Dispatched hvac_mode=off to climate.fake_head_bedroom (zone bed_zone, re-asserted)
2026-05-04 11:54:13.314 INFO (MainThread) [homeassistant.helpers.script.fake_living_aux_heater_turn_off] Fake Living Aux Heater turn_off: Running template script
2026-05-04 11:54:13.315 INFO (MainThread) [homeassistant.helpers.script.fake_living_aux_heater_turn_off] Fake Living Aux Heater turn_off: Executing step call service
2026-05-04 11:54:13.316 DEBUG (MainThread) [custom_components.multisplit_zone_controller.aux_heat_dispatch] Aux heat for zone living_room_zone -> OFF (entity switch.fake_head_living_heater)
2026-05-04 11:54:13.316 DEBUG (MainThread) [custom_components.multisplit_zone_controller.coordinator] Finished fetching multisplit_zone_controller[unit_1] data in 0.024 seconds (success: True)
2026-05-04 11:54:43.293 DEBUG (MainThread) [custom_components.multisplit_zone_controller.units] Unknown temperature unit '%'; treating value 45.0 as Celsius
2026-05-04 11:54:43.295 DEBUG (MainThread) [custom_components.multisplit_zone_controller.units] Unknown temperature unit '%'; treating value 45.0 as Celsius
2026-05-04 11:54:43.309 DEBUG (MainThread) [custom_components.multisplit_zone_controller.dispatch] Dispatched hvac_mode=off to climate.fake_head_living (zone living_room_zone, re-asserted)
2026-05-04 11:54:43.310 DEBUG (MainThread) [custom_components.multisplit_zone_controller.dispatch] Dispatched hvac_mode=off to climate.fake_head_bedroom (zone bed_zone, re-asserted)
2026-05-04 11:54:43.321 INFO (MainThread) [homeassistant.helpers.script.fake_living_aux_heater_turn_off] Fake Living Aux Heater turn_off: Running template script
2026-05-04 11:54:43.327 INFO (MainThread) [homeassistant.helpers.script.fake_living_aux_heater_turn_off] Fake Living Aux Heater turn_off: Executing step call service
2026-05-04 11:54:43.334 DEBUG (MainThread) [custom_components.multisplit_zone_controller.aux_heat_dispatch] Aux heat for zone living_room_zone -> OFF (entity switch.fake_head_living_heater)
2026-05-04 11:54:43.334 DEBUG (MainThread) [custom_components.multisplit_zone_controller.coordinator] Finished fetching multisplit_zone_controller[unit_1] data in 0.042 seconds (success: True)
2026-05-04 11:55:13.292 DEBUG (MainThread) [custom_components.multisplit_zone_controller.units] Unknown temperature unit '%'; treating value 45.0 as Celsius
2026-05-04 11:55:13.293 DEBUG (MainThread) [custom_components.multisplit_zone_controller.units] Unknown temperature unit '%'; treating value 45.0 as Celsius
2026-05-04 11:55:13.296 DEBUG (MainThread) [custom_components.multisplit_zone_controller.dispatch] Dispatched hvac_mode=off to climate.fake_head_living (zone living_room_zone, re-asserted)
2026-05-04 11:55:13.297 DEBUG (MainThread) [custom_components.multisplit_zone_controller.dispatch] Dispatched hvac_mode=off to climate.fake_head_bedroom (zone bed_zone, re-asserted)
2026-05-04 11:55:13.298 INFO (MainThread) [homeassistant.helpers.script.fake_living_aux_heater_turn_off] Fake Living Aux Heater turn_off: Running template script
2026-05-04 11:55:13.302 INFO (MainThread) [homeassistant.helpers.script.fake_living_aux_heater_turn_off] Fake Living Aux Heater turn_off: Executing step call service
2026-05-04 11:55:13.303 DEBUG (MainThread) [custom_components.multisplit_zone_controller.aux_heat_dispatch] Aux heat for zone living_room_zone -> OFF (entity switch.fake_head_living_heater)
2026-05-04 11:55:13.303 DEBUG (MainThread) [custom_components.multisplit_zone_controller.coordinator] Finished fetching multisplit_zone_controller[unit_1] data in 0.012 seconds (success: True)
2026-05-04 11:55:43.292 DEBUG (MainThread) [custom_components.multisplit_zone_controller.units] Unknown temperature unit '%'; treating value 45.0 as Celsius
2026-05-04 11:55:43.293 DEBUG (MainThread) [custom_components.multisplit_zone_controller.units] Unknown temperature unit '%'; treating value 45.0 as Celsius
2026-05-04 11:55:43.297 DEBUG (MainThread) [custom_components.multisplit_zone_controller.dispatch] Dispatched hvac_mode=off to climate.fake_head_living (zone living_room_zone, re-asserted)
2026-05-04 11:55:43.298 DEBUG (MainThread) [custom_components.multisplit_zone_controller.dispatch] Dispatched hvac_mode=off to climate.fake_head_bedroom (zone bed_zone, re-asserted)
2026-05-04 11:55:43.305 INFO (MainThread) [homeassistant.helpers.script.fake_living_aux_heater_turn_off] Fake Living Aux Heater turn_off: Running template script
2026-05-04 11:55:43.305 INFO (MainThread) [homeassistant.helpers.script.fake_living_aux_heater_turn_off] Fake Living Aux Heater turn_off: Executing step call service
2026-05-04 11:55:43.306 DEBUG (MainThread) [custom_components.multisplit_zone_controller.aux_heat_dispatch] Aux heat for zone living_room_zone -> OFF (entity switch.fake_head_living_heater)
2026-05-04 11:55:43.306 DEBUG (MainThread) [custom_components.multisplit_zone_controller.coordinator] Finished fetching multisplit_zone_controller[unit_1] data in 0.015 seconds (success: True)
2026-05-04 11:56:13.292 DEBUG (MainThread) [custom_components.multisplit_zone_controller.units] Unknown temperature unit '%'; treating value 45.0 as Celsius
2026-05-04 11:56:13.294 DEBUG (MainThread) [custom_components.multisplit_zone_controller.units] Unknown temperature unit '%'; treating value 45.0 as Celsius
2026-05-04 11:56:13.304 DEBUG (MainThread) [custom_components.multisplit_zone_controller.dispatch] Dispatched hvac_mode=off to climate.fake_head_living (zone living_room_zone, re-asserted)
2026-05-04 11:56:13.305 DEBUG (MainThread) [custom_components.multisplit_zone_controller.dispatch] Dispatched hvac_mode=off to climate.fake_head_bedroom (zone bed_zone, re-asserted)
2026-05-04 11:56:13.306 INFO (MainThread) [homeassistant.helpers.script.fake_living_aux_heater_turn_off] Fake Living Aux Heater turn_off: Running template script
2026-05-04 11:56:13.307 INFO (MainThread) [homeassistant.helpers.script.fake_living_aux_heater_turn_off] Fake Living Aux Heater turn_off: Executing step call service
2026-05-04 11:56:13.313 DEBUG (MainThread) [custom_components.multisplit_zone_controller.aux_heat_dispatch] Aux heat for zone living_room_zone -> OFF (entity switch.fake_head_living_heater)
2026-05-04 11:56:13.313 DEBUG (MainThread) [custom_components.multisplit_zone_controller.coordinator] Finished fetching multisplit_zone_controller[unit_1] data in 0.022 seconds (success: True)
2026-05-04 11:56:43.294 DEBUG (MainThread) [custom_components.multisplit_zone_controller.units] Unknown temperature unit '%'; treating value 45.0 as Celsius
2026-05-04 11:56:43.295 DEBUG (MainThread) [custom_components.multisplit_zone_controller.units] Unknown temperature unit '%'; treating value 45.0 as Celsius
2026-05-04 11:56:43.307 DEBUG (MainThread) [custom_components.multisplit_zone_controller.dispatch] Dispatched hvac_mode=off to climate.fake_head_living (zone living_room_zone, re-asserted)
2026-05-04 11:56:43.307 DEBUG (MainThread) [custom_components.multisplit_zone_controller.dispatch] Dispatched hvac_mode=off to climate.fake_head_bedroom (zone bed_zone, re-asserted)
2026-05-04 11:56:43.308 INFO (MainThread) [homeassistant.helpers.script.fake_living_aux_heater_turn_off] Fake Living Aux Heater turn_off: Running template script
2026-05-04 11:56:43.308 INFO (MainThread) [homeassistant.helpers.script.fake_living_aux_heater_turn_off] Fake Living Aux Heater turn_off: Executing step call service
2026-05-04 11:56:43.309 DEBUG (MainThread) [custom_components.multisplit_zone_controller.aux_heat_dispatch] Aux heat for zone living_room_zone -> OFF (entity switch.fake_head_living_heater)
2026-05-04 11:56:43.309 DEBUG (MainThread) [custom_components.multisplit_zone_controller.coordinator] Finished fetching multisplit_zone_controller[unit_1] data in 0.017 seconds (success: True)
2026-05-04 11:57:13.292 DEBUG (MainThread) [custom_components.multisplit_zone_controller.units] Unknown temperature unit '%'; treating value 45.0 as Celsius
2026-05-04 11:57:13.293 DEBUG (MainThread) [custom_components.multisplit_zone_controller.units] Unknown temperature unit '%'; treating value 45.0 as Celsius
2026-05-04 11:57:13.313 DEBUG (MainThread) [custom_components.multisplit_zone_controller.dispatch] Dispatched hvac_mode=off to climate.fake_head_living (zone living_room_zone, re-asserted)
2026-05-04 11:57:13.314 DEBUG (MainThread) [custom_components.multisplit_zone_controller.dispatch] Dispatched hvac_mode=off to climate.fake_head_bedroom (zone bed_zone, re-asserted)
2026-05-04 11:57:13.318 INFO (MainThread) [homeassistant.helpers.script.fake_living_aux_heater_turn_off] Fake Living Aux Heater turn_off: Running template script
2026-05-04 11:57:13.318 INFO (MainThread) [homeassistant.helpers.script.fake_living_aux_heater_turn_off] Fake Living Aux Heater turn_off: Executing step call service
2026-05-04 11:57:13.319 DEBUG (MainThread) [custom_components.multisplit_zone_controller.aux_heat_dispatch] Aux heat for zone living_room_zone -> OFF (entity switch.fake_head_living_heater)
2026-05-04 11:57:13.319 DEBUG (MainThread) [custom_components.multisplit_zone_controller.coordinator] Finished fetching multisplit_zone_controller[unit_1] data in 0.027 seconds (success: True)
2026-05-04 11:57:43.294 DEBUG (MainThread) [custom_components.multisplit_zone_controller.units] Unknown temperature unit '%'; treating value 45.0 as Celsius
2026-05-04 11:57:43.296 DEBUG (MainThread) [custom_components.multisplit_zone_controller.units] Unknown temperature unit '%'; treating value 45.0 as Celsius
2026-05-04 11:57:43.308 DEBUG (MainThread) [custom_components.multisplit_zone_controller.dispatch] Dispatched hvac_mode=off to climate.fake_head_living (zone living_room_zone, re-asserted)
2026-05-04 11:57:43.308 DEBUG (MainThread) [custom_components.multisplit_zone_controller.dispatch] Dispatched hvac_mode=off to climate.fake_head_bedroom (zone bed_zone, re-asserted)
2026-05-04 11:57:43.310 INFO (MainThread) [homeassistant.helpers.script.fake_living_aux_heater_turn_off] Fake Living Aux Heater turn_off: Running template script
2026-05-04 11:57:43.311 INFO (MainThread) [homeassistant.helpers.script.fake_living_aux_heater_turn_off] Fake Living Aux Heater turn_off: Executing step call service
2026-05-04 11:57:43.319 DEBUG (MainThread) [custom_components.multisplit_zone_controller.aux_heat_dispatch] Aux heat for zone living_room_zone -> OFF (entity switch.fake_head_living_heater)
2026-05-04 11:57:43.319 DEBUG (MainThread) [custom_components.multisplit_zone_controller.coordinator] Finished fetching multisplit_zone_controller[unit_1] data in 0.027 seconds (success: True)
2026-05-04 11:58:13.293 DEBUG (MainThread) [custom_components.multisplit_zone_controller.units] Unknown temperature unit '%'; treating value 45.0 as Celsius
2026-05-04 11:58:13.295 DEBUG (MainThread) [custom_components.multisplit_zone_controller.units] Unknown temperature unit '%'; treating value 45.0 as Celsius
2026-05-04 11:58:13.300 DEBUG (MainThread) [custom_components.multisplit_zone_controller.dispatch] Dispatched hvac_mode=off to climate.fake_head_living (zone living_room_zone, re-asserted)
2026-05-04 11:58:13.306 DEBUG (MainThread) [custom_components.multisplit_zone_controller.dispatch] Dispatched hvac_mode=off to climate.fake_head_bedroom (zone bed_zone, re-asserted)
2026-05-04 11:58:13.307 INFO (MainThread) [homeassistant.helpers.script.fake_living_aux_heater_turn_off] Fake Living Aux Heater turn_off: Running template script
2026-05-04 11:58:13.307 INFO (MainThread) [homeassistant.helpers.script.fake_living_aux_heater_turn_off] Fake Living Aux Heater turn_off: Executing step call service
2026-05-04 11:58:13.308 DEBUG (MainThread) [custom_components.multisplit_zone_controller.aux_heat_dispatch] Aux heat for zone living_room_zone -> OFF (entity switch.fake_head_living_heater)
2026-05-04 11:58:13.308 DEBUG (MainThread) [custom_components.multisplit_zone_controller.coordinator] Finished fetching multisplit_zone_controller[unit_1] data in 0.016 seconds (success: True)
2026-05-04 11:58:43.293 DEBUG (MainThread) [custom_components.multisplit_zone_controller.units] Unknown temperature unit '%'; treating value 45.0 as Celsius
2026-05-04 11:58:43.295 DEBUG (MainThread) [custom_components.multisplit_zone_controller.units] Unknown temperature unit '%'; treating value 45.0 as Celsius
2026-05-04 11:58:43.300 DEBUG (MainThread) [custom_components.multisplit_zone_controller.dispatch] Dispatched hvac_mode=off to climate.fake_head_living (zone living_room_zone, re-asserted)
2026-05-04 11:58:43.300 DEBUG (MainThread) [custom_components.multisplit_zone_controller.dispatch] Dispatched hvac_mode=off to climate.fake_head_bedroom (zone bed_zone, re-asserted)
2026-05-04 11:58:43.307 INFO (MainThread) [homeassistant.helpers.script.fake_living_aux_heater_turn_off] Fake Living Aux Heater turn_off: Running template script
2026-05-04 11:58:43.307 INFO (MainThread) [homeassistant.helpers.script.fake_living_aux_heater_turn_off] Fake Living Aux Heater turn_off: Executing step call service
2026-05-04 11:58:43.308 DEBUG (MainThread) [custom_components.multisplit_zone_controller.aux_heat_dispatch] Aux heat for zone living_room_zone -> OFF (entity switch.fake_head_living_heater)
2026-05-04 11:58:43.308 DEBUG (MainThread) [custom_components.multisplit_zone_controller.coordinator] Finished fetching multisplit_zone_controller[unit_1] data in 0.016 seconds (success: True)
2026-05-04 11:59:13.291 DEBUG (MainThread) [custom_components.multisplit_zone_controller.units] Unknown temperature unit '%'; treating value 45.0 as Celsius
2026-05-04 11:59:13.292 DEBUG (MainThread) [custom_components.multisplit_zone_controller.units] Unknown temperature unit '%'; treating value 45.0 as Celsius
2026-05-04 11:59:13.294 DEBUG (MainThread) [custom_components.multisplit_zone_controller.dispatch] Dispatched hvac_mode=off to climate.fake_head_living (zone living_room_zone, re-asserted)
2026-05-04 11:59:13.295 DEBUG (MainThread) [custom_components.multisplit_zone_controller.dispatch] Dispatched hvac_mode=off to climate.fake_head_bedroom (zone bed_zone, re-asserted)
2026-05-04 11:59:13.295 INFO (MainThread) [homeassistant.helpers.script.fake_living_aux_heater_turn_off] Fake Living Aux Heater turn_off: Running template script
2026-05-04 11:59:13.295 INFO (MainThread) [homeassistant.helpers.script.fake_living_aux_heater_turn_off] Fake Living Aux Heater turn_off: Executing step call service
2026-05-04 11:59:13.296 DEBUG (MainThread) [custom_components.multisplit_zone_controller.aux_heat_dispatch] Aux heat for zone living_room_zone -> OFF (entity switch.fake_head_living_heater)
2026-05-04 11:59:13.296 DEBUG (MainThread) [custom_components.multisplit_zone_controller.coordinator] Finished fetching multisplit_zone_controller[unit_1] data in 0.005 seconds (success: True)
2026-05-04 11:59:43.292 DEBUG (MainThread) [custom_components.multisplit_zone_controller.units] Unknown temperature unit '%'; treating value 45.0 as Celsius
2026-05-04 11:59:43.293 DEBUG (MainThread) [custom_components.multisplit_zone_controller.units] Unknown temperature unit '%'; treating value 45.0 as Celsius
2026-05-04 11:59:43.298 DEBUG (MainThread) [custom_components.multisplit_zone_controller.dispatch] Dispatched hvac_mode=off to climate.fake_head_living (zone living_room_zone, re-asserted)
2026-05-04 11:59:43.298 DEBUG (MainThread) [custom_components.multisplit_zone_controller.dispatch] Dispatched hvac_mode=off to climate.fake_head_bedroom (zone bed_zone, re-asserted)
2026-05-04 11:59:43.304 INFO (MainThread) [homeassistant.helpers.script.fake_living_aux_heater_turn_off] Fake Living Aux Heater turn_off: Running template script
2026-05-04 11:59:43.304 INFO (MainThread) [homeassistant.helpers.script.fake_living_aux_heater_turn_off] Fake Living Aux Heater turn_off: Executing step call service
2026-05-04 11:59:43.305 DEBUG (MainThread) [custom_components.multisplit_zone_controller.aux_heat_dispatch] Aux heat for zone living_room_zone -> OFF (entity switch.fake_head_living_heater)
2026-05-04 11:59:43.305 DEBUG (MainThread) [custom_components.multisplit_zone_controller.coordinator] Finished fetching multisplit_zone_controller[unit_1] data in 0.014 seconds (success: True)
2026-05-04 12:00:13.292 DEBUG (MainThread) [custom_components.multisplit_zone_controller.units] Unknown temperature unit '%'; treating value 45.0 as Celsius
2026-05-04 12:00:13.294 DEBUG (MainThread) [custom_components.multisplit_zone_controller.units] Unknown temperature unit '%'; treating value 45.0 as Celsius
2026-05-04 12:00:13.302 DEBUG (MainThread) [custom_components.multisplit_zone_controller.dispatch] Dispatched hvac_mode=off to climate.fake_head_living (zone living_room_zone, re-asserted)
2026-05-04 12:00:13.303 DEBUG (MainThread) [custom_components.multisplit_zone_controller.dispatch] Dispatched hvac_mode=off to climate.fake_head_bedroom (zone bed_zone, re-asserted)
2026-05-04 12:00:13.305 INFO (MainThread) [homeassistant.helpers.script.fake_living_aux_heater_turn_off] Fake Living Aux Heater turn_off: Running template script
2026-05-04 12:00:13.305 INFO (MainThread) [homeassistant.helpers.script.fake_living_aux_heater_turn_off] Fake Living Aux Heater turn_off: Executing step call service
2026-05-04 12:00:13.306 DEBUG (MainThread) [custom_components.multisplit_zone_controller.aux_heat_dispatch] Aux heat for zone living_room_zone -> OFF (entity switch.fake_head_living_heater)
2026-05-04 12:00:13.306 DEBUG (MainThread) [custom_components.multisplit_zone_controller.coordinator] Finished fetching multisplit_zone_controller[unit_1] data in 0.015 seconds (success: True)
2026-05-04 12:00:43.298 DEBUG (MainThread) [custom_components.multisplit_zone_controller.units] Unknown temperature unit '%'; treating value 45.0 as Celsius
2026-05-04 12:00:43.301 DEBUG (MainThread) [custom_components.multisplit_zone_controller.units] Unknown temperature unit '%'; treating value 45.0 as Celsius
2026-05-04 12:00:43.321 DEBUG (MainThread) [custom_components.multisplit_zone_controller.dispatch] Dispatched hvac_mode=off to climate.fake_head_living (zone living_room_zone, re-asserted)
2026-05-04 12:00:43.322 DEBUG (MainThread) [custom_components.multisplit_zone_controller.dispatch] Dispatched hvac_mode=off to climate.fake_head_bedroom (zone bed_zone, re-asserted)
2026-05-04 12:00:43.323 INFO (MainThread) [homeassistant.helpers.script.fake_living_aux_heater_turn_off] Fake Living Aux Heater turn_off: Running template script
2026-05-04 12:00:43.323 INFO (MainThread) [homeassistant.helpers.script.fake_living_aux_heater_turn_off] Fake Living Aux Heater turn_off: Executing step call service
2026-05-04 12:00:43.324 DEBUG (MainThread) [custom_components.multisplit_zone_controller.aux_heat_dispatch] Aux heat for zone living_room_zone -> OFF (entity switch.fake_head_living_heater)
2026-05-04 12:00:43.324 DEBUG (MainThread) [custom_components.multisplit_zone_controller.coordinator] Finished fetching multisplit_zone_controller[unit_1] data in 0.027 seconds (success: True)
2026-05-04 12:01:13.297 DEBUG (MainThread) [custom_components.multisplit_zone_controller.units] Unknown temperature unit '%'; treating value 45.0 as Celsius
2026-05-04 12:01:13.299 DEBUG (MainThread) [custom_components.multisplit_zone_controller.units] Unknown temperature unit '%'; treating value 45.0 as Celsius
2026-05-04 12:01:13.311 DEBUG (MainThread) [custom_components.multisplit_zone_controller.dispatch] Dispatched hvac_mode=off to climate.fake_head_living (zone living_room_zone, re-asserted)
2026-05-04 12:01:13.312 DEBUG (MainThread) [custom_components.multisplit_zone_controller.dispatch] Dispatched hvac_mode=off to climate.fake_head_bedroom (zone bed_zone, re-asserted)
2026-05-04 12:01:13.319 INFO (MainThread) [homeassistant.helpers.script.fake_living_aux_heater_turn_off] Fake Living Aux Heater turn_off: Running template script
2026-05-04 12:01:13.319 INFO (MainThread) [homeassistant.helpers.script.fake_living_aux_heater_turn_off] Fake Living Aux Heater turn_off: Executing step call service
2026-05-04 12:01:13.320 DEBUG (MainThread) [custom_components.multisplit_zone_controller.aux_heat_dispatch] Aux heat for zone living_room_zone -> OFF (entity switch.fake_head_living_heater)
2026-05-04 12:01:13.320 DEBUG (MainThread) [custom_components.multisplit_zone_controller.coordinator] Finished fetching multisplit_zone_controller[unit_1] data in 0.026 seconds (success: True)
2026-05-04 12:01:43.296 DEBUG (MainThread) [custom_components.multisplit_zone_controller.units] Unknown temperature unit '%'; treating value 45.0 as Celsius
2026-05-04 12:01:43.300 DEBUG (MainThread) [custom_components.multisplit_zone_controller.units] Unknown temperature unit '%'; treating value 45.0 as Celsius
2026-05-04 12:01:43.317 DEBUG (MainThread) [custom_components.multisplit_zone_controller.dispatch] Dispatched hvac_mode=off to climate.fake_head_living (zone living_room_zone, re-asserted)
2026-05-04 12:01:43.317 DEBUG (MainThread) [custom_components.multisplit_zone_controller.dispatch] Dispatched hvac_mode=off to climate.fake_head_bedroom (zone bed_zone, re-asserted)
2026-05-04 12:01:43.318 INFO (MainThread) [homeassistant.helpers.script.fake_living_aux_heater_turn_off] Fake Living Aux Heater turn_off: Running template script
2026-05-04 12:01:43.319 INFO (MainThread) [homeassistant.helpers.script.fake_living_aux_heater_turn_off] Fake Living Aux Heater turn_off: Executing step call service
2026-05-04 12:01:43.320 DEBUG (MainThread) [custom_components.multisplit_zone_controller.aux_heat_dispatch] Aux heat for zone living_room_zone -> OFF (entity switch.fake_head_living_heater)
2026-05-04 12:01:43.320 DEBUG (MainThread) [custom_components.multisplit_zone_controller.coordinator] Finished fetching multisplit_zone_controller[unit_1] data in 0.027 seconds (success: True)
